ligand_id,ligand_id,smiles,predicted_vina_mean,predicted_vina_std,predicted_gnina_mean,predicted_gnina_std,final_score,rank_confidence,mean_rank,std_rank,SA,QED
Z18361360,Z18361360,COc1ccc(CC(=O)OCC(=O)NCCc2ccccc2)cc1,-0.6665586,0.44507796,9.018183e-05,0.39821488,-0.8890976,0.334546512046674,923882.35,150261.8727376559,1.652378623388012,0.754607450179901
Z220061488,Z220061488,O=C(CCN1CCN(Cc2ccc(Br)s2)CC1)Nc1ccccc1F,-0.08256496,0.3704282,8.498728e-05,0.46536627,-0.26777905,0.4972272841862643,698024.5,186772.9877379221,2.062653159253566,0.7636872669557029
Z647109354,Z647109354,Cc1nn2c(=O)cc(CN(C)C(C)c3ccc(Cl)cc3)nc2s1,0.8829691,0.2436766,8.174777e-05,0.40708226,0.7611308,0.8041190261821587,271951.35,92612.7517933006,2.9093808246624224,0.7254996494169486
Z1476785262,Z1476785262,C=CC(=O)NCCC(=O)Nc1cccc2c1CCCC2,-0.81724656,0.59896314,7.685423e-05,0.2963159,-1.1167281,0.3045447833759499,965535.25,194949.5380037806,2.145513366241641,0.8072767593020712
Z241072976,Z241072976,COC(=O)C1CCN(Cc2csc(-c3ccc(C(F)(F)F)cc3)n2)CC1,-0.03640802,0.5262086,7.457733e-05,0.74930346,-0.2995123,0.5181080059062917,669034.75,211377.93569596496,2.190351512645959,0.7407797248702126
Z600390068,Z600390068,Cc1ccccc1S(=O)(=O)Cc1ccccc1C(=O)O,-1.0652022,0.5137049,6.9420785e-05,0.36348563,-1.3220546,0.2403359023301041,1054679.65,143487.26352407556,1.8607415296571723,0.9393317089083286
Z26489976,Z26489976,Cc1c(C(=O)N2CCC(C)CC2)oc2ccc(Br)cc12,-0.5504185,0.27993643,6.864071e-05,0.5523654,-0.6903867,0.3591608023913278,889709.1,123386.3184603139,2.1364556305562736,0.7744896979965694
Z203868922,Z203868922,O=C(Cc1ccc(F)cc1)NCc1ccc(Cn2ccnc2)cc1,-0.3605514,0.31887668,6.4709784e-05,0.31108472,-0.5199897,0.4138385493571506,813797.25,123365.08981996284,1.902999397396611,0.7580290501119943
Z2865986383,Z2865986383,Cc1ccc(C=CS(=O)(=O)N2CCNC(=O)C2)cc1,-0.6546763,0.76597875,6.0616432e-05,0.6006131,-1.0376657,0.3583075953469946,890893.65,246620.82977138716,2.403237042218276,0.8872393278569566
Z1203102675,Z1203102675,Cc1noc(C)c1C(=O)N[C@@H](CC(C)C)C(=O)OCc1ccccc1,0.42351684,0.47197184,5.7327747e-05,0.26652226,0.18753092,0.6559440342853027,477670.1,223038.6424534771,2.5399375846879746,0.7802650764915878
Z195699774,Z195699774,CCc1ccc(NCC(=O)N2CCN(S(C)(=O)=O)CC2)cc1,-1.1622283,0.2427379,5.6383014e-05,0.2704731,-1.2835974,0.2078310224367053,1099807.8,61666.01792121816,1.9743528653834783,0.8678415582897998
Z335258860,Z335258860,CNc1cc(OC)c(OC)c(OC)c1,-6.5332274,1.0170364,5.537582,1.163549,-7.0417457,0.0011874887456332,1386701.35,2058.9992296016044,1.8120461727366717,0.7978857554672878
Z2230838004,Z2230838004,CN1CCC(=O)Nc2cc(C(=O)N3CCC(CO)(c4ccccc4)CC3)ccc21,0.12063311,0.33594257,5.405396e-06,0.22971088,-0.047338173,0.5666610724961285,601626.1,144832.58467344288,2.544352039222801,0.8409255375773311
Z57899732,Z57899732,COc1cc(C#N)cc(OC)c1OC,-5.8591967,1.0648221,5.338666,1.3785048,-6.3916078,0.0021187020563978,1385408.5,2717.3522130927377,1.8420886828581313,0.7309138593832541
Z2733485248,Z2733485248,COc1cc(Br)c(OC)c(OC)c1,-5.8847647,0.82936794,5.181353,1.3052773,-6.2994485,0.0017823315446393,1385875.5,2329.4382262683,1.752610299459377,0.8206637640503738
Z45649688,Z45649688,CCCNC(=O)c1ccccc1NS(=O)(=O)c1c(C)n[nH]c1C,1.0284463,0.5324015,5.020052e-05,0.4149143,0.76224554,0.8183955774840639,252130.5,219420.6248324209,2.153087025721087,0.749884978056274
Z381040662,Z381040662,c1ccc2c(c1)OCCOCCOc1ccccc1OCCOCCO2,-6.891967,3.2277195,4.997236,2.2596169,-8.505827,0.0096483235495372,1374954.75,23080.991159122696,2.3025660888212673,0.7200114201669487
Z57900336,Z57900336,COc1cc(OC)c(OC)cc1C#N,-5.610542,0.81790555,4.98899,1.2110434,-6.0194945,0.0024514711708142,1384946.5,3689.6157862303226,1.8472226909552951,0.7309138593832543
Z57931197,Z57931197,CN(C)c1nc(N(C)C)nc(N(C)C)n1,-5.205835,1.2014877,4.8039274,1.8987923,-5.8065786,0.0037983577628118,1383076.55,4035.272251967641,2.365282665481141,0.7033804434333938
Z45628207,Z45628207,CCCOc1ccccc1NS(=O)(=O)c1ccc(S(=O)(=O)N2CCCC2)cc1,-0.018146066,0.46851745,4.7034024e-05,0.6621687,-0.25240478,0.5237904346886592,661145.55,173840.51435309174,1.9700065709528296,0.7030206544282872
Z1269241582,Z1269241582,COc1cc(Br)c(OC)cc1Br,-4.78152,0.7322668,4.6366267,1.4380584,-5.147653,0.0050591349443585,1381326.15,5559.83465828796,1.8825665614078364,0.8339121966805909
Z44611069,Z44611069,CCCNC(=O)N1CCCCCCC1,-4.8161287,1.5759702,4.6234465,1.6370409,-5.6041136,0.0144018799294126,1368355.15,30766.100993260425,1.7152582779998298,0.7255809549609477
Z1269206754,Z1269206754,COc1cc(F)c(Br)c(OC)c1,-5.138683,1.4732586,4.604368,1.6387581,-5.8753123,0.004255267043613,1382442.2,4113.51613100034,2.0091333883309144,0.7838182712835443
Z18364264,Z18364264,COC(=O)c1cc(OC)c(OC)c(OC)c1,-5.1776586,0.6970954,4.523573,1.1288539,-5.526206,0.0030045017466777,1384178.7,3199.244115412264,1.6215563465469014,0.7280380918950724
Z2169606640,Z2169606640,CCOc1cc(N(C)C)cc(N(C)C)c1,-4.7948856,0.4117012,4.520656,1.5346824,-5.000736,0.0037691864443403,1383117.05,3316.1370369000138,2.1202296572654546,0.7542632805796168
Z432100232,Z432100232,COc1cc(OC)c2c(c1)OCCC2=O,-4.89799,1.6836338,4.5071063,1.6441383,-5.739807,0.0095818777685742,1375047.0,17706.23090327244,2.187406745177544,0.7411522799009458
Z105009720,Z105009720,C#CCNC(=O)CN1CCCCCCC1,-4.764291,1.520092,4.501672,1.5142673,-5.524337,0.0129569993157345,1370361.15,26648.987485972146,2.0472268576232366,0.7018232694232875
Z54794538,Z54794538,CCOc1ccc(C#N)cc1OC,-5.22144,0.98105425,4.4991293,0.97793347,-5.711967,0.0039819209853423,1382821.7,4984.723754632749,1.6617820577011333,0.7083521108955553
Z90122579,Z90122579,COc1cc(OC)c(OC)cc1CO,-5.5404234,0.87563276,4.489644,0.8756394,-5.97824,0.0022949544423236,1385163.8,3305.5250354520085,1.7090599379188607,0.789425356631236
Z406520390,Z406520390,COc1cc(OC)c(OC)cc1N,-5.207612,1.156121,4.482749,1.0020511,-5.7856727,0.0044898620664818,1382116.5,6404.737227240475,1.6754397500088256,0.7173450122688151
Z1269223989,Z1269223989,Nc1c(Br)cncc1Br,-2.7462332,0.5259623,4.442085,1.4445235,-3.0092144,0.0426820326286599,1329092.4,39000.59805746573,2.714922237994788,0.7679799818187163
Z56944509,Z56944509,CNCc1ccc(OC)c(OC)c1OC,-4.8309455,1.1281219,4.4384456,1.4336395,-5.395006,0.0069839377678538,1378653.85,17720.212414852707,1.8877443758395653,0.799471112533526
Z1269166464,Z1269166464,Nc1c(Br)cccc1Br,-3.017139,0.9315439,4.3893456,1.671103,-3.4829109,0.0431318111427234,1328467.95,60848.15801934763,2.1643010841486348,0.7045577245854464
Z102767670,Z102767670,CNCc1cc(OC)cc(OC)c1,-5.1335287,1.7910414,4.3620687,1.4951771,-6.0290494,0.012593906435697,1370865.25,28554.141578543386,1.745612826931902,0.7617141845150504
Z389861018,Z389861018,COc1cc(OC)c(CN)c(OC)c1,-4.8183913,0.8710266,4.33835,0.9600498,-5.253905,0.0051355205819857,1381220.1,6438.435601137903,1.9635595330605575,0.7868394421637319
Z533996776,Z533996776,CC(NC(=O)Nc1ccc(N2CCOCC2)nc1)c1nncn1C,-0.8364123,0.3336529,4.3368338e-05,0.25835696,-1.0032388,0.2829306731011632,995543.2,101669.09126504476,2.8430709919662327,0.8649037472055311
Z2050110979,Z2050110979,COc1cc(C=O)c(OC)c(OC)c1OC,-4.51624,0.37632382,4.3316393,0.87716645,-4.704402,0.0057528361004068,1380363.05,7121.919632198892,2.1088314807150574,0.712551529053645
Z44611068,Z44611068,CCCCNC(=O)N1CCCCCCC1,-4.3293934,1.4257442,4.3296933,1.4121529,-5.0422654,0.0183127813591673,1362925.45,37784.261753374245,1.7187155874980142,0.7167756459543517
Z85923173,Z85923173,COc1cc(C#N)ccc1OC(F)F,-4.921579,0.880051,4.324463,1.1427097,-5.361604,0.0050682104656606,1381313.55,6878.992066247787,1.9661611524937577,0.7486244118423137
Z330914644,Z330914644,COc1cc(C(C)N)cc(OC)c1OC,-4.972362,1.0005729,4.3147697,1.2076417,-5.4726486,0.004494327799186,1382110.3,5532.710774114258,2.3137954204925055,0.8236731686030468
Z448098876,Z448098876,CC(C)NC(=O)OCC(F)(F)F,-5.30087,1.2083137,4.2950044,1.1562713,-5.905027,0.0026976626931249,1384604.7,2598.8710260418848,2.213343099869377,0.7103119060333601
Z56989641,Z56989641,CCOc1c(Cl)cc(C#N)cc1OC,-4.3665495,0.7270541,4.2949314,1.2961632,-4.730077,0.0073796593078114,1378104.45,8380.638128895675,1.98302795411319,0.7720052445503226
Z1226793701,Z1226793701,C=C(Br)CNC(C)(C)C(=O)OC,-4.7791433,1.136622,4.291576,0.9284938,-5.347454,0.0072225303417725,1378322.6,11604.195997138277,2.9769169460232234,0.7502864520544554
Z1263129694,Z1263129694,C#CCN(C)c1cc(OC)c(OC)c(OC)c1,-4.7227583,0.87115705,4.285783,0.8283244,-5.1583366,0.0068437713832967,1378848.45,11754.335210785,2.417603036690055,0.7279100706653558
Z1219738605,Z1219738605,COc1cc(O)cc(OC)c1OC,-5.5610948,0.80074215,4.279866,0.403389,-5.961466,0.0036993913638492,1383213.95,7344.076337259846,1.7324107390198158,0.7712681798352244
Z57756597,Z57756597,COc1cc(C#N)cc(Cl)c1OC,-4.2391553,0.6948089,4.2637215,1.0207518,-4.58656,0.0078556199805525,1377443.65,8461.636852731272,1.9586964533055298,0.730321077950834
Z56173976,Z56173976,CNCc1ccc(OC)c(OC)c1,-5.0045996,1.2227284,4.2515674,1.1911428,-5.615964,0.0060874419274679,1379898.5,11814.20867218791,1.5301897500088266,0.7617141845150504
Z1544712728,Z1544712728,CN(C)c1ccc(C#N)cc1Br,-3.9162152,0.8541523,4.250653,1.6046852,-4.3432913,0.0151463968019591,1367321.5,22312.569841907494,2.2278766575616835,0.7331449353411562
Z55292532,Z55292532,O=C(NCCCl)OCC(F)(F)F,-4.943349,1.2885263,4.2381935,0.8325442,-5.587612,0.0047802427341807,1381713.35,5599.34232097842,2.44981054403811,0.7096960274579629
Z425841796,Z425841796,CCOc1c(OC)cc(CN)cc1OC,-4.7735777,1.1699114,4.238019,1.3143685,-5.3585334,0.006725681564447,1379012.4,11566.216859457549,1.8285436253705214,0.8026633106056643
Z1269212576,Z1269212576,COc1cc(OC)c(OC)cc1I,-4.492046,1.2695401,4.210246,1.6088201,-5.126816,0.0067753808477689,1378943.4,5379.762758709719,1.844501288470365,0.8007489259290402
Z3243491618,Z3243491618,CN(C)c1ccc(C#N)c(Br)c1,-4.055195,0.9587244,4.200163,1.4899417,-4.534557,0.012382360355818,1371158.95,20079.9768263686,2.3429598306386072,0.7331449353411562
Z808597868,Z808597868,FC(F)(F)COCCCN1CCNCC1,-4.927611,0.9572191,4.198439,0.65671504,-5.4062204,0.0038220549573234,1383043.65,3075.383216365076,2.3277375144083123,0.7036492038188126
Z838204250,Z838204250,COCCCNC(=O)OCC(F)(F)F,-5.1381297,1.1017072,4.1932135,0.75450015,-5.6889834,0.0034448445997046,1383567.35,3296.889538261784,2.1528036626152147,0.7031989320798896
Z442350448,Z442350448,COc1cc(C)c(Br)cc1OC,-4.773725,1.2456769,4.186459,0.9533969,-5.3965635,0.0059031944394424,1380154.3,7610.670680695624,1.6392377152539925,0.7785798898372389
Z275747624,Z275747624,O=C(Nc1nccs1)N1CCCCCC1,-4.338393,1.6144836,4.1658735,1.7140208,-5.145635,0.0280662296971224,1349384.25,62150.331630551256,1.9973862656570631,0.7979638266603015
Z228585338,Z228585338,COc1cc(CO)cc(OC)c1OC(F)F,-5.0764337,0.53551763,4.1598043,0.9418254,-5.3441925,0.0031927827997262,1383917.3,4390.340204357744,2.066797133666757,0.8434196983922053
Z3919190219,Z3919190219,COc1cc(OC)cc(OS(=O)(=O)F)c1,-4.9079847,0.7861313,4.1512475,0.6905086,-5.30105,0.0044340043937046,1382194.05,4993.264077484787,2.3587642726500704,0.7371327107406328
Z1535581716,Z1535581716,CNC(=O)CCN1CCCSCC1,-4.5854597,0.66026276,4.149031,0.76254696,-4.9155912,0.0050681744516871,1381313.6,4492.2181091305,2.3261303944994705,0.7256564523589843
Z2736561843,Z2736561843,CNCc1cc(OC)c(OC)cc1OC.Cl,-5.612506,1.8848752,4.127185,1.4263725,-6.5549436,0.0073121691216192,1378198.15,15247.334220364555,1.9121517720516295,0.862250141062713
Z1535580893,Z1535580893,c1csc(CN2CCCSCC2)n1,-3.7834754,1.2641716,4.125862,1.2232089,-4.415561,0.0281338999531818,1349290.3,53460.643396895255,2.5576776198313116,0.7496762242993995
Z1269124531,Z1269124531,COc1cc(Br)c(OC)cc1C,-4.802161,0.9927806,4.125588,1.273532,-5.2985516,0.0050486548780926,1381340.7,5126.551112590218,1.7432526191001454,0.7785798898372389
Z2235409284,Z2235409284,Br.Br.Br.NCc1cc(CN)cc(CN)c1,-4.6379,1.9615837,4.1176705,1.9195069,-5.618692,0.0294444844599705,1347470.75,67363.87963506482,2.639283737124849,0.7144424807696796
Z432083190,Z432083190,COc1ccc(N)c(OC)c1OC,-4.57052,0.90287983,4.111545,0.68962157,-5.02196,0.0068097381784132,1378895.7,8614.619789056274,1.8797100796791568,0.7173450122688151
Z1831379493,Z1831379493,CCN1CCCN(CCCC(C)O)CC1,-4.885768,0.9028879,4.1082225,0.7028319,-5.337212,0.0040053660820399,1382789.15,3049.122714404916,2.457573552360639,0.7441608572699739
Z56957486,Z56957486,CNCc1ccc(OC)cc1OC,-5.061359,1.1161382,4.1003428,1.2174101,-5.619428,0.0042100334929953,1382505.0,5079.964133731654,1.6596128269319053,0.7617141845150504
Z57756803,Z57756803,CCOc1cc(C#N)cc(Br)c1OCC,-4.03316,0.9911545,4.092022,1.372892,-4.5287375,0.0137006878668923,1369328.65,13920.801048341293,2.1134164208677078,0.8436764996886833
Z1201626608,Z1201626608,COc1c(N)cc(F)c(OC)c1F,-4.0197372,1.2021466,4.087987,1.5427259,-4.6208105,0.0176303885907731,1363872.85,27099.395846171552,2.42281441064231,0.7178534782498708
Z368591468,Z368591468,COc1cc2c(c(OC)c1OC)CCNC2,-4.1330595,1.1239238,4.0873,1.2806793,-4.6950216,0.0114117117441566,1372506.55,12987.459195219824,2.334474629194487,0.8395098761631669
Z55292548,Z55292548,CCCCNC(=O)OCC(F)(F)F,-4.67365,0.7558492,4.078824,0.8092941,-5.051574,0.0045665718298699,1382010.0,3816.4173513912233,2.080537487565387,0.7036730006241404
Z299596134,Z299596134,CCOc1ccc(Br)cc1OCC,-4.2647552,0.70023924,4.0780063,1.2038425,-4.614875,0.0072529261353405,1378280.4,6559.541092180153,1.587801288470363,0.8101228760426724
Z56944546,Z56944546,CCOc1ccc(CNC)cc1OC,-4.7518167,1.2043763,4.0774217,1.1729627,-5.354005,0.0075873158785609,1377816.15,11274.698369690428,1.6040379821418416,0.7769486857204698
Z3243515426,Z3243515426,COc1cc(Br)cc(C(F)F)c1OC,-4.3946395,0.85379577,4.0657063,1.4873048,-4.8215375,0.0063495876400042,1379534.55,4819.033061465754,2.290449400660954,0.8350815014943901
Z1671921340,Z1671921340,c1csc(CN2CCCSCC2)c1,-3.9011397,1.5570995,4.06228,1.3605127,-4.6796894,0.0433365505816256,1328183.7,91535.55631561976,2.278453951192258,0.7428936013253291
Z85928741,Z85928741,CNCc1cc(OC)c(OC)cc1C,-4.241423,1.4903848,4.0558863,1.5214828,-4.9866157,0.0197207476500882,1360970.7,37147.50219611004,1.8148591282022597,0.7933329583013257
Z55292546,Z55292546,CC(C)(C)NC(=O)OCC(F)(F)F,-4.835037,0.6124313,4.052359,0.7852014,-5.141253,0.0037418518385133,1383155.0,3505.5240977634144,2.335827730778057,0.701595780006128
Z56889007,Z56889007,COc1cc(C(C)=O)cc(OC)c1OC,-4.134239,0.7239193,4.043417,1.0197055,-4.4961987,0.0089577195952028,1375913.55,8336.538373179841,1.663451964957762,0.7119882449248542
Z594273880,Z594273880,COc1cc(N2CCNCC2)cc(OC)c1OC,-4.1189647,0.5183298,4.040899,0.6551014,-4.3781295,0.0076725969676234,1377697.75,5291.788382720912,2.0100651997475705,0.8696338986259159
Z111479830,Z111479830,CCOc1c(Cl)cc(CO)cc1OC,-4.3426833,0.5764803,4.040868,0.75278217,-4.6309233,0.0068050203478949,1378902.25,5768.384512799055,1.8391299784046886,0.8391561402902262
Z2511829864,Z2511829864,CNc1ccc(OC)c(C#N)c1,-4.9218864,1.2932148,4.037947,1.0999869,-5.568494,0.0055940504915907,1380583.5,8246.120078558157,2.0036758271421036,0.7180753820350116
Z28259401,Z28259401,COc1cc(NC(C)=O)cc(OC)c1OC,-4.6334615,0.54652804,4.0321236,0.758835,-4.9067254,0.0049712608492095,1381448.15,5330.350825930692,1.6679506220388518,0.8464157695284139
Z850796830,Z850796830,CCCN1CCCN(c2nccs2)CC1,-3.662101,1.3863738,4.017213,1.2772275,-4.355288,0.0311524831634674,1345099.45,48573.10081153456,2.103287314608112,0.7847738639882689
Z4913683373,Z4913683373,CC(=O)NCCN1CCCCCC1.O=C(O)C(F)(F)F,-5.563106,2.131829,4.015835,1.3692161,-6.6290207,0.0153453379911405,1367045.3,39891.49226351403,2.025361357521616,0.8306886707967199
Z286407122,Z286407122,CCNc1ccc(OC)c(OC)c1,-4.7590647,0.8310879,4.013097,1.2195052,-5.1746087,0.0041997695105701,1382519.25,3456.822542089773,1.5505743653934427,0.7714980218583455
Z54550648,Z54550648,COc1cc(C#N)ccc1OC(C)C,-4.3412094,1.1147357,3.989593,0.86497724,-4.898577,0.0125068606619367,1370986.1,18369.47059362354,1.8208785614006402,0.7360471551343036
Z756475458,Z756475458,COCC(C)NC(=O)OCC(F)(F)F,-4.9751005,0.94325584,3.987493,0.6919314,-5.446728,0.0035389130982821,1383436.75,3167.4535651687147,2.7552336566114963,0.7686452167172967
Z54604504,Z54604504,CCCOc1ccc(C#N)cc1OC,-4.454285,0.60036623,3.9861588,0.9141553,-4.7544684,0.0068353801274894,1378860.1,7215.681942131318,1.7346072129110741,0.7332007460136457
Z26769888,Z26769888,O=C(NCCc1ccc(F)cc1)c1ccc(I)cc1,-0.7490348,0.80538845,3.9850922e-05,0.7055179,-1.1517291,0.3389298087658011,917796.8,251281.36968816447,1.6285386871142613,0.8229077139278009
Z138799194,Z138799194,CN1CCCN(Cc2cscn2)CC1,-3.9060802,1.5495912,3.9846566,1.3451239,-4.680876,0.0385433788309863,1334838.3,85620.75790315104,2.266277959050486,0.7344221768578648
Z1508917174,Z1508917174,COc1ccc(OC)c(C(=O)O)c1OC,-5.120618,0.5621269,3.9822526,0.6213964,-5.4016814,0.0032670075989483,1383814.25,4240.514177254923,1.819660811111607,0.8169397956928361
Z111519466,Z111519466,COc1cc(OC)c(OC)cc1CNC(C)(C)C,-4.214886,0.39649364,3.9800904,0.76680106,-4.413133,0.0072778117909748,1378245.85,6466.067145297828,1.9095779259919148,0.8752750705452215
Z427899164,Z427899164,COc1cc(OC)cc(OCCO)c1,-5.3610535,0.6075386,3.9788346,0.4137549,-5.6648226,0.0027130406597759,1384583.35,3225.7626582716844,1.75871727208267,0.7685475802681957
Z1539229232,Z1539229232,C=C(Br)CSCCN1CCOCC1,-4.0647492,0.3736191,3.9766052,0.3904828,-4.251559,0.0090880901789893,1375732.55,9941.909522194415,2.7129507687198444,0.7057854805580697
Z17855305,Z17855305,COc1cc(OC)cc(OCC(N)=O)c1,-4.692747,0.64862186,3.9750283,0.6057403,-5.017058,0.0053259624734397,1380955.7,5406.736891138683,1.7783496291228662,0.7723991853617097
Z2015191409,Z2015191409,CC(C)SCCN1CCCN(C(N)=O)CC1,-3.9242396,1.0173157,3.9742997,1.0590181,-4.4328976,0.0152796845175928,1367136.45,20538.91302254089,2.3828390347888924,0.8098413539750051
Z1203161909,Z1203161909,COc1cc(CC#N)cc(OC)c1,-4.3215427,1.5436196,3.9625134,0.91308624,-5.0933523,0.0115262001656641,1372347.6,15058.185140978976,1.9863705192395962,0.7061631529403658
Z30272383,Z30272383,CNC(=O)c1cc(OC)c(OC)cc1OC,-4.2591276,1.1147897,3.9624386,1.4375963,-4.8165226,0.0120045017466776,1371683.55,21802.896164214057,1.6929219994985996,0.8324157033579234
Z600417182,Z600417182,NCc1ccc2c(c1)OCCCO2,-5.237596,1.9003824,3.9617455,1.7031261,-6.187787,0.0146057190189794,1368072.15,47188.34744963527,1.96188387956348,0.7064578083449659
Z45637955,Z45637955,COc1cc(NS(C)(=O)=O)cc(OC)c1OC,-4.058514,0.33308658,3.9586976,0.6000134,-4.2250576,0.0081010912233946,1377102.85,6770.091087090335,1.8605219664559414,0.858288730042843
Z1671920356,Z1671920356,c1cc(CN2CCCSCC2)cs1,-3.739172,1.5674416,3.958608,1.2385646,-4.522893,0.051915547232326,1316273.05,109954.47732333367,2.3803722943875236,0.7428936013253291
Z1269229836,Z1269229836,COc1cc(OC(F)F)ccc1Br,-4.428782,1.3083285,3.9443169,1.3765147,-5.0829463,0.0130282349551625,1370262.25,22292.252692078924,1.955733376382451,0.8236300399136225
Z858038256,Z858038256,CCC(C)NC(=O)OCC(F)(F)F,-4.6271987,0.60167974,3.9409099,0.7696441,-4.9280386,0.0047316238700615,1381780.85,4054.943332218097,2.6467428209281856,0.7551356884204427
Z1226828573,Z1226828573,C=C(Br)CN(C)CCCNC(C)=O,-4.0633116,0.70571566,3.9389808,0.5749108,-4.416169,0.0113999711888211,1372522.85,14637.685924609124,2.6374135056649344,0.7205816875645918
Z2082999354,Z2082999354,Cl.Cl.Cl.NCCNCCN1CCCCCC1,-6.4721007,2.677051,3.9381785,1.5449467,-7.810626,0.0076223214607267,1377767.55,17260.433249125006,2.3727357173745993,0.758150734207997
Z57046942,Z57046942,COc1ccc(OC)c(S(=O)(=O)Cl)c1,-4.1337934,0.5830459,3.9367054,0.78419274,-4.4253163,0.0079154031764325,1377360.65,7438.0497731260175,1.809808236419789,0.7489348919546488
Z1249994307,Z1249994307,CNCc1cc(OC)c(OC)cc1SC,-4.0527816,0.85109264,3.9358501,0.8266128,-4.4783278,0.0115940504915907,1372253.4,22324.15545860582,2.1709860268714607,0.7807544393255036
Z1269170964,Z1269170964,COc1ccc(Br)c(OC(F)F)c1,-4.509713,0.8228589,3.9345424,1.153942,-4.9211426,0.0073893830806353,1378090.95,9619.084673060115,1.9850753544044295,0.8236300399136225
Z1450922891,Z1450922891,COC(=O)c1cc(Br)c(OC)c(OC)c1,-4.43843,0.5605003,3.93419,0.6512516,-4.71868,0.0058509021500342,1380226.9,5178.132616107857,1.7872573495731476,0.793552137700263
Z56007122,Z56007122,CCNCC(=O)N1CCCCCC1,-4.3445916,1.2798218,3.9317863,1.1655207,-4.9845023,0.0144856124176181,1368238.9,27616.176525543862,1.8645520161210918,0.7093773974438384
Z733881160,Z733881160,N#CCc1cc(Br)c2c(c1)OCCCO2,-3.9774616,0.9505956,3.9290676,1.3190134,-4.4527593,0.0118353441135161,1371918.4,11671.555326519258,2.570804675154543,0.7859123219643681
Z1269173224,Z1269173224,FC(F)Oc1cc(Br)ccc1Br,-3.6309738,0.79947734,3.9185243,1.2779052,-4.0307126,0.0170802751467569,1364636.6,22664.10761402266,2.2006776191001443,0.8068995771486802
Z56778459,Z56778459,CC(C)(C)c1ccc2c(c1)OCCOCCOCCOCCO2,-4.4854836,1.8673072,3.9150302,1.6578892,-5.419137,0.034906831850758,1339887.1,77972.37150484779,2.7760708159211642,0.7342131124127089
Z409512732,Z409512732,O=C(Nc1nncs1)N1CCCCCC1,-3.850307,1.9191297,3.9137654,1.810727,-4.8098717,0.0808323189397486,1276126.45,224009.88674665123,2.1988666852374816,0.7958244165223104
Z2738282597,Z2738282597,C=CC(=O)Nc1ncc(OC)s1,-4.4226103,1.1745669,3.9116123,1.2461556,-5.009894,0.0099006374473296,1374604.45,14821.676964753347,2.838502400568675,0.7196862810263444
Z1535579525,Z1535579525,CC(C)(C)OCCN1CCCSCC1,-4.1977983,0.60796636,3.8958237,0.8648244,-4.5017815,0.0073095040875859,1378201.85,5763.456777620528,2.504485319419949,0.7192061649949921
Z235598856,Z235598856,CCN(CC)C(=O)c1ccsc1,-3.3322437,1.0416535,3.8932946,1.2436236,-3.8530705,0.0332150034213275,1342235.95,54885.92670573669,2.099684218750495,0.7033696253928573
Z104655746,Z104655746,COc1cc(NCCCO)cc(OC)c1OC,-4.6274786,0.67179173,3.892989,0.32173735,-4.9633746,0.0056761983649656,1380469.45,5850.715524403832,1.9097094623642885,0.7084831375145673
Z381422944,Z381422944,OCc1cc(Br)c2c(c1)OCCCO2,-5.419015,1.1548673,3.8910549,1.0552341,-5.9964485,0.002218892930457,1385269.4,1757.8539586666466,2.348422124153677,0.8389162503583604
Z30272314,Z30272314,CNC(=O)c1cc(OC)c(OC)c(OC)c1,-4.1949053,1.0342348,3.8874195,1.3616449,-4.712023,0.0114816868945151,1372409.4,15857.717482033786,1.6877892624681898,0.8324157033579234
Z2713330537,Z2713330537,CC(=O)NCCN1CCCCC1.CC(=O)O,-5.308732,1.5819322,3.8872948,0.93015593,-6.099698,0.007651132639464,1377727.55,20676.784913218497,1.8143155083153637,0.7484846569090622
Z24889283,Z24889283,CCOc1c(Br)cc(C(=O)OC)cc1OC,-4.1081586,0.5836608,3.8857307,0.6727582,-4.399989,0.0093397198112867,1375383.2,9890.629037629507,1.8170962392123755,0.799289372368815
Z838210676,Z838210676,CC(C)CNC(=O)OCC(F)(F)F,-4.419805,0.6421095,3.8844655,0.7163964,-4.74086,0.0058024993697554,1380294.1,4349.658859037108,2.203540449309525,0.7537145198633995
Z31432049,Z31432049,CC(=O)NCC(=O)N1CCCCCC1,-4.2703238,1.2222403,3.8836217,1.1573422,-4.881444,0.0149667230885583,1367570.95,27196.4664092139,1.7919231892424339,0.7031299150830501
Z57041988,Z57041988,COc1cc(CCl)c(OC)cc1Br,-3.7152653,0.72185946,3.881925,1.042409,-4.076195,0.0151224835236072,1367354.7,20651.29676097848,2.0483048049538812,0.7814944447965326
Z239626488,Z239626488,COc1ccc(CN)c(OC)c1OC,-4.3888345,0.5434244,3.8818824,1.0015472,-4.660547,0.005980624482299,1380046.8,5740.434030628694,1.8829202618054985,0.7868394421637319
Z56347473,Z56347473,COc1cc(C#N)cc(Cl)c1OC(C)C,-3.4789307,1.0717744,3.8800254,1.0078353,-4.0148177,0.0311347282745704,1345124.1,54273.46675945806,2.1138811957269947,0.7942822164457755
Z1082815974,Z1082815974,NS(=O)(=O)CCCN1CCCCCCC1,-4.320866,1.2859701,3.8696148,1.0403932,-4.963851,0.013724060935643,1369296.2,20915.56641738397,1.9895649869357843,0.7868383853139223
Z1172299392,Z1172299392,C1CCN(CCN2CCSCC2)CC1,-4.1762285,1.1722988,3.8678448,0.98580503,-4.7623777,0.0117606151186661,1372022.15,11999.408140716774,2.1304553109668642,0.7032121914585454
Z90566838,Z90566838,CN1CCC(NC2CCSCC2)CC1,-4.390719,1.242684,3.8668602,1.1148075,-5.012061,0.0099109014297548,1374590.2,11946.719719655266,2.558580398074877,0.7509493882467123
Z55292544,Z55292544,CCOC(=O)CNC(=O)OCC(F)(F)F,-5.148629,0.9627869,3.8656247,0.68747336,-5.6300225,0.0030933122051356,1384055.4,2818.6528590800253,2.1691366690997747,0.7252140024060875
Z44603627,Z44603627,CCNC(=O)Nc1cc(OC)cc(OC)c1,-4.922274,0.59542495,3.8654778,0.6763374,-5.2199864,0.0046360787985738,1381913.5,5791.307611412124,1.7393170068168633,0.8200516413939881
Z211779400,Z211779400,C=CCNC(=O)NC(C)c1ccc2ccccc2c1,-0.8386302,0.6973867,3.8611888e-05,0.8997314,-1.1873236,0.308349299528217,960253.25,215359.9709098409,2.385382783674645,0.8067540136838723
Z2061775956,Z2061775956,CNCCNCCN1CCCCC1.Cl.Cl.Cl,-6.550415,2.8103142,3.858268,1.5117357,-7.955572,0.0051341160370222,1381222.05,11133.909836508468,2.431747349644768,0.7279835264350171
Z736883376,Z736883376,O=C(O)CCNC(=O)OCC(F)(F)F,-5.4064054,0.8805487,3.853698,0.47571906,-5.8466797,0.002227860409839,1385256.95,2297.992895441585,2.1526344318459856,0.7250201578570393
Z69116985,Z69116985,CCC(=O)NCCCN1CCCCCC1,-4.146707,1.193885,3.850597,1.0322453,-4.7436495,0.0143535851910541,1368422.2,20266.999125672257,1.7651646035981905,0.7045334504477594
Z1269228197,Z1269228197,COc1cc(Br)cc(F)c1C#N,-3.8865466,0.95136654,3.849126,1.3248287,-4.36223,0.0129872510534088,1370319.15,11952.17247731558,2.2446348306386064,0.7417982091889309
Z32016574,Z32016574,CNC(=O)c1cc(OC)cc(OC)c1,-4.550367,1.3031615,3.848734,1.2091471,-5.2019477,0.0108922101775488,1373227.8,18220.55245759579,1.6517332172710866,0.7841726904251466
Z850046162,Z850046162,COc1cc(CC#N)cc(Cl)c1OC,-3.3039346,0.40982804,3.8460708,0.76835024,-3.5088487,0.0200171786653222,1360559.15,17277.598945672402,2.0913449581617733,0.771303369259231
Z8886253952,Z8886253952,C#CCN1CCC(CN)CC1.Cl.Cl,-6.381833,2.4820352,3.8457363,1.3422378,-7.6228504,0.0060670220045376,1379926.85,13701.913239672043,2.803334854903932,0.713739184832805
Z1147474006,Z1147474006,COc1cc(OC)c(Br)cc1N,-4.366972,1.2135099,3.8437877,1.3718189,-4.9737267,0.0134353729246947,1369697.0,26712.60025905378,1.9514295421770704,0.7933085580311356
Z851820872,Z851820872,CCCCCNC(=O)OCC(F)(F)F,-4.2556686,0.5747215,3.841746,0.7592083,-4.5430293,0.0066631252926134,1379099.25,4709.96161210471,2.0487778829894356,0.7122134581630639
Z32014566,Z32014566,COc1cc(OC)cc(C(=O)N(C)C)c1,-3.949578,0.7519144,3.8402355,0.89741975,-4.3255353,0.0107411675730183,1373437.5,9713.536171240628,1.7178015803423783,0.7550474534793952
Z57756799,Z57756799,CCOc1ccc(C#N)cc1Cl,-3.9115727,0.9298222,3.8400211,0.8377776,-4.376484,0.0179501566607844,1363428.9,32124.25704028032,1.7572436593099354,0.7028566999933235
Z1416179328,Z1416179328,COc1cc(Br)c(OC)cc1N,-4.40337,0.9853914,3.8353913,1.2310947,-4.8960657,0.0097090070947527,1374870.5,15233.67120394818,1.9327415614078376,0.7933085580311356
Z820608894,Z820608894,CC(C)OCCN1CCC(N)CC1,-4.635293,0.7703462,3.8353226,0.4503676,-5.0204663,0.0056015774120358,1380573.05,7324.674398736097,2.200274365393442,0.7066665584665509
Z90664461,Z90664461,COc1cc(Br)c(S(=O)(=O)Cl)cc1OC,-3.337487,0.8097259,3.832838,1.4068419,-3.7423499,0.0246904238844671,1354071.05,33504.64102102125,2.057039627679657,0.8037828427097832
Z46160504,Z46160504,CC(C)NC(=O)CN1CCCCCC1,-4.2485476,1.3226762,3.8327637,1.0946963,-4.9098854,0.0179959664349766,1363365.3,34751.97683744049,1.682105437763143,0.7429243778790382
Z1459938514,Z1459938514,CN(CCC(=O)O)CC(F)(F)F.Cl,-5.4668236,1.9183768,3.8202453,1.3840606,-6.426012,0.0090114884575215,1375838.9,18384.650695349097,2.458587144549769,0.7797890513664506
Z318727810,Z318727810,O=C1OCCN1CCN1CCCCCCC1,-4.8029485,1.4220066,3.8200867,0.92806405,-5.513952,0.0098724385061402,1374643.6,17051.258048601576,2.1314479843499683,0.7340884973846253
Z1416008874,Z1416008874,COCC(C)CN(C)C(=O)NC(C)(C)C,-4.068256,0.73268825,3.8180695,0.64486355,-4.4346,0.0114240645370404,1372489.4,14471.08478794869,2.934967768670644,0.7769733702983743
Z432060940,Z432060940,NCc1cccc2c1OCCCO2,-5.151725,1.623271,3.8124657,1.4016149,-5.9633603,0.0073182554831274,1378189.7,16214.91735439931,2.2426948107375715,0.7064578083449659
Z32014565,Z32014565,COc1ccc(C(=O)N(C)C)c(OC)c1,-4.0762978,0.85239273,3.8068557,1.2028054,-4.5024943,0.0114626355025749,1372435.85,17790.075939340448,1.6401488880346875,0.7550474534793952
Z196117852,Z196117852,COCCNc1ccc(C#N)cc1,-4.3455496,1.0077139,3.8000693,0.7883742,-4.8494067,0.0076076997875175,1377787.85,6974.848975246705,1.806053887222964,0.708805209829509
Z1269184066,Z1269184066,COc1cc(N)cc(OC)c1Br,-4.3137903,0.93176603,3.8000412,1.2900627,-4.7796736,0.0081140562538264,1377084.85,9361.868949494004,2.0697016575616836,0.7933085580311356
Z56989564,Z56989564,CN(C)CCCNCc1cccs1.Cl.Cl,-5.017582,1.9275427,3.7968228,1.3304697,-5.9813533,0.0090091115352757,1375842.2,15272.830777560524,2.3023260182122005,0.8001243655501047
Z8753648287,Z8753648287,C#CCN1CCN(CCN)CC1.Cl.Cl.Cl,-6.345278,2.645716,3.794463,1.263258,-7.6681356,0.0057499549825331,1380367.05,12603.174883635473,2.8033667986375956,0.7604784828647544
Z32014564,Z32014564,COc1cccc(C(=O)N(C)C)c1OC,-3.99488,0.70720774,3.7914944,1.1165236,-4.348484,0.0102722296250945,1374088.55,9673.831854415292,1.731737734188533,0.7550474534793952
Z293451952,Z293451952,COC(=O)c1cc(OC)cc(Br)c1OC,-4.2448397,0.57210267,3.7911162,0.5939383,-4.530891,0.0079108654157813,1377366.95,7522.613877336787,1.9449719649577641,0.793552137700263
Z2010041822,Z2010041822,CN1CCCN(CCSC(C)(C)C)CC1=O,-3.7805371,0.5372753,3.7900567,0.5069543,-4.049175,0.0124123239817048,1371117.35,11448.389870523277,2.64030482597445,0.7545332607111809
Z1189765801,Z1189765801,CCN1CCCN(CC2CCOCC2)CC1,-4.2941823,1.0345006,3.7887433,0.6991035,-4.811433,0.0102194331400582,1374161.85,14366.16427330204,2.090372043269772,0.7240716023486978
Z3919192056,Z3919192056,COc1cc(Br)ccc1OS(=O)(=O)F,-4.1306887,0.7409665,3.7864795,0.9939914,-4.501172,0.0080936003169229,1377113.25,6662.989560812774,2.355934223945777,0.7975143256622088
Z32781730,Z32781730,COCC(=O)NC(C)c1cccs1,-3.6403255,1.3105854,3.7848842,1.0649782,-4.295618,0.033343069110815,1342058.15,61103.88375813356,2.435308205543569,0.7990283808433056
Z1037335934,Z1037335934,CCN(CC)CC#CCOc1c(OC)cccc1OC,-4.1637692,0.587752,3.7835221,1.2240901,-4.4576454,0.0089445384809305,1375931.85,12645.978057370652,2.3399273338529767,0.7162759510598695
Z4966336381,Z4966336381,CN1CCN(CCOCCN)CC1.Cl.Cl.Cl,-6.82819,3.0645754,3.7783153,1.3652695,-8.360477,0.0064847480822559,1379346.9,14866.964615885789,2.4798407830406397,0.7492861072277834
Z55997155,Z55997155,CC(C)NCC(=O)N1CCCCCC1,-4.130954,1.1385897,3.7778347,1.0951608,-4.7002487,0.0148944430439009,1367671.3,21550.961981081025,1.863411946638882,0.7429243778790382
Z3919171807,Z3919171807,COc1cccc(OC)c1OS(=O)(=O)F,-4.4185443,0.66091,3.7773552,1.4988877,-4.748999,0.0055724421075377,1380613.5,3315.7936983473505,2.273291964957762,0.7371327107406328
Z4877271213,Z4877271213,CC(C)N1CCCN(CCC(=O)O)CC1.O=C(O)C(F)(F)F,-5.47906,1.2842836,3.7740245,0.5279635,-6.121202,0.0034537400511398,1383555.0,6940.024250678091,2.190582972571372,0.8141280968029531
Z285143782,Z285143782,COc1ccc(CCN)c(OC)c1OC,-4.0712953,0.55752194,3.7736554,1.1060003,-4.350056,0.0088716822126985,1376033.0,8980.996765393027,1.9211406234943489,0.7950998224200284
Z4966524078,Z4966524078,COc1cc(OC)cc(C(C)N)c1.Cl,-5.522489,1.7866739,3.7726464,1.2671615,-6.415826,0.0070966615046637,1378497.35,14596.24839564948,2.456299041226881,0.8440018742044338
Z1037335932,Z1037335932,COc1cccc(OC)c1OCC#CCN1CCOCC1,-4.532461,0.5648296,3.7722988,0.9631765,-4.814876,0.0051780530845968,1381161.05,4864.308157127794,2.2965061677209455,0.7673817781938221
Z3247551105,Z3247551105,O=Cc1ccc2c(c1)OCCOCCOCCOCCOCCO2,-5.403865,2.144377,3.771645,1.9793253,-6.476053,0.0132325782403571,1369978.55,29451.86593829837,2.9259103061119767,0.7143531552291628
Z56957557,Z56957557,CNCc1ccc(OC(F)F)c(OC)c1,-4.194454,0.9600091,3.766826,1.0365134,-4.6744585,0.0100099758706379,1374452.65,11239.184700301888,1.8925331188039163,0.8179966164647106
Z19221314,Z19221314,COC(=O)COc1ccc(Br)cc1,-4.574202,0.84381014,3.7665195,0.72615474,-4.996107,0.0060427846004249,1379960.5,8963.906483782615,1.5468628269319034,0.7637742653412111
Z825644630,Z825644630,COc1cc(OC)cc(N2CCCNCC2)c1,-4.2041984,0.85036004,3.76621,0.7403806,-4.6293783,0.0093389635178449,1375384.25,11074.659989701717,2.004439580270697,0.8621393728375122
Z1623070108,Z1623070108,CN(C)CCCN(C)C(=O)NC(C)(C)C,-3.9960525,0.73045594,3.765492,0.8201531,-4.3612804,0.0115464760327007,1372319.45,13290.323714925082,2.2703436451197057,0.7687325084554173
Z1269154044,Z1269154044,Cc1cc(OC(F)F)ccc1Br,-3.63882,0.9972363,3.7651699,0.80394965,-4.1374383,0.0194620232650268,1361329.9,24946.91970143809,1.9561502152539916,0.765713612121713
Z57899775,Z57899775,CCCOc1c(Cl)cc(C#N)cc1OC,-3.6748958,0.9623917,3.7604566,1.085199,-4.1560917,0.023436669427738,1355811.7,43646.831020247046,2.0215286159896575,0.7911970530256673
Z3445707891,Z3445707891,CN(C)CCNC(=O)OCC(F)(F)F.Cl,-5.4571266,1.9632056,3.756987,1.2499961,-6.4387293,0.0081436597399791,1377043.75,16419.502388546982,2.385160561631359,0.81678693922899
Z403316270,Z403316270,CSCC(=O)NC1CCCCNC1=O,-4.297289,1.4746555,3.7560456,1.2998328,-5.0346165,0.0209017898944791,1359331.0,40944.24520979719,2.832279514599662,0.7050069557019176
Z230665282,Z230665282,O=C1NCCCCC1N1CCCCCC1,-4.1286354,1.8263512,3.7548268,1.642683,-5.041811,0.0410853531170094,1331309.15,91578.00614791468,2.5905938820309675,0.711620108574355
Z594273992,Z594273992,COc1ccc(N2CCNCC2)c(OC)c1,-4.1454263,0.31377414,3.750726,0.43130806,-4.3023133,0.0077530881982209,1377586.0,8584.986703542412,1.8474899469202377,0.8304832792424253
Z1373674915,Z1373674915,CCOc1c(OC)cccc1C(=O)OC,-4.3226366,0.70707023,3.7494926,1.2488827,-4.676172,0.0072543666942774,1378278.4,7856.128476546191,1.6744325559521354,0.7116150035305107
Z1688699502,Z1688699502,CCNC(=O)NC(C)(C)CS(C)(=O)=O,-4.079993,1.2919188,3.749412,0.96394336,-4.725952,0.0163611121114992,1365635.05,23167.64939193228,2.6052208054723582,0.7095922199274011
Z994264686,Z994264686,CC(C#N)CNC(=O)OC(C)(C)C,-4.0099382,0.8080332,3.7438493,0.66883975,-4.4139547,0.0129279000252097,1370401.55,15632.323466059035,2.762408555193918,0.7096371333961452
Z316120802,Z316120802,COc1cc(C)c(S(=O)(=O)Cl)cc1OC,-3.3771412,0.9495131,3.7428532,1.4203016,-3.8518977,0.0261667086829689,1352021.45,33212.7256010027,1.955536669099775,0.7696649268910273
Z446768228,Z446768228,CCC(CC)N(C)C(=O)NC(C)COC,-3.763604,0.5200757,3.7417455,0.5479445,-4.0236416,0.0127226563906795,1370686.5,12653.045655098222,2.9065853021493098,0.7359265958877982
Z2018518757,Z2018518757,CN(CCSC(C)(C)C)CC(=O)N(C)C,-4.026296,0.6042738,3.7408462,0.62467355,-4.328433,0.0113972701408145,1372526.6,16952.402040418936,2.6297715803423785,0.7181868787889674
Z1504675096,Z1504675096,FC(F)Oc1c(Br)cccc1Br,-2.9307227,0.73938364,3.739196,0.95222,-3.3004146,0.0409312493247379,1331523.1,47639.66142816298,2.2663213691001456,0.8068995771486802
Z410516696,Z410516696,Cc1cnc(NC(=O)N2CCCCCC2)s1,-3.9506633,1.2707978,3.7385926,1.1883454,-4.5860624,0.0245135592609931,1354316.6,47324.34650621179,2.083979244579103,0.8186940423019495
Z1824236891,Z1824236891,CCN(CC)CCCN1CCCN(C(N)=O)CC1,-3.8148506,0.8703267,3.7374816,0.94839466,-4.250014,0.0153109086325493,1367093.1,19156.874844034453,2.1038908106073,0.7647750195806985
Z274404284,Z274404284,COc1cc(CN2CCNCC2)cc(OC)c1OC,-3.826606,0.6658837,3.7364311,0.7810001,-4.159548,0.0120413440414881,1371632.4,10643.191271418553,1.9566438153193904,0.8648076979782772
Z1245635926,Z1245635926,COc1cc(OC)c(C2CCCN2)c(OC)c1,-3.737739,1.5205531,3.735848,1.2744205,-4.4980154,0.0328388014549645,1342758.25,54685.02187059543,2.6590484989137604,0.8705444712716871
Z55671973,Z55671973,FC(F)Oc1ccc(Br)cc1Cl,-3.1731398,0.79845685,3.7334971,0.9701169,-3.5723681,0.0315998847552849,1344478.3,43301.381137441786,1.909484349869377,0.7847096212405829
Z335451466,Z335451466,CCNC(=O)CN1CCCNCC1.Cl.Cl,-6.1860595,2.313076,3.7311358,1.2401448,-7.3425975,0.0060724961284978,1379919.25,13334.226088809954,2.2864206927684148,0.7630021977877502
Z1198343771,Z1198343771,COc1ccc2c(c1OC)OCC2=O,-4.163536,1.10229,3.728704,1.4388696,-4.714681,0.0109538300860734,1373142.25,13709.06011685338,2.2773444910175815,0.7109383358564071
Z2941211647,Z2941211647,O=S(=O)(F)Oc1cncc(Br)c1,-3.3226376,0.8530815,3.7281914,1.0676284,-3.7491784,0.0283594554687219,1348977.15,46015.01210287247,2.9711208883309137,0.7509845608217044
Z432982644,Z432982644,C#CCNC(=O)CN1CCCCCCC1=O,-3.9524224,1.6716561,3.7246253,1.5471921,-4.7882504,0.03791853639212,1335705.8,74469.33537678445,2.288090013809871,0.7080485491011272
Z57011404,Z57011404,CCOc1ccc(N)cc1OC.Cl,-5.404664,2.1040223,3.7245317,1.2993841,-6.456675,0.009799294126121,1374745.15,19943.729669434957,1.7288248178821295,0.7656751062272941
Z1447464389,Z1447464389,c1ncc(CNC2CCSCC2)s1,-3.1109967,0.92650044,3.7242355,0.93968624,-3.574247,0.0382098174091548,1335301.4,60760.262294035565,2.9026279156892993,0.8341247063297266
Z52080890,Z52080890,COc1ccc(OC)c(C(=O)N(C)C)c1,-4.063061,0.52138746,3.7233078,0.77539,-4.323755,0.0082871033961176,1376844.6,6168.502738914849,1.6428835034193021,0.7550474534793952
Z425389698,Z425389698,CCOc1ccc(CN)cc1OC.Cl,-5.27192,1.9165066,3.7230363,1.2410396,-6.2301736,0.0096572910289192,1374942.3,19103.15357761645,1.7266078206193711,0.8389807080709506
Z382843900,Z382843900,O=C(CSC(F)(F)F)N1CCCCCC1,-3.3149502,0.810395,3.720488,0.9720532,-3.7201476,0.0245747470018368,1354231.65,26644.637307111163,2.227137246383654,0.7404108618634638
Z295205444,Z295205444,COc1cccc(OC)c1OCC#N,-4.808038,1.0300765,3.7202415,1.0991046,-5.3230762,0.0066995714337163,1379048.65,12607.337753368076,1.8806344318459836,0.7284295181489147
Z3234811795,Z3234811795,C1CCCN(CC2CCCN2)CC1.Cl.Cl,-6.1706476,2.3501158,3.720208,1.2742268,-7.3457055,0.0069145028270969,1378750.25,14970.79905641312,2.839117990848978,0.8150198420099075
Z1623070143,Z1623070143,CC(C)NC(=O)N(C)CCCN(C)C,-4.117447,0.6381073,3.7147255,0.63985425,-4.4365005,0.0089705045557676,1375895.8,9565.006187138615,2.151626739538292,0.7196968050977883
Z382716056,Z382716056,CCOc1cc(N)c(Br)cc1OCC,-3.7744827,0.76246804,3.7110143,1.1278131,-4.155717,0.0164914826952857,1365454.05,21946.37510040098,1.967553055327766,0.8463940577413435
Z234895739,Z234895739,CCOc1c(Cl)cc(CN)cc1OC,-3.622479,0.67459315,3.7029731,1.0287471,-3.9597754,0.0158785248676486,1366305.05,18105.967887619263,1.889154674760963,0.8377562819853739
Z279985510,Z279985510,COCC(=O)Nc1sccc1C#N,-3.7309654,0.6915501,3.7027855,0.6305789,-4.0767403,0.0132133827925234,1370005.2,12021.627912225533,2.2293782115472887,0.7897789162099808
Z332369820,Z332369820,N#Cc1ccc(NC(=O)N2CCCCCC2)cc1,-3.8544526,0.8871272,3.7008865,1.0550617,-4.298016,0.0156537256455505,1366617.15,20160.722217408285,1.7538941242167674,0.8239833036757704
Z56921109,Z56921109,COc1cc(OC)c(C(C)=O)cc1Cl,-3.609471,0.48684523,3.699585,0.8903959,-3.8528936,0.0145804011956638,1368107.3,16166.218939813973,1.7684868226983745,0.7258577518651976
Z2429432735,Z2429432735,Fc1nccnc1N1CCCCCCC1,-3.73375,2.254484,3.699201,1.7555777,-4.860992,0.1141537436525372,1229864.65,264885.3726790656,2.257693957964756,0.710751819245978
Z382716026,Z382716026,COc1cc(S)c(Cl)cc1OC,-3.6384125,0.67753756,3.696857,0.8728716,-3.9771812,0.0147838801454963,1367824.8,12359.053861845572,2.246460792177068,0.7471545441054145
Z3277762287,Z3277762287,CCOc1cc(CNC)ccc1OC.Cl,-5.173766,1.7956275,3.6959426,1.2697539,-6.07158,0.0097915151078619,1374755.95,20098.11517151546,1.767831195726993,0.8432926372519945
Z1689351735,Z1689351735,COCCOc1ccc(OC)cc1Br,-4.4783063,0.67543244,3.6940398,0.6266285,-4.8160224,0.0069306370871897,1378727.85,7622.002389628333,1.7194971537394732,0.7619431184441005
Z1269199489,Z1269199489,COc1cc(Br)c(I)cc1OC,-3.6498172,1.4550594,3.6919513,1.6867251,-4.377347,0.0416369791479093,1330543.3,84540.94307085768,2.0589405998693753,0.7689299445370132
Z57313863,Z57313863,COc1cc(OC)c(C=O)cc1Br,-3.9539666,0.45849535,3.6916816,0.8787216,-4.183214,0.0102338027154537,1374141.9,13188.90116309922,2.071791837920914,0.7660682846180933
Z1203159865,Z1203159865,CC(C)(C)Oc1ccc(Br)cc1,-3.6206048,0.62239766,3.6911323,0.9222483,-3.9318037,0.0171624950480786,1364522.45,28438.950218802027,1.6934583883309138,0.7139980048361418
Z2218556206,Z2218556206,Cl.Fc1cc2c(cc1Br)NCCO2,-5.3229246,2.3492389,3.6906052,1.6397413,-6.4975443,0.0106393560701552,1373578.85,19195.20420905962,2.780129420338497,0.7811017694832997
Z28880091,Z28880091,CSCC(=O)NC(C)c1cccs1,-2.9351737,1.048052,3.6878467,1.1070349,-3.4591997,0.0488177692944862,1320573.85,61147.59824823458,2.621673590158954,0.8346461235870035
Z90513715,Z90513715,CCNCc1cc(OC)c(OC(F)F)c(OC)c1,-4.040895,0.6274671,3.6861928,1.0849801,-4.3546286,0.0084859725573522,1376568.5,5277.156786566039,2.0968295547203297,0.8178790509440406
Z5102256186,Z5102256186,CNCc1cc(OC)c(C)cc1OC.Cl,-4.9449086,1.7225547,3.6857772,1.3271788,-5.8061857,0.0092401411747758,1375521.45,15828.207013035304,2.0153201010524384,0.8616333391353959
Z55672072,Z55672072,Fc1cc(Br)ccc1OC(F)F,-3.6577039,0.767328,3.6830482,0.98085207,-4.041368,0.0155664998019231,1366738.25,14694.024261158003,1.9407809844847606,0.7719704466000377
Z1142739380,Z1142739380,COc1ccc(C#N)c(Cl)c1OC,-3.6438344,0.81195647,3.6796768,0.6958016,-4.049813,0.0196253106205207,1361103.2,25585.875503097406,2.1242292005582772,0.730321077950834
Z1101435075,Z1101435075,CNCc1ccc(OC)c(C)c1.Cl,-5.574716,2.4410589,3.6790633,1.4622831,-6.7952456,0.0092466236899917,1375512.45,17640.946322334865,1.808489071275794,0.8094518106799076
Z1222331414,Z1222331414,Cl.NCc1cc(Br)c2c(c1)OCCO2,-5.632606,2.5511332,3.6768355,1.904798,-6.9081726,0.0094463932005617,1375235.1,18704.40633888176,2.488875322534243,0.8566684717991947
Z205078686,Z205078686,CCNc1c(C#N)c(=O)n(C)c(=O)n1C,-2.8578641,0.48736414,3.675343,0.9664309,-3.1015463,0.0351114632477401,1339603.0,27695.408146478,2.579043177975514,0.7025550102726613
Z2001927248,Z2001927248,CC(C)COCCN1CCCN(C(N)=O)CC1,-3.9575202,0.8597123,3.6745498,0.7309251,-4.3873763,0.0124185904130803,1371108.65,14608.198380618329,2.1560207553266437,0.7247466273169754
Z2310159695,Z2310159695,COc1cc(O)c(Br)c(F)c1,-4.519742,0.78232604,3.673067,0.74429256,-4.910905,0.0057662693124933,1380344.4,5812.092509587231,2.2835101506208364,0.7877455425874084
Z88268819,Z88268819,COc1cc(OC)c(OC)cc1CNC(C)=O,-4.2874727,0.7081105,3.6704907,0.74464226,-4.641528,0.0085160082111859,1376526.8,9862.025555635111,1.7573311303355386,0.8422620701945183
Z727801992,Z727801992,COC(=O)C(C)Nc1ccc(OC)cc1,-4.793529,0.9574245,3.6655154,1.079827,-5.272241,0.0047091151366729,1381812.1,4588.664063755376,2.0782448201172716,0.7661329380951274
Z90124530,Z90124530,COc1cc(Br)c(CC#N)cc1OC,-3.5980887,0.96654546,3.6629624,0.8240507,-4.0813613,0.0201081139482119,1360432.9,26207.86939432505,2.1945097354897083,0.8339936777447133
Z166706614,Z166706614,O=C(Nc1cccnc1)N1CCCCCCC1,-3.8820138,1.7018292,3.662754,1.6528523,-4.7329283,0.0576265711095905,1308344.15,129628.07276407184,1.7734893510713263,0.8102632170530734
Z103746006,Z103746006,COCC(C)NC(=O)CN1CCCCCCC1,-4.119918,0.9514448,3.6600995,0.8357053,-4.59564,0.0123136096805561,1371254.4,18758.22777716488,2.295901383529145,0.7921894728758955
Z756355250,Z756355250,CCC(C#N)NC(=O)OC(C)(C)C,-3.9079075,0.78103673,3.6590397,0.51483065,-4.2984257,0.0143288075773398,1368456.6,17562.389798657812,2.829121841907206,0.7115036825813886
Z5089065337,Z5089065337,COc1cc(Br)cc2c1OCCNC2.Cl,-5.5671206,2.122962,3.658425,1.4606694,-6.6286016,0.007387834479778,1378093.1,14997.704327329566,2.67576951655251,0.8623868474821239
Z2733499726,Z2733499726,Cc1cc2c(c(Cl)c1Br)OCO2,-3.123701,0.7215047,3.6553986,0.58880067,-3.4844534,0.0355640868657037,1338974.6,57108.41027501991,2.738961141827419,0.7031374719744957
Z2724334722,Z2724334722,COc1cc(CN)ccn1.Cl.Cl,-6.27194,2.7885585,3.6539657,1.2855003,-7.6662197,0.0070440450894947,1378570.4,14926.169205124268,2.3900615614078387,0.8035522579344239
Z3538501737,Z3538501737,O=S(=O)(F)Oc1ccc(Br)cc1,-3.915935,1.0632818,3.6537595,1.1465472,-4.447576,0.015614326358627,1366671.85,22136.68159701223,2.301728580638608,0.7592836317855164
Z203975226,Z203975226,O=C(Cn1ccnc1)N1CCCCCCC1,-3.57934,0.9618988,3.65252,0.8747539,-4.0602894,0.0207147333165268,1359590.7,24614.055330440777,2.0438548583270553,0.7616815594106963
Z220398842,Z220398842,COC(=O)CSC1CCCCNC1=O,-4.3826914,1.6005489,3.6515694,1.1180675,-5.1829658,0.0169169157633162,1364863.4,31320.25582494498,2.982847561936941,0.7018419443504798
Z104494082,Z104494082,COc1ccc(Br)cc1S(=O)(=O)Cl,-3.4647832,0.48918995,3.6512902,0.81685066,-3.7093782,0.0161833111247164,1365881.9,12480.000544471142,1.9392252703708177,0.7837116064707852
Z2238930991,Z2238930991,CNCCc1ccccn1.Cl.Cl,-6.1674805,2.8869705,3.650053,1.2092688,-7.6109657,0.0072591565527424,1378271.75,15389.22753706306,2.203139080018259,0.8187703420978922
Z235342977,Z235342977,CC(C)(C)OC(=O)NCC#Cc1cccs1,-3.181891,0.716927,3.648454,0.93283844,-3.5403545,0.026468181654482,1351602.9,20274.743675075155,2.6030369368867934,0.762453701115828
Z1176312998,Z1176312998,CNS(=O)(=O)CCCN1CCCOCC1,-4.5123377,1.0563773,3.6481042,0.43704477,-5.0405264,0.0084825512298771,1376573.25,13770.6557573523,2.2950671847379827,0.7085529091629899
Z1269219817,Z1269219817,CCOc1cc(Cl)c(OCC)cc1Cl,-3.0313826,0.8400714,3.647657,0.7397338,-3.4514182,0.0391629632297331,1333978.1,45610.47050393144,1.7591720836678455,0.7898264143869863
Z1102998570,Z1102998570,O=C1NCCCCC1Nc1ncccn1,-3.6286988,1.276577,3.6458182,1.5179389,-4.2669873,0.0345950588828465,1340319.95,65605.04334765355,2.8257991267862117,0.7415153220890462
Z2065616396,Z2065616396,CNCCNCCN1CCCC1.Cl.Cl.Cl,-6.03996,2.3472142,3.6442177,1.2994733,-7.213567,0.006801094824792,1378907.7,14712.486333383626,2.478112471030636,0.7151417792161296
Z1681376074,Z1681376074,COC(=O)c1cc(F)c(Br)cc1OC,-4.1410646,0.4890143,3.6434102,0.5380154,-4.385572,0.00783559621133,1377471.45,7145.939850537507,1.8890905649021175,0.7682920756265214
Z1763606011,Z1763606011,CCC(=O)c1cc(OC)c(OC)c(OC)c1,-3.3321884,0.7952953,3.6422482,1.0565958,-3.729836,0.0253978823783627,1353088.85,27778.869075747127,1.780986757995917,0.7197801715497736
Z435651782,Z435651782,COc1ncccc1NC(=O)N1CCCCCC1,-3.9311554,1.1536005,3.6421921,1.4081924,-4.5079556,0.0194715309540102,1361316.7,30460.114758647906,1.9154095088321519,0.8757488037416735
Z1269221879,Z1269221879,COc1cc(Br)c(OC)c(C=O)c1,-3.6633022,0.55819756,3.640623,0.8263758,-3.942401,0.0160840205999928,1366019.75,20538.63567736426,2.1652612884703633,0.7660682846180933
Z734687968,Z734687968,COc1cc(NC(=O)C(C)OC)cc(OC)c1,-4.4797816,0.50210124,3.6399217,0.5053304,-4.730832,0.006678287175424,1379078.2,8297.252759799474,2.2895766761712846,0.8489046382087018
Z31432009,Z31432009,CC(=O)NC(C)C(=O)N1CCCCCC1,-4.0678225,1.0753105,3.6389859,0.97457886,-4.605478,0.0153889148989807,1366984.8,23197.30289193121,2.2813915368152067,0.7394571648235858
Z1269152182,Z1269152182,Cc1ccc(Br)cc1OC(F)F,-3.4844346,0.78527826,3.638929,0.97220916,-3.8770738,0.0193558180574061,1361477.35,19039.708309937418,1.9587982921770681,0.765713612121713
Z167742138,Z167742138,COc1cc(C#N)ccc1OCCO,-4.656306,0.737252,3.6381688,0.35263616,-5.024932,0.0057103035977958,1380422.1,5764.68852497687,1.84825928391699,0.772457497194361
Z1269120149,Z1269120149,COc1cc(C(C)=O)c(OC)cc1Br,-3.8939686,0.6770314,3.6380858,1.0494592,-4.2324843,0.0123292037310476,1371232.75,15710.977378492402,1.8635462821578344,0.7826319170332943
Z94601359,Z94601359,Cl.NCc1cc(Cl)c2c(c1)OCCCO2,-5.2082863,1.93389,3.6373363,1.3070749,-6.1752315,0.0099646342780997,1374515.6,19008.096944197227,2.40790047340054,0.8317236801273378
Z725146228,Z725146228,COc1ccc(C(C)(C)C#N)cc1OC,-3.1952622,0.573343,3.6365361,1.1096714,-3.4819336,0.0241246803759859,1354856.5,20820.229445181438,2.0139985034193018,0.7609644929394187
Z124096386,Z124096386,C=CCNC(=O)C(C)N1CCCCCCC1,-4.074246,1.1641821,3.6357567,1.0045372,-4.656337,0.0162935138833868,1365728.9,24721.95507013958,2.443839238575382,0.7402012792065599
Z266654348,Z266654348,COCCNc1ccc(OC)c(OC)c1,-4.4474797,0.7929634,3.6339912,0.6504367,-4.8439612,0.0060661216552021,1379928.1,5172.041066155604,1.6365408111116082,0.7277620601653292
Z737654020,Z737654020,CC(=O)NCC(C)CN1CCCC1,-3.8713257,0.90727776,3.6323705,0.72000104,-4.3249645,0.0148145640508517,1367782.2,20226.55020659727,2.4698774363127995,0.7023896303161278
Z51983095,Z51983095,CNC(=O)c1cc(OC)ccc1OC,-4.2578154,0.78324,3.6321602,0.7324046,-4.6494355,0.0074951561205747,1377944.1,6384.639761959949,1.5622251201050936,0.7841726904251466
Z56979308,Z56979308,CCOc1cc(C#N)cc(Br)c1O,-4.364723,1.1472471,3.6307933,1.020791,-4.938347,0.0114813627687542,1372409.85,16031.248320935583,2.233040189569266,0.8658232984760337
Z643322948,Z643322948,C#CCN1CCCN(Cc2cccs2)CC1,-3.1489606,1.2556642,3.6295211,1.106366,-3.7767928,0.0585361040083552,1307081.4,111986.88249629954,2.277085954890067,0.7369831140336116
Z914997950,Z914997950,COc1cc(CS(C)(=O)=O)cc(Br)c1OC,-3.4033337,0.9264989,3.629495,1.1158817,-3.866583,0.0236547700507797,1355508.9,25790.255089665163,2.1050616621615195,0.8535987835171105
Z235448548,Z235448548,CCCOc1c(Br)cc(CO)cc1OC,-3.9981155,0.7426667,3.627688,0.53605264,-4.3694487,0.0121026398242517,1371547.3,14410.978377958938,1.956340248259826,0.8975671408010935
Z89283375,Z89283375,OCc1cc(Cl)c2c(c1)OCCCO2,-5.172545,1.3703431,3.6273117,1.0132219,-5.8577166,0.0035581085461158,1383410.1,3374.620051205765,2.2315675087690607,0.7772802037304186
Z104510360,Z104510360,COc1cc(C(=O)O)cc(OC)c1Br,-5.0683527,0.7153934,3.623981,1.3486729,-5.426049,0.0029411171534555,1384266.7,2294.975448670421,1.856855221866775,0.9053326853563121
Z1232899632,Z1232899632,CSCC(C)NC(=O)OC(C)(C)C,-4.009803,0.7111172,3.6206264,0.54017717,-4.365361,0.0120436129218136,1371629.25,13523.790647873104,2.7984085551939177,0.7677672222976973
Z802671570,Z802671570,CCN1CCN(CCC(=O)O)CC1.Cl.Cl,-6.060795,2.3743606,3.619451,1.045873,-7.2479753,0.0053663701516187,1380899.6,10731.351105056625,2.0670748192087753,0.815747707333033
Z1422051900,Z1422051900,CC(C)N(CCS(C)(=O)=O)CC(C)(C)O,-3.5762596,0.62685245,3.6172643,0.47421107,-3.8896859,0.017907516116253,1363488.1,22750.139966382623,2.7576033890741876,0.7311997315880007
Z149266256,Z149266256,COc1cc(C#N)ccc1OCCCO,-4.6127977,0.85208154,3.616735,0.47397432,-5.0388384,0.0072814131883169,1378240.85,9608.427271281183,1.8570177341885312,0.739661139636049
Z3919186116,Z3919186116,CCc1cc(OC)c(OS(=O)(=O)F)c(OC)c1,-3.6033127,1.2269791,3.6162326,1.5329069,-4.216802,0.0278242157957286,1349720.25,45771.07700816641,2.404303504917479,0.7595169995146163
Z86135896,Z86135896,COc1cc(OC)c(OC)cc1CNCC(C)C,-3.7828803,0.4446548,3.6141765,0.61787516,-4.0052075,0.0125279288363884,1370956.85,11864.306693924427,1.8453494919259814,0.8099957844049746
Z397587468,Z397587468,COc1cccc(OC)c1CO,-4.538098,0.95540816,3.6132083,0.95585936,-5.015802,0.00660741167573,1379176.6,7744.919982801629,1.759807295673573,0.7365120467887684
Z813107468,Z813107468,C#CCN(CC)C(=O)Nc1nccs1,-3.245432,1.0815028,3.613171,1.426299,-3.7861834,0.0359987395109303,1338371.15,46901.53625445013,2.7123373904258656,0.7689253890234115
Z733881164,Z733881164,N#CCc1cc(Br)c2c(c1)OCCO2,-3.5509326,0.62403,3.6127458,0.9701478,-3.8629477,0.0162011740555334,1365857.1,13456.060229130964,2.541811354922908,0.7716094681964399
Z409972742,Z409972742,COc1ccc(OC)c(NC(=O)N2CCCCCC2)c1,-3.6362548,0.9921502,3.6120808,1.1260873,-4.13233,0.0222448590052939,1357466.35,30729.30641468336,1.7118955524764576,0.9238984352692189
Z104501472,Z104501472,COc1ccc(S(=O)(=O)Cl)cc1OC,-3.334423,0.8656577,3.6118424,1.0079159,-3.767252,0.026387402312097,1351715.05,33012.79228340887,1.7373180077295594,0.7489348919546488
Z1260735442,Z1260735442,COc1ccc(Br)cc1C(=O)N(C)C,-3.6632392,0.4942327,3.61129,0.707246,-3.9103556,0.0124315914574854,1371090.6,7373.815087185196,1.7437658247773786,0.813058897649196
Z2301500041,Z2301500041,C1COCCN(C2CCNCC2)C1.Cl.Cl,-6.4121156,2.3467317,3.6108353,1.4173331,-7.5854816,0.0070410919436741,1378574.5,16038.30070331642,2.5755909049202383,0.7660792884611142
Z1873915092,Z1873915092,COCOc1ccc(Br)c(C#N)c1,-4.0038943,0.49192747,3.6101322,0.51047796,-4.249858,0.009340079951021,1375382.7,8098.585815437163,2.3577051346242097,0.7634420482081481
Z1504680914,Z1504680914,COc1ccc2c(c1)OCCNC2=O,-4.3098936,2.0985389,3.6091225,1.7022984,-5.3591633,0.0609771311268773,1303692.4,159393.34387934773,2.1477186626152154,0.7178020428266432
Z2310151340,Z2310151340,COc1nccc(C#N)c1Br,-3.047507,0.92689294,3.608666,1.2038085,-3.5109534,0.0360550293513883,1338293.0,35065.63753306076,2.730501874758767,0.7129013244295996
Z111479840,Z111479840,CCOc1cc(CO)cc(Br)c1OC,-4.163756,0.4960622,3.608562,0.7200518,-4.411787,0.0086383476788994,1376356.95,10897.640944144749,1.9612348367042856,0.9036635564056614
Z208337234,Z208337234,COc1cc(OC)c(NC(=O)N(C)C)cc1Cl,-3.7388031,0.7517544,3.605791,0.64543474,-4.1146803,0.0171766125256599,1364502.85,24271.95646476608,1.944838889532864,0.9060728723234525
Z3919179190,Z3919179190,N#Cc1ccc(Br)c(OS(=O)(=O)F)c1,-3.5804703,0.95693177,3.6056786,1.0319376,-4.058936,0.0243330572262038,1354567.2,37749.48713241016,2.8236760118875637,0.7759688165382316
Z1222278702,Z1222278702,COc1cc(Br)c(CN)cc1OC.Cl,-5.009547,1.6218352,3.6041076,1.3542833,-5.820465,0.0082079446825368,1376954.5,15310.248719403611,2.1029613549229076,0.9253716959834576
Z1862017631,Z1862017631,COc1cc(OC)c(CO)cn1,-4.754025,1.4338578,3.6040657,0.8501234,-5.470954,0.0136511326394641,1369397.45,38342.89849564715,2.2333331697994474,0.7191123687236746
Z18487615,Z18487615,COC(=O)Cc1ccc(OC)c(OC)c1,-4.0339613,0.6956902,3.6028893,1.1615163,-4.3818064,0.0096201246083481,1374993.9,8714.47252505853,1.547159385220425,0.7048758566054186
Z85923163,Z85923163,CCNCc1ccc(OCC)c(OC)c1,-4.218905,0.826774,3.5994709,1.0259393,-4.632292,0.0088147081067453,1376112.1,9874.04531030722,1.6127518001225987,0.7788003558498596
Z53836337,Z53836337,CCOC(=O)c1cc(OC)c(OC)c(OC)c1,-4.429651,0.64801526,3.5991826,0.8081324,-4.7536583,0.0075730903590593,1377835.9,9627.76924785799,1.636731130335539,0.7354897718993704
Z3919193825,Z3919193825,O=S(=O)(F)Oc1ccc(Br)c(F)c1,-3.5819829,0.92645437,3.5960858,1.0427951,-4.04521,0.0200941405265242,1360452.3,26274.9600382189,2.5928411074748894,0.7755301754300429
Z228588208,Z228588208,CCN(CC)C(=O)CN1CCCNCC1,-3.9996078,0.8381322,3.5944343,0.8632051,-4.418674,0.0108954514351568,1373223.3,9049.23013907813,2.140511140781939,0.7219007004505265
Z433865656,Z433865656,COC(=O)N(C)CC(=O)N1CCCCCC1,-4.017473,1.0181102,3.5936673,0.8647644,-4.5265284,0.0147105196816365,1367926.65,22185.68708035656,2.0307250487749062,0.7104892971948348
Z228631002,Z228631002,CC(C)Nc1c(C#N)c(=O)n(C)c(=O)n1C,-2.8032253,0.60414845,3.593573,0.9708872,-3.1052995,0.0414462491446681,1330808.1,41859.83789732111,2.617008888106307,0.7495764902439911
Z32024606,Z32024606,CCNC(=O)c1cc(OC)cc(OC)c1,-4.2834353,1.2039328,3.5926566,1.2265728,-4.8854017,0.013427701948356,1369707.65,21747.84968054313,1.6480910925374985,0.8161038753892034
Z1422040254,Z1422040254,CCS(=O)(=O)CCN(CC(C)(C)O)C(C)C,-3.2143745,0.75089234,3.5911648,0.57265735,-3.5898206,0.0326755140994706,1342984.95,58608.84500779298,2.804287321502178,0.730276851331182
Z3919172297,Z3919172297,COc1ccc(OS(=O)(=O)F)cc1OC,-4.188298,0.8551154,3.5905862,0.58837545,-4.615856,0.0104157453091798,1373889.3,11756.87072353864,2.1533877341885326,0.7371327107406328
Z1465346855,Z1465346855,CCC(CC)N(C)CCC(=O)O.Cl,-5.01299,1.5482669,3.5896225,1.0977576,-5.7871237,0.0074961645118306,1377942.7,12534.08741432738,2.468789750008826,0.7277503093671868
Z1270387209,Z1270387209,Cl.O=C(O)CCCCN1CCCCC1,-5.209057,1.7033902,3.5895782,1.2460407,-6.060752,0.0088517304714229,1376060.7,17408.538615001547,1.8132923265828254,0.7236973721932448
Z909691934,Z909691934,O=C1OCCN1CCCN1CCCCCCC1,-4.308555,1.3286787,3.5874672,1.0242465,-4.9728947,0.0154879533258903,1366847.3,26458.68859202965,2.1229164279944026,0.7541021475560044
Z118255818,Z118255818,CCN1CCN(C(=O)C(F)(F)F)CC1.O=C(O)C(F)(F)F,-4.9694967,1.5621889,3.5852559,0.91892904,-5.7505913,0.0074302229264955,1378034.25,13900.97126777478,2.2792918452842397,0.7398006240183685
Z57349108,Z57349108,COc1cc(Br)cc(C=O)c1OC,-3.711513,0.4257521,3.5839596,0.81211454,-3.9243891,0.0121194943638132,1371523.9,9478.446776239238,2.0770850247340995,0.7660682846180933
Z1267887017,Z1267887017,CCNc1ncc(C(=O)OC)s1,-4.596408,1.0549071,3.58288,1.0562611,-5.1238613,0.0058436633413765,1380236.95,5605.223639383178,2.3784156872819633,0.724056716304019
Z1041745020,Z1041745020,CN1CCC(N(C)CCN(C)C(N)=O)CC1,-3.8367836,0.33708432,3.5827842,0.36039332,-4.005326,0.0106222854467532,1373602.55,9198.571842818865,2.5036046470835736,0.7380080000135517
Z28880811,Z28880811,CC(C)C(=O)NC(C)c1cccs1,-3.2848716,1.1964574,3.580223,0.9903241,-3.8831003,0.041325386249865,1330975.9,66042.94785206064,2.4587186451040086,0.7924820034547112
Z2526408724,Z2526408724,COC(=O)CCN1CCC(N)CC1.Cl.Cl,-6.1157675,2.2268,3.5786083,1.1893045,-7.2291675,0.0057458133755896,1380372.8,12150.36495583569,2.324977653216873,0.7621643648110019
Z1171218608,Z1171218608,CN1CCN(CC(O)C(F)(F)F)CC1,-5.0188446,0.87280303,3.5784326,0.76380867,-5.455246,0.0031286419130621,1384006.35,2478.16600079575,2.7330851119129527,0.7058822263113942
Z1258794415,Z1258794415,CC(C)(C)OC(=O)NCC(F)(F)F,-3.8891659,1.0339162,3.5782933,0.83537567,-4.406124,0.0146296322973313,1368038.95,17146.844489511765,2.116227730778057,0.701595780006128
Z1262690763,Z1262690763,COc1cc(N)cc(OC)c1Cl,-3.842998,0.8813639,3.577373,0.78476447,-4.28368,0.0162441387258256,1365797.45,20055.526688359496,2.061554061407838,0.7201287419351532
Z239813302,Z239813302,CC(Cl)C(=O)Nc1nccs1,-3.4242954,1.2996216,3.5759792,1.5613321,-4.074106,0.0446095365001619,1326416.35,86995.19168625069,2.7392480226012044,0.7219064194720501
Z1317594611,Z1317594611,CCc1nsc(N2CCCCCC2)n1,-3.0640378,1.5058209,3.574246,1.1755074,-3.8169482,0.0885183131054848,1265455.6,178547.68078762604,2.3004239252793806,0.7522634688776805
Z295440226,Z295440226,FC(F)(F)COc1ccc(Br)cc1,-3.7916355,0.98426116,3.5734322,0.53032386,-4.2837663,0.0180689667591025,1363263.95,29087.9533268929,1.776829200558275,0.7864970674137088
Z212281942,Z212281942,CCC(CC)NC(=O)c1cncs1,-3.0763292,0.7532652,3.5726433,0.9634222,-3.452962,0.0317204235243274,1344310.95,25086.54027656065,2.5591128269319032,0.804278144248101
Z16862689,Z16862689,CNC(=O)COc1ccc(C#N)cc1OC,-4.218692,0.852711,3.5716202,0.42567897,-4.645047,0.0103134296106889,1374031.35,10929.2318818616,1.8794180557679123,0.8099810457499138
Z441850822,Z441850822,COc1cc(C(=O)O)cc(Br)c1OC,-5.0554075,0.8846687,3.571214,1.3802376,-5.4977417,0.0033405481326755,1383712.15,3246.338279893209,1.7902215420330947,0.9053326853563121
Z1252500871,Z1252500871,CCN1CCC(N(C)CCCS(C)(=O)=O)CC1,-3.739069,0.7790719,3.5710666,0.67277384,-4.128605,0.016002989159794,1366132.25,22290.59713393744,2.31148129755962,0.7110320046480876
Z28074734,Z28074734,COc1cc(C(=O)N(C)OC)cc(OC)c1OC,-3.9212518,0.5905487,3.5700583,0.79741406,-4.216526,0.0111095184931753,1372926.1,13131.120637249513,2.025230810607299,0.7431719218326491
Z68418861,Z68418861,O=C(CCn1ccnc1)N1CCCCCCC1,-3.292582,0.93992,3.5687923,0.85112596,-3.762542,0.029288327871214,1347687.55,37332.55370648384,2.0372364279944026,0.8040445171504049
Z381541950,Z381541950,O=C(NCC(F)(F)F)n1ccnc1,-3.3483994,0.9086959,3.5682054,0.9106777,-3.8027472,0.0261806460906831,1352002.1,32204.701568094057,2.666472277481354,0.7227909942727733
Z5002975703,Z5002975703,COc1cc(NC(=O)C(F)Cl)cc(OC)c1OC,-3.845337,0.2648156,3.5663998,0.5220976,-3.9777448,0.0101002989159794,1374327.25,7302.6589258639215,2.5900829199881965,0.8383792886262754
Z1269167381,Z1269167381,COC(=O)c1cc(OC)ncc1Br,-4.195291,0.6579016,3.5614235,0.692947,-4.524242,0.0081687254654806,1377008.95,10415.785968783151,2.2260735961626725,0.7440020578501149
Z286154494,Z286154494,COCCOc1ccc2c(c1)OCCO2,-4.7673416,0.8518179,3.5612507,0.8967429,-5.1932507,0.004979940216804,1381436.1,6153.808080367798,1.8492575943283924,0.705305044398364
Z1366324828,Z1366324828,O=C(NCC(F)F)C1CCSCC1,-4.077917,0.9071578,3.5606256,1.0248997,-4.531496,0.011190802031188,1372813.25,14855.450137491627,2.701705134624211,0.7630453628588321
Z1449913130,Z1449913130,O=C1CCN(CC2CCCOC2)CCN1,-4.412595,1.486394,3.558726,1.1366234,-5.1557918,0.0192991320632405,1361556.05,42306.84932191832,2.8617770988141853,0.7124437043152206
Z118311514,Z118311514,CCN1CCN(Cc2ccsc2)CC1,-3.1668344,1.3941132,3.5578442,1.1116712,-3.863891,0.05823239817049,1307503.05,95703.8708200849,1.9531421241536773,0.7514605267717553
Z445933546,Z445933546,CCN(CC)CCNC(=O)N1CCCCCC1,-3.7327323,1.3653833,3.557504,1.2815297,-4.415424,0.0278017430763136,1349751.45,49359.22303832891,1.9559165818405546,0.7978896663369053
Z28173362,Z28173362,CSCCC(=O)Nc1nccs1,-3.0993457,1.1177686,3.5565047,1.4309658,-3.65823,0.0483356862462636,1321243.15,78322.65816305969,2.2277664482856654,0.8096577696923838
Z1269204350,Z1269204350,COC(=O)c1sc(N(C)C)nc1N,-3.850392,0.69076693,3.5547805,0.69883823,-4.1957755,0.0109559909244787,1373139.25,8032.023891118602,2.6571972160721753,0.7086587682211029
Z433867944,Z433867944,CCCNC(=O)C(C)N1CCSCC1,-3.792279,0.7516443,3.552955,0.7067829,-4.1681013,0.0157023445096697,1366549.65,22196.051032278243,2.669107916966528,0.759204794345874
Z5336525344,Z5336525344,COc1ccc(CN)c(F)c1OC.Cl,-4.666191,1.5727519,3.5529327,1.0921538,-5.452567,0.0103341016314331,1374002.65,16555.181944862463,2.191153662615214,0.8455525499639892
Z415647550,Z415647550,CNC1CCN(CC(F)(F)F)CC1,-4.2487926,0.74071795,3.5526032,0.48258558,-4.6191516,0.0073189757625958,1378188.7,5347.014476322277,2.3038375522066286,0.7142983123891007
Z4173258004,Z4173258004,Cl.NCC(F)(F)Oc1ccc(Br)cc1,-4.92868,1.6981232,3.5520902,1.1635228,-5.7777414,0.0111008391255807,1372938.15,19444.28227853885,2.512099816461369,0.9280552852336509
Z5451130516,Z5451130516,CNCc1ccc(F)cc1OC.Cl,-5.2731943,2.1513696,3.551704,1.2829034,-6.348879,0.0088619944538481,1376046.45,16900.922201096007,1.9187614694658386,0.8150047318637007
Z434822800,Z434822800,CCN(CC(=O)NC)C(=O)C(C)SC,-3.5860527,0.4384914,3.54869,0.6098689,-3.8052983,0.0159722692404653,1366174.9,17300.17469536074,2.9048644258422662,0.7233540816706822
Z1269187458,Z1269187458,COc1ccc(Br)c(C=O)c1OC,-3.4718175,0.45480844,3.5470386,0.6757711,-3.6992216,0.0179520293874022,1363426.3,22372.93662240163,2.275733815942891,0.7660682846180933
Z317037084,Z317037084,C1CCCN(CC2CCCNC2)CC1,-4.4087586,1.4913492,3.5458972,1.0163212,-5.1544333,0.0168605178809377,1364941.7,29916.77287760162,2.520345195073036,0.725027214151665
Z667720032,Z667720032,COc1cc(CC#N)cc(Br)c1OC(F)F,-3.217867,0.8763726,3.5457473,1.1831802,-3.656053,0.0342364677494867,1340817.8,57622.39905331954,2.446687294668548,0.8558671023317407
Z33600994,Z33600994,COCC(=O)NCc1cccs1,-3.5705483,1.5165608,3.544965,1.247009,-4.328829,0.0512636582994201,1317178.1,109683.89792759008,1.8944528736250312,0.7599364145362647
Z274553706,Z274553706,O=C(Nc1ccc(Br)cc1)N1CCCCCC1,-3.7261505,0.87617093,3.5447547,1.1337432,-4.164236,0.0170957611553281,1364615.1,21600.131594275063,1.622568308685139,0.8385066160761608
Z963097096,Z963097096,O=C(NCc1cscn1)N1CCCCCC1,-3.4223468,1.1010793,3.5440438,1.1157585,-3.9728866,0.0337494868008788,1341493.9,55649.62409926953,2.186484972893341,0.859842992939112
Z505872858,Z505872858,O=C1NCCCCC1NC(=O)N1CCCCCC1,-3.98595,1.5049832,3.5438652,1.4660913,-4.7384415,0.0363306082760112,1337910.4,84051.05633268389,2.5974140590414496,0.7383361065659881
Z2169605800,Z2169605800,CN(C)c1cc(OCCOCC(F)(F)F)cc(N(C)C)c1,-3.8539944,0.6149905,3.5437179,0.84992385,-4.1614895,0.011914682896964,1371808.25,12704.53693321799,2.4559993896629386,0.7233048964793746
Z1263820454,Z1263820454,CNCc1cc(OC)ccc1OC.Cl,-5.2513022,1.8157134,3.5433402,1.1601151,-6.1591587,0.0090055821658803,1375847.1,18860.72651808514,1.7902514796630324,0.835200788196341
Z254582182,Z254582182,COc1cc(Br)c(OC)c(C(=O)N(C)C)c1,-3.351603,0.59248304,3.5391667,0.9338087,-3.6478446,0.0209680195916015,1359239.05,22624.47138934963,2.082248475348333,0.8552996969196937
Z27645628,Z27645628,COc1cc(OC)c(C(=O)NC(C)C)cc1OC,-3.7844417,0.6715779,3.5374157,0.92669696,-4.1202307,0.0115312421219432,1372340.6,6833.308513450859,1.714872156761146,0.8697183617965005
Z954631608,Z954631608,CC(CC#N)NC(=O)OC(C)(C)C,-3.953466,0.99257404,3.5349019,0.6834098,-4.449753,0.0173017250693269,1364329.15,27657.03321087604,2.7705610027463674,0.7115036825813886
Z403711362,Z403711362,CSCC(=O)NC(C)Cn1ccnc1,-3.1246624,1.102922,3.5348747,0.8879914,-3.6761234,0.039670436129218,1333273.55,49814.15724016115,2.8981410530612006,0.7848857600017292
Z56904629,Z56904629,Cc1[nH]c(=O)n(C(C)(C)C)c(=O)c1Br,-2.0487056,0.9991626,3.5341709,1.9504503,-2.548287,0.1268495696330176,1212238.4,192307.78305658876,2.970877948329502,0.766237835453575
Z1398160136,Z1398160136,Cn1cc(C#CCNC(=O)OC(C)(C)C)cn1,-3.294089,0.5113688,3.533816,1.0427954,-3.5497735,0.0197650808513704,1360909.15,13033.245966661569,2.7848451771582816,0.7463031993070367
Z1823951312,Z1823951312,CC(NCCOCCN(C)C)c1ccsc1,-2.8547592,1.0295781,3.53334,0.8856837,-3.3695483,0.0507028487052977,1317956.7,60489.13089068151,2.8184669308830763,0.7055042744018806
Z434667014,Z434667014,CCOc1ncccc1NC(=O)N(C)C,-3.8129516,1.0808994,3.5326188,1.2084668,-4.353401,0.0202137069182842,1360286.3,30262.08565036455,2.084312480905229,0.821735702562765
Z2235790867,Z2235790867,CN(C)C(=O)NC1CCNCC1.Cl.Cl,-6.1483054,2.3216605,3.5319448,1.2613533,-7.3091354,0.0077106997515035,1377644.85,17254.631735493516,2.6378858604174127,0.7179426427925572
Z16137853,Z16137853,COC(=O)c1ccc(OC(F)F)cc1,-4.608871,1.105744,3.530651,1.096447,-5.161743,0.0074672452911729,1377982.85,15435.878239591684,1.6166077111982098,0.7036437308714721
Z291234040,Z291234040,COc1cccc(OC)c1CN,-4.283242,0.7893591,3.5305152,1.1404194,-4.677922,0.0076821766845536,1377684.45,7745.711235742008,1.8113191837854608,0.7343470391025202
Z30272325,Z30272325,CNC(=O)c1ccc(OC)c(OC)c1OC,-3.8126957,1.1227084,3.5304713,1.5357615,-4.37405,0.0237204235243274,1355417.75,48496.50396252806,1.8198300495880453,0.8324157033579233
Z56983152,Z56983152,CCOc1ccc(CO)cc1OC,-4.5114603,0.64449686,3.5286975,0.75460297,-4.833709,0.0053104044369215,1380977.3,4784.336130540997,1.5374897500088256,0.7680178138617887
Z3488583678,Z3488583678,C=CC(=O)Nc1cc(OC)c(OC)cc1OC,-3.879439,0.6937679,3.5286872,1.018572,-4.226323,0.0120387870493752,1371635.95,13951.849362987688,1.906785310937547,0.7937317149806506
Z1486408082,Z1486408082,CC(C)(C)C(N)C(=O)N1CCCCCCC1.Cl,-4.891552,1.5677812,3.5285587,1.3095562,-5.6754427,0.0086870025569921,1376289.4,13206.82094373964,2.6130871352773966,0.7895784922358197
Z56923299,Z56923299,O=S(=O)(Cl)c1c(Cl)cc(Br)cc1Cl,-1.6999447,0.78326523,3.5277114,1.1424168,-2.0915773,0.147571613786149,1183468.95,141291.28714696987,2.462572617141694,0.7385285911245013
Z114050650,Z114050650,COC(=O)c1cc(OC)c(Br)c(OC)c1,-4.1796656,0.6116656,3.5274532,0.80811024,-4.4854984,0.0085322505131991,1376504.25,9048.775358439394,1.8488935034192995,0.793552137700263
Z1365737350,Z1365737350,N#Cc1ccc(NCC(F)F)nc1,-3.5174956,0.7436838,3.5234196,0.74845415,-3.8893375,0.019895127309396,1360728.6,27467.49813943746,2.5604551346242097,0.7742450600426561
Z3919191834,Z3919191834,Cc1cc(OS(=O)(=O)F)ccc1Br,-3.5254714,1.0670214,3.520778,1.0839295,-4.058982,0.0246659703965138,1354105.0,39811.67344385313,2.5072555871128976,0.7738565657662204
Z1196130824,Z1196130824,C=C(Br)CN(C)CCNS(C)(=O)=O,-3.490665,0.8677816,3.519281,0.529975,-3.9245558,0.0250016206288039,1353639.0,33841.54953308137,2.8922397500088266,0.759330308250096
Z1289560108,Z1289560108,CC(O)CCN(C)CCN1CCCCC1,-4.1077814,0.92281896,3.5184448,1.0444512,-4.569191,0.0108257283826124,1373320.1,12639.960691790146,2.603179046866133,0.7189496899175107
Z57913259,Z57913259,CNC(=O)c1c(OC)cccc1OC,-4.2343264,1.0987998,3.517671,1.2235721,-4.783726,0.0124333561421832,1371088.15,17989.100281211955,1.6805332172710852,0.7841726904251466
Z5208872384,Z5208872384,COc1cc(OC)c(OC)cc1CCN.Cl,-4.8787127,1.5747154,3.5160038,1.0490716,-5.6660705,0.0088460762775957,1376068.55,16191.95100188671,1.9428770467769034,0.8595232051866861
Z32016573,Z32016573,CNC(=O)c1ccc(OC)cc1OC,-4.165494,1.3666542,3.5159671,1.5277265,-4.848821,0.0213496596679512,1358709.2,42033.77601120318,1.5626623670686577,0.7841726904251466
Z1254177716,Z1254177716,CCC(O)CN1CCCN(CC(C)C)CC1,-4.083298,0.6462276,3.5142605,0.61843574,-4.406412,0.0089573234414952,1375914.1,8163.788445936115,2.5287466511627947,0.7707935516232075
Z398513562,Z398513562,COc1cc(C(N)C#N)cc(OC)c1OC.Cl,-4.5397716,1.2868546,3.513911,1.0466394,-5.183199,0.0091946555263441,1375584.6,13703.0813410707,2.863800072340336,0.8886552308650035
Z3490366482,Z3490366482,C=CC(=O)Nc1cn(CCC)cn1,-3.1695235,1.1539708,3.5138257,1.3226441,-3.7465088,0.0463720963733927,1323969.3,82945.9795783376,2.7379243653934413,0.710339803474806
Z102767788,Z102767788,CNCc1ccc(OC)c(OC(F)F)c1,-4.0075903,0.9628632,3.5123985,1.1313055,-4.489022,0.0146617927755968,1367994.3,22903.099277390385,1.9189860268714583,0.8179966164647106
Z382785442,Z382785442,COCCN1CCCN(Cc2cccs2)CC1,-3.3352726,1.4043225,3.511705,1.01442,-4.0374336,0.0563821802859508,1310071.8,108434.39526995111,1.9542481203020952,0.7980324586288539
Z403711584,Z403711584,CC(Cn1ccnc1)NC(=O)C(C)C,-3.3724155,1.1158811,3.5114646,0.85560817,-3.930356,0.0354349407570138,1339153.9,55940.87302313042,2.7499095675426712,0.7800573303584847
Z45788349,Z45788349,CNC(=S)N(CC(C)C)CC(C)C,-2.880354,0.9837612,3.511357,0.51069546,-3.3722346,0.0576517808909857,1308309.15,89605.62620297623,2.5319208688899444,0.7029447245657064
Z1250089988,Z1250089988,Cl.NC(c1cccs1)c1cccs1,-4.007984,1.4410235,3.5091243,1.074203,-4.728496,0.0145160082111859,1368196.7,15186.855257425748,2.5198743653934415,0.8436872276747988
Z1742055001,Z1742055001,CCOc1cc2c(cc1N)OCCO2.Cl,-5.107951,1.8689078,3.5090764,1.6194946,-6.042405,0.0094501746677709,1375229.85,17271.74290647878,2.215047190098476,0.7898315445829444
Z1252569682,Z1252569682,O=S1(=O)CCCN(CCN2CCCCC2)CC1,-3.984307,1.2593117,3.5070477,0.9157508,-4.613963,0.0217797025245796,1358112.15,38224.45326917705,2.244969878543852,0.7446791707467283
Z94597997,Z94597997,COc1cc(C(=O)O)cc2c1OCCO2,-6.133001,1.5194877,3.505967,1.0333546,-6.8927445,0.0013977743364426,1386409.4,1789.500975132453,2.022647404518203,0.7930906811166811
Z422359488,Z422359488,CCOC(C)C(=O)NC1CCN(C)CC1,-4.2979035,0.5327383,3.5057976,0.4129986,-4.564273,0.0061761083300321,1379775.4,4358.0357777329,2.5347288726501045,0.7457475970584831
Z5453478944,Z5453478944,CNCc1c(F)cccc1OC.Cl,-4.7815676,1.7684121,3.504129,1.2074664,-5.6657734,0.0122761911621708,1371306.35,22602.072392316157,2.06644291742964,0.8150047318637007
Z56347429,Z56347429,COc1cc(C=O)cc(OC)c1OC(F)F,-3.6633,0.5878486,3.5032628,1.0173829,-3.9572244,0.0144807505312061,1368245.65,15123.422107033182,2.1451019637204247,0.7292053237490901
Z54890168,Z54890168,O=C(c1cccs1)N1CCCCCCC1,-3.3360336,1.2128597,3.503116,1.1936736,-3.9424634,0.0368290056541938,1337218.45,58396.82138479371,1.745568783139582,0.7158865849602117
Z3244658613,Z3244658613,COC(=O)CN1CCCC(N)C1.Cl.Cl,-6.3660307,2.5410292,3.5026078,1.1408828,-7.636545,0.0066838693413044,1379070.45,14506.457625743784,2.878185854413694,0.7164818381662209
Z1269177045,Z1269177045,COc1cc(I)c(OC)cc1Cl,-3.3751423,1.213813,3.5009716,1.369364,-3.9820487,0.0302102495768357,1346407.6,40398.18248683968,1.995252619100146,0.7816427682456771
Z52405466,Z52405466,C#CCNC(=O)CSCc1cccs1,-2.7316763,0.8196028,3.5008247,0.8920733,-3.1414778,0.0521053768862318,1316009.5,65150.89534803033,2.507206354922907,0.7732683821795058
Z92746961,Z92746961,CN(CCC#N)Cc1ccsc1,-2.5358465,0.9247765,3.498675,1.0550879,-2.9982347,0.0740180430006842,1285587.05,106501.11865350288,2.435124819326388,0.7091157356198747
Z228589394,Z228589394,NCc1cc(Cl)c2c(c1)OCCO2,-4.091659,1.7857383,3.4983296,1.7470553,-4.984528,0.0289045989844058,1348220.3,55117.86378670712,2.22875825312733,0.7469499044405218
Z1103057572,Z1103057572,CN(CCCS(C)(=O)=O)Cc1cscn1,-2.7547524,0.89887756,3.498005,0.99183,-3.2041912,0.0546648899773112,1312456.0,74442.60368297176,2.600723362706354,0.7536966174323969
Z4395281291,Z4395281291,CNCc1cnc(N(C)C)nc1.Cl.Cl,-5.453109,2.1215615,3.4973252,1.0959293,-6.5138893,0.0071624590341052,1378406.0,13885.296626287824,2.7021003659119174,0.8572602954193638
Z1032211860,Z1032211860,CCn1cc(Br)cc1C(=O)OC,-3.680453,0.6288309,3.4972758,0.73766345,-3.9948685,0.013888212626499,1369068.3,13588.809212362945,2.270020888330915,0.7304827499753038
Z24062682,Z24062682,CCOc1cc(C#N)ccc1OCC(N)=O,-3.8590393,1.2145349,3.4970517,0.51286983,-4.4663067,0.0188558000504195,1362171.55,17200.005783356588,1.9231498739497326,0.7955541625729339
Z177084422,Z177084422,CNC(=O)Nc1ccc(OC)c(OC)c1,-4.4484005,0.8475452,3.4956627,1.0902601,-4.8721733,0.0064781935390931,1379356.0,5746.84336831969,1.58769822199341,0.7934900688837966
Z1289392729,Z1289392729,CCN(C)Cc1csc(COC)n1,-3.254933,0.7577155,3.4951992,0.9299527,-3.633791,0.0259142867432564,1352371.9,28405.907533293142,2.426262826931902,0.7236752026801183
Z1269218699,Z1269218699,Brc1cc2c(cc1Br)OCO2,-3.613953,0.8474877,3.4942317,0.9639452,-4.037697,0.0218344797781538,1358036.1,31900.448396378382,2.215656911979613,0.7270163768715618
Z1416180244,Z1416180244,COc1ccc(S(=O)(=O)F)c(OC)c1,-3.8350472,1.0278748,3.4941108,1.0426238,-4.3489847,0.0161586055389491,1365916.2,20392.84386396365,2.048216552428105,0.7216057347456916
Z2734776517,Z2734776517,CNCc1cc(OC)c(OC)cc1Br.Cl,-4.8822775,1.5227746,3.4935105,1.0537503,-5.643665,0.0076929448626067,1377669.5,12932.697914588432,2.049917734188533,0.9262963081063862
Z5101986176,Z5101986176,C=CC(=O)Nc1nccn1CCOC,-3.3914516,1.0248398,3.4933116,1.0818512,-3.9038715,0.0332735261281377,1342154.7,61414.96953276131,2.7535279229702443,0.7018314697816908
Z409927200,Z409927200,COc1ccc(NC(=O)N2CCCCCC2)cc1OC,-3.6787827,0.931254,3.4915528,1.0464863,-4.1444097,0.0201626391039724,1360357.2,28061.32510520485,1.6621902893185645,0.9238984352692189
Z818825210,Z818825210,COCCN(C)c1ccc(Br)cn1,-3.3044727,0.40308136,3.4912376,0.37750816,-3.5060134,0.018979508049123,1361999.8,13355.1768749051,2.2432359038549805,0.8099152292898466
Z3333541083,Z3333541083,COc1ccc(F)c(S(=O)(=O)F)c1OC,-3.1391292,0.75782514,3.489732,0.7683774,-3.5180416,0.0292381604062376,1347757.2,29329.67888266082,2.325481047798,0.7486856340013996
Z1269208829,Z1269208829,COc1cc(Br)cnc1C=O,-3.0651622,0.741554,3.489446,0.7288113,-3.4359393,0.0354203911117513,1339174.1,45085.5434789246,2.638964951681844,0.7054171257972797
Z31407148,Z31407148,CSCC(=O)NCc1ccco1,-3.7067513,0.5146789,3.4890046,0.91883296,-3.9640908,0.012393884827313,1371142.95,9417.872331238092,2.070816222041321,0.767473918512841
Z99601262,Z99601262,COc1ccc(CN2CCNCC2)c(OC)c1OC,-3.777705,0.38392052,3.488292,0.8019134,-3.9696653,0.0107885979760147,1373371.65,6896.949893068674,2.0564848409604135,0.8648076979782771
Z1695670001,Z1695670001,C1CCN(CC2CCCNC2)CC1.Cl.Cl,-5.681838,1.860863,3.485682,1.3422028,-6.6122694,0.0066253466344942,1379151.7,13293.516920288626,2.8078324373780603,0.8142372190826921
Z54599168,Z54599168,CCOC(=O)COc1ccc(C#N)cc1OC,-4.305756,0.84017116,3.4847875,0.458658,-4.7258415,0.0110185832102854,1373052.35,20377.73146911844,1.8264056980435033,0.7233798731459562
Z422647640,Z422647640,CCC(=O)NCCN1CCCCC1,-3.7863853,0.8998507,3.4843392,0.834998,-4.2363105,0.0159366514207511,1366224.35,17405.887320889447,1.7602044069734841,0.70662593744311
Z1889790087,Z1889790087,COc1cc(C#N)ccc1OC[C@H](C)O,-4.3794436,0.905075,3.484291,0.60838604,-4.831981,0.0097036049987394,1374878.0,13533.506123691672,2.4275461334380974,0.8085015607540849
Z57160524,Z57160524,c1coc(CNc2ccncc2)c1,-3.423078,1.3112426,3.4833074,1.4153082,-4.078699,0.0358171570569381,1338623.25,56351.901381297685,1.9515391582928494,0.7753091446693905
Z259730970,Z259730970,COc1ccc(OC)c(CNC(C)(C)C)c1,-3.7391562,0.50719386,3.4831047,0.6662004,-3.9927533,0.0134388662801167,1369692.15,12440.906451199608,1.789168868908261,0.8507234242314926
Z744729070,Z744729070,Cl.Cl.Nc1ccc(CN2CCCCCC2)cc1,-5.503039,2.0471985,3.4827569,1.0875722,-6.526638,0.0083693232974394,1376730.45,16977.853555367357,1.8502027022418943,0.838395666669204
Z409935516,Z409935516,COc1cc(NC(=O)N2CCCCCC2)cc(OC)c1,-3.6827686,0.9996661,3.4824913,0.9929565,-4.1826015,0.0214391904058774,1358584.9,31177.687256915,1.8000129613833398,0.9238984352692189
Z367678472,Z367678472,CCC(O)c1cc(OC)cc(OC)c1,-4.0641003,0.9866017,3.4821696,0.55991954,-4.557401,0.0137451291100947,1369266.95,22006.09091473313,2.343958555396922,0.8014750704141743
Z32014568,Z32014568,CN(C)C(=O)c1ccc(N(C)C)cc1,-3.7201123,1.1081836,3.48004,1.3967193,-4.2742043,0.0207791263010047,1359501.3,30363.10815628071,1.65479118860274,0.7078279823807653
Z1450533681,Z1450533681,CCC(N)C(=O)N1CCCCC1.Cl,-4.5893273,1.6308738,3.479943,1.0550381,-5.404764,0.0114471494940036,1372457.35,17188.291230587758,2.516867255317326,0.7372832357305591
Z54599296,Z54599296,COc1cc(C#N)ccc1OC(C)C#N,-3.9681365,1.1042659,3.4784381,0.63988876,-4.5202694,0.0189486800878739,1362042.6,26353.142401618825,2.6749262460084537,0.7498027065961752
Z1171222290,Z1171222290,O=C(Nc1cocn1)OCC(F)(F)F,-3.910218,1.0778819,3.4778714,0.9827822,-4.449159,0.0158248280332768,1366379.6,22435.873043855456,2.9662032577569146,0.807490756757794
Z284506908,Z284506908,CCOCC(=O)N=c1sccn1C,-3.5912857,0.9798118,3.477758,0.773884,-4.0811915,0.019283718082616,1361577.45,18142.128787645077,2.7901205192395953,0.7148591363402211
Z2755934052,Z2755934052,COc1c(Cl)cc(Br)cc1SC,-3.108706,0.55339825,3.4754841,0.88054675,-3.385405,0.0277125004501745,1349875.35,25210.71400669763,2.385554061407838,0.7532338114765463
Z1262526926,Z1262526926,COc1csc(C(=O)O)c1OC,-5.183719,0.9497369,3.4754596,1.10168,-5.6585875,0.0033790470702632,1383658.7,4247.417899147668,2.4578050229462978,0.7797990620097756
Z730610820,Z730610820,COc1cc(CC#N)cc(Cl)c1OCC(F)(F)F,-3.2248433,0.67280865,3.4744492,0.72991806,-3.5612476,0.027130586667627,1350683.25,26394.573409841272,2.377257733684223,0.8485837288360604
Z3919195131,Z3919195131,Cc1cc(Br)ccc1OS(=O)(=O)F,-3.601796,0.96515125,3.4740574,1.0408114,-4.0843716,0.0206280116685273,1359711.1,33723.607855477145,2.4706243653934425,0.7738565657662204
Z1147521117,Z1147521117,CCOc1c(Br)cc(CNC)cc1OC.Cl,-4.597141,1.8976525,3.4740462,1.027217,-5.545967,0.0123527568696654,1371200.05,17763.25339985612,2.1000671566670146,0.9067098557865295
Z104477298,Z104477298,COc1ccc(CCN)cc1OC,-3.9598942,1.1672981,3.4728103,1.0588182,-4.5435433,0.0178398458601937,1363582.05,24985.101371567416,1.5597166730857488,0.7588211284304427
Z16862571,Z16862571,COc1cc(C#N)ccc1OCC(=O)N(C)C,-4.0786877,0.8461764,3.4727244,0.48117253,-4.5017757,0.0118340115964994,1371920.25,12626.379393456384,1.9284455116064425,0.7803145457645737
Z1236112393,Z1236112393,COC1CCCN(CCN2CCCCC2)C1,-4.156531,0.9205713,3.4726574,0.6556839,-4.6168165,0.0099511650520401,1374534.3,10300.625792154571,2.47357200453283,0.7237199479021289
Z899264388,Z899264388,C[C@@H](NC(=O)OC(C)(C)C)C(=O)N(C)C,-3.5991497,0.594602,3.471917,0.6574117,-3.8964508,0.0141136240861453,1368755.35,8884.016019092942,2.464802509889596,0.7484370987392007
Z416499258,Z416499258,O=C(CN1CCCCCCC1)NC1CCCCNC1=O,-4.113171,1.3614486,3.47111,1.2641721,-4.7938952,0.0231801058810818,1356167.9,48948.50225788324,2.5354156832869243,0.8122755218143196
Z2018519097,Z2018519097,CN(CCSC(C)(C)C)CC(=O)NC(C)(C)C,-3.524407,0.62227565,3.4709709,0.6028242,-3.8355448,0.0213788670003962,1358668.65,36489.87457949807,2.57963509704628,0.8234553425173033
Z339722432,Z339722432,COc1ccc(NC(=O)N(C)C)cn1,-4.1949444,1.3046801,3.468593,1.3812586,-4.8472843,0.0184216516008211,1362774.3,34079.95445140735,2.0154826099836374,0.7706013809366652
Z798916720,Z798916720,O=C(Nc1nccs1)OCC(F)(F)F,-3.5519314,1.2133874,3.4678447,1.3172686,-4.158625,0.0316622969712249,1344391.65,54449.50585016819,2.397683824558536,0.840916152726602
Z169503196,Z169503196,CCNC(=O)CN1CCCN(C(C)=O)CC1,-4.1042533,0.77449423,3.467715,0.6763871,-4.4915004,0.0099392444268375,1374550.85,11791.32069903537,1.842901971851827,0.7185133350140251
Z57900370,Z57900370,COc1cc(C#N)cc(Br)c1O,-4.7109118,0.994232,3.467343,0.82043505,-5.208028,0.0076069434940757,1377788.9,12748.900516907332,2.184412715253991,0.799468484464775
Z1263820412,Z1263820412,C#CCNC(=O)CN1CCCNCC1.Cl.Cl,-5.6311135,1.8539964,3.4664598,1.2743034,-6.5581117,0.0067956567148053,1378915.25,13462.72062725436,2.634156167656025,0.7011245649924369
Z57756797,Z57756797,CCOc1ccc(Br)cc1C#N,-3.5035336,0.76503384,3.4664314,1.105256,-3.8860505,0.0188149602045594,1362228.25,21160.47836622556,1.9188408621071371,0.7761001737998926
Z606247474,Z606247474,Cc1cc(C#N)ccc1N1CCCCCC1,-3.3217397,0.87997586,3.4658737,0.93667424,-3.7617276,0.026931249324738,1350960.0,33309.314950926266,1.8724371041108725,0.7172012356513194
Z1269143934,Z1269143934,Cc1nc(Br)c(Br)nc1C,-1.4871079,0.9442911,3.463862,1.4083341,-1.9592534,0.1983162026866424,1113017.7,226887.510324632,2.930006644782022,0.7208365900186614
Z2507909203,Z2507909203,Fc1cncc(N2CCCCCCC2)n1,-3.3273437,1.5298923,3.4635346,1.1604896,-4.09229,0.0702565995606295,1290809.25,147785.42785162377,2.3139408111116087,0.710751819245978
Z743827882,Z743827882,O=C(NC1CCCCNC1=O)OCC(F)(F)F,-4.145899,1.4959964,3.4631355,1.3615319,-4.893897,0.0285126589116577,1348764.45,59403.32919919135,2.8937746694823225,0.7703665320780271
Z406494510,Z406494510,CSC(C)C(=O)Nc1sccc1C#N,-3.029841,0.5708782,3.4628491,0.5902738,-3.31528,0.0341291100947166,1340966.85,51309.55683620255,2.9443824420365985,0.860106921283159
Z1651651268,Z1651651268,CCOCCn1cc(Br)cc(Br)c1=O,-2.9928017,0.5958399,3.462197,0.61620724,-3.2907217,0.0324116037022363,1343351.35,29587.387308234906,2.4467757273925432,0.796402534159241
Z25633161,Z25633161,COc1cccc(OC)c1OCC(N)=O,-4.085643,0.39810595,3.46218,0.8481609,-4.2846956,0.0084812907408073,1376575.0,9186.08153675984,1.6947999105487561,0.7723991853617097
Z1416200988,Z1416200988,CNCc1cccc(OC(F)(F)F)c1.Cl,-5.2798347,1.9327103,3.4621677,1.1099546,-6.24619,0.0103855295854791,1373931.25,21748.38017617634,2.037385189809834,0.8786866758408732
Z1416200985,Z1416200985,CNC1CCN(S(C)(=O)=O)CC1.Cl,-5.690839,2.0553353,3.4617321,1.4415731,-6.7185063,0.0072630460618718,1378266.35,14501.99450515342,2.33743695280603,0.7269998812752094
Z239873278,Z239873278,COc1ccc(N)cc1OC(F)F,-3.8989205,1.1173278,3.46156,1.0069737,-4.4575844,0.0147468577808189,1367876.2,17358.648284356706,1.923301728030804,0.7380592012404826
Z89283372,Z89283372,CCNCc1ccc(OC)c(OC)c1.Cl,-5.051051,1.7886376,3.4614327,0.95425415,-5.9453697,0.0080976698959195,1377107.6,13985.924518600834,1.6906873495731478,0.8432926372519945
Z2689649487,Z2689649487,O=C(Nc1ccns1)N1CCCC1,-3.451202,1.8289663,3.4593334,1.7191737,-4.365685,0.0991996974826231,1250626.1,235223.23752680136,2.786528009118138,0.7453702347116818
Z1334885451,Z1334885451,CCC(C)(C)NC(=O)NC(C)COC,-4.073023,0.94338113,3.4589012,0.812608,-4.5447135,0.011376886231858,1372554.9,14742.284927717275,2.751995195073036,0.709674720188478
Z1464059535,Z1464059535,COc1ccc(Br)cc1N1CCCC1,-2.832025,1.4487331,3.4587054,1.6745007,-3.5563917,0.0604694061295782,1304397.3,51860.33752213728,1.7168540472305978,0.8058712303723218
Z1273312222,Z1273312222,CNC(=O)c1cc(OC)c(OC(F)F)c(OC)c1,-3.6580722,0.96971464,3.4583268,1.2813803,-4.1429296,0.019925955270645,1360685.8,26996.92030695353,2.0362125413765284,0.8754673768852477
Z1206274085,Z1206274085,COC(=O)c1sc(C)cc1OC(F)F,-3.2540956,0.879984,3.4575443,1.1951082,-3.6940875,0.0283016890553534,1349057.35,27604.290967664798,2.3998078206193725,0.7366945155982376
Z1423881602,Z1423881602,CC(C)(C)OC(=O)NCC(O)CC#N,-4.2032146,1.3608286,3.455357,0.779914,-4.883629,0.0213259624734396,1358742.1,38292.87996860513,2.970049041226881,0.7050492777788112
Z55262400,Z55262400,CCCCS(=O)(=O)NC(C)(C)CC,-2.6437707,0.6490921,3.4552715,0.43605345,-2.9683168,0.0534694421435517,1314115.7,59200.44203052879,2.4447152744843503,0.7227292937415706
Z9423271378,Z9423271378,CCCC(C)N(C)CCC(=O)O.Cl,-5.052009,1.7602499,3.454979,1.1463732,-5.932134,0.0077383584830914,1377606.45,13697.838177884129,2.7622312824666455,0.7277503093671868
Z1203160121,Z1203160121,COc1cc(OC)c(C=O)cc1Cl,-3.3231616,0.56462955,3.454625,0.55775887,-3.6054764,0.0226749018619224,1356869.3,24898.906297466165,1.9895219478110242,0.7019313578615144
Z2471612850,Z2471612850,CN1CCNCc2ccc(Br)cc21,-3.7888641,1.4316671,3.4545956,1.2817348,-4.504698,0.0241495300176468,1354822.0,35853.61269941984,2.4448480660171423,0.7467827945648942
Z104510908,Z104510908,COc1ccc(CC(=O)O)c(OC)c1OC,-4.395155,0.49210465,3.4535642,0.84299624,-4.641207,0.0054509309612129,1380782.2,3305.090597850534,1.863503394847438,0.8202699648096832
Z79432658,Z79432658,O=C(Nc1nccs1)c1ccsc1,-3.4224026,1.341063,3.4533005,1.3947061,-4.092934,0.0500783303921921,1318823.75,107415.7714224848,2.177381045555384,0.826885837513432
Z3303797973,Z3303797973,NCC(=O)NCC(=O)N1CCCCCCCC1,-4.0770664,1.2977823,3.4532661,1.0507332,-4.7259574,0.0189497244931033,1362041.15,29239.24729755368,2.3368225373752995,0.7431454003931948
Z654776552,Z654776552,CCN(CC)c1cccc(Br)c1,-2.8560436,0.6998034,3.4531639,1.0489094,-3.2059453,0.0393693953253863,1333691.5,36291.20580457475,1.8548506523169284,0.7667155466306058
Z3919179885,Z3919179885,O=S(=O)(F)Oc1ccc2c(c1)OCCCO2,-4.6947336,1.0164971,3.452948,1.0206883,-5.202982,0.0054286022976914,1380813.2,5811.637201340084,2.501333090732947,0.740972750904696
Z1031403186,Z1031403186,CCC(C)(C)C(=O)NC(C)C(=O)N(C)C,-3.443468,1.0672846,3.4527252,1.0761945,-3.9771104,0.0259417293910037,1352333.8,26170.887678105228,2.7836120732991585,0.7591571670142893
Z1601600224,Z1601600224,CCn1cc(C(F)(F)F)cc(Br)c1=O,-2.9135702,0.6252838,3.4510994,0.71311444,-3.226212,0.0346394280981019,1340258.35,27320.87690443885,2.4515959703075225,0.768483893210071
Z5161345118,Z5161345118,CNCc1cc(F)c(Br)cc1F.Cl,-5.1330748,2.0968614,3.4503543,1.4481554,-6.181505,0.0083693232974394,1376730.45,11940.355582958991,2.378513875882952,0.8164821131032283
Z3919194951,Z3919194951,COc1cc(C#N)ccc1OS(=O)(=O)F,-3.9964917,0.62087667,3.4494328,0.7229795,-4.30693,0.0108469406129578,1373290.65,10602.017743217562,2.451135426496224,0.7293271411845489
Z1255438074,Z1255438074,COc1cc(C(=O)O)cc(OC)n1,-5.929406,1.0406272,3.4473526,0.6234037,-6.44972,0.0014499585839305,1386336.95,1281.3166460715324,2.1117083214373977,0.7499984061038781
Z2216903170,Z2216903170,NC(=O)c1cc(Br)c(Br)[nH]1,-3.2151256,1.6047422,3.4460595,1.9394066,-4.0174966,0.0535278568084416,1314034.6,86050.4180334994,2.976146289752437,0.7985980426084436
Z228585974,Z228585974,OCc1cc2c(cc1Br)OCCO2,-4.6398573,0.9258448,3.4457595,0.7506782,-5.10278,0.0049553786869305,1381470.2,3741.53532122844,2.2376010805701565,0.8180616295184018
Z90123310,Z90123310,CCOc1cc(Br)c(CCl)cc1OCC,-2.9102068,0.57361823,3.4439747,0.87262815,-3.197016,0.0353103684229479,1339326.85,36291.61134652883,2.1052910925375006,0.7644344423515735
Z1601536519,Z1601536519,Fc1ccc(OCC(F)(F)F)cc1Br,-3.5660987,0.7324867,3.443191,0.5892598,-3.932342,0.0180028811178737,1363355.7,22604.498888716826,2.079972893384447,0.7488272255283045
Z235344689,Z235344689,N#Cc1ccc(OCC(F)(F)F)cc1,-4.1622686,0.8454869,3.443058,0.6771099,-4.585012,0.0111421831670688,1372880.75,16626.238765502556,1.9244186423723004,0.7359300630703886
Z1269210894,Z1269210894,COCc1nc(N)sc1C(=O)OC,-3.8174653,0.47750178,3.441937,0.79404634,-4.0562162,0.0105671120394713,1373679.15,6800.030141661139,2.5123566730857494,0.7285649740879512
Z6598790698,Z6598790698,COc1cnc(NC(=O)CCl)s1,-3.919112,0.66472787,3.4408603,0.70193034,-4.251476,0.0106579032664673,1373553.1,10785.539935024117,2.6966842187504945,0.7595924311341994
Z1269244002,Z1269244002,CCOC(=O)c1cscc1Br,-3.4391956,0.42406273,3.4407468,0.5237705,-3.651227,0.0175038354881693,1364048.55,16651.681072717554,2.534098797835691,0.7363810112789394
Z85923411,Z85923411,c1cncc(NCc2ccco2)c1,-3.289744,1.4261827,3.440728,1.4654068,-4.0028353,0.0534777973853854,1314104.1,96889.69861079144,1.9262575014881147,0.7753091446693905
Z1337429866,Z1337429866,COc1cc(NCCN)cc(OC)c1,-3.993956,0.66593534,3.44072,0.36472043,-4.326924,0.0112466597039652,1372735.7,12624.536344357366,1.9158817691240895,0.7393988361704037
Z104567458,Z104567458,COc1ccc(NC(=O)N2CCCCCC2)cc1,-3.9528701,1.1767197,3.4403176,1.222879,-4.54123,0.0236165232110058,1355562.0,53356.06152912713,1.5348479703706115,0.8733837250674488
Z1813101756,Z1813101756,COc1nc(OC)c(C=O)cc1Br,-3.7147326,0.52900374,3.440286,0.79457515,-3.9792345,0.0135096337378903,1369593.9,14082.301331458577,2.688606343415419,0.7609347618994116
Z16862963,Z16862963,COc1cc(C#N)ccc1OCC(N)=O,-4.0602317,0.96999735,3.4392846,0.35498646,-4.5452304,0.0138238196420211,1369157.7,16034.1975792367,1.858677584094723,0.7735949823750378
Z415728028,Z415728028,COc1cccc(OC)c1OCCN.Cl,-4.419578,1.2523683,3.438842,1.0477211,-5.045762,0.0111951957359456,1372807.15,16473.540643331657,1.8903488880346853,0.8368586663230789
Z1491196978,Z1491196978,COc1ccc(OC)c(N2CCCNC2=O)c1,-3.2848701,0.6981076,3.4385388,0.9194959,-3.633924,0.0231933230093276,1356149.55,17205.718466472128,2.044027158763633,0.8672862936030771
Z1269121146,Z1269121146,Cc1cc(N(C)C)cc(C)c1Br,-3.5587058,0.48281375,3.4384983,0.8681828,-3.8001127,0.0156099326538697,1366677.95,15214.83996128451,2.1979847375864985,0.7132599171155886
Z1359523527,Z1359523527,CCNC(=O)c1cc(C#N)cn1C,-3.3406148,0.9160332,3.438488,0.98799515,-3.7986314,0.0270256419490763,1350828.95,32207.26377306057,2.5095953544044303,0.7204992566606606
Z169914020,Z169914020,N#CCc1cc(Cl)c2c(c1)OCCO2,-3.2018936,0.64181596,3.4371781,0.9392613,-3.5228016,0.0241511866604242,1354819.7,20794.67415493688,2.424956739538292,0.7120901222616965
Z2327691573,Z2327691573,COc1ccc(NCC(C)C)cc1.Cl,-4.5069504,1.4319848,3.4367988,1.0656489,-5.222943,0.0110524003313285,1373005.4,16481.628522084826,1.6690901491017023,0.833230561462008
Z228582782,Z228582782,CCC(N)c1ccc(OC)c(OC)c1,-3.4398513,0.46054056,3.4366908,0.62313634,-3.6701217,0.0176010732164079,1363913.55,13775.326629430609,2.176441956206638,0.7998860741172403
Z2517097587,Z2517097587,Cl.NCc1cccc(OC(F)(F)F)c1,-4.7133675,1.7173289,3.4364223,1.0676286,-5.572032,0.01055710015486,1373693.05,17467.749117945907,2.0354459703075225,0.8424933400198943
Z2010040419,Z2010040419,CC(C)(C)SCCN1CCCN(CC(F)(F)F)CC1,-3.3931751,0.51810545,3.436416,0.66717255,-3.6522279,0.0194359491482695,1361366.1,18992.335501196263,2.5126751878684086,0.7873460285441946
Z4202576168,Z4202576168,Cl.Cl.c1cc2c(cn1)CNCCO2,-6.4347434,3.1625125,3.436351,1.3495232,-8.016,0.0066653581589657,1379096.15,14028.347633541876,2.9265109588000353,0.7214973855815231
Z5345759032,Z5345759032,CNCc1cc(OC)ccc1F.Cl,-5.2823873,2.2028763,3.4358242,1.347207,-6.3838253,0.0096385637627398,1374968.3,18746.03028670337,1.8934474423165177,0.8150047318637007
Z808604670,Z808604670,Brc1cccnc1N1CCCCCC1,-3.1507096,1.4634143,3.4355721,1.3459177,-3.8824167,0.0489447545647711,1320397.55,60734.62189927176,1.9430310547352896,0.7654695845361367
Z228585326,Z228585326,COc1cc(CO)cc(Cl)c1OC(F)F,-3.9234326,0.721688,3.4341865,0.83983743,-4.2842765,0.0123755537148414,1371168.4,13684.031969416032,2.1278865803423788,0.8757285608071297
Z1462204087,Z1462204087,CN(C)c1cc(Br)cc(C(=O)O)c1,-4.8793125,1.2157593,3.4340382,1.4293945,-5.487192,0.0050703713040659,1381310.55,5881.523514150053,2.0352972160721734,0.8665030795201545
Z1441200349,Z1441200349,CSCCCCNC(C)c1cccs1,-2.4850233,0.7542917,3.4337928,0.956112,-2.862169,0.0625403176432456,1301522.15,57842.1937034506,2.718387887380727,0.7177583211881375
Z6601573999,Z6601573999,N#Cc1cnc(NC(=O)CCl)s1,-3.7166772,0.5600593,3.4329865,0.48000395,-3.996707,0.0125334749882954,1370949.15,9665.421342471316,2.7340604425267188,0.7314468245429844
Z57756828,Z57756828,COc1cc(C#N)ccc1OCC(=O)O,-4.825238,0.5885809,3.432692,0.6055656,-5.119529,0.0044477977455252,1382174.9,4103.44964511568,1.7963192351266208,0.7970783293441399
Z7474478127,Z7474478127,COc1cc(OC)c(CN)cc1C.Cl,-5.451547,2.1110957,3.4326878,1.2153444,-6.507095,0.0080385709655347,1377189.65,16826.52364950943,2.035942124153676,0.8412502356184516
Z2768204537,Z2768204537,Cl.Cl.NCc1ccnc(Cl)n1,-5.4646564,2.5514648,3.432304,1.0543332,-6.740389,0.0076377714553246,1377746.1,12813.555044951425,2.889318285015179,0.7227924791194661
Z415686296,Z415686296,COC1CCN(C(C)(C)CN)CC1,-3.7291462,0.41342962,3.430938,0.47790748,-3.935861,0.0123906075557316,1371147.5,10759.432543122335,2.6357733763824527,0.7094181766374161
Z1025044138,Z1025044138,CCN(Cc1ccoc1)C(=O)N(C)C,-3.2638512,0.53893185,3.4301963,0.8913285,-3.533317,0.0223017250693269,1357387.4,20103.99267658044,2.5371328124127857,0.7385259828966336
Z135505606,Z135505606,CNC(=O)c1cc(OC)c(Br)c(OC)c1,-3.476239,1.108679,3.4294803,1.41043,-4.0305786,0.0244333561421832,1354427.95,26405.93847314464,1.9200938880346854,0.9142381774420002
Z239626372,Z239626372,COc1ccc(CN)cc1OC(F)F,-4.223825,0.99212223,3.4294426,0.89606535,-4.7198863,0.0113086397522239,1372649.65,18162.87788670892,1.9064514358945672,0.8103548772351667
Z4639723138,Z4639723138,COc1c(Br)c(Br)c(CN)c(Br)c1OC.Cl,-4.3848786,1.4733479,3.427065,1.1175134,-5.1215525,0.0122775236791875,1371304.5,17589.195312748107,2.9401007830406396,0.7263617635796807
Z1778673394,Z1778673394,CC(C)(C)CCSc1nncs1,-1.9118836,0.9801558,3.4257603,1.2491344,-2.4019616,0.1382532862750747,1196406.05,173479.72547202022,2.8029597432260207,0.7044759930642811
Z440633694,Z440633694,C=CC(=O)NCCc1cccs1,-2.7947109,1.6531967,3.4252594,1.3408554,-3.6213093,0.1257987899304929,1213697.25,262917.05023635784,2.19488183290105,0.7021564327536556
Z1259042855,Z1259042855,Cc1nsc(N2CCCNCC2)n1,-3.4013538,1.4992945,3.4237924,1.025034,-4.151001,0.0621980048258724,1301997.4,131105.0398258587,2.6389280091181373,0.7189874347603976
Z444350090,Z444350090,COc1ccc(C(C)N)cc1OC.Cl,-5.0845485,1.6996866,3.4235814,1.0650784,-5.934392,0.0089872150394352,1375872.6,17093.71979529324,2.214633656611497,0.8440018742044338
Z1198733777,Z1198733777,COc1ccc2c(c1)OCCC2N,-4.227866,0.92666376,3.4225178,0.9739667,-4.691198,0.0095614938596174,1375075.3,11433.536964124443,2.575986479971844,0.7097302813543389
Z1889916960,Z1889916960,Cl.O=S1(=O)CCC(NCC(F)F)CC1,-5.7159357,2.9427104,3.4219468,1.029856,-7.187291,0.0084249288724025,1376653.25,15698.736228993084,2.8812036626152153,0.806426259660954
Z55997505,Z55997505,O=C(CN1CCCCC1)N1CCCCCC1,-3.77189,0.904727,3.421225,0.8838766,-4.2242537,0.0178068210465661,1363627.9,23248.204874570427,1.7016839908966137,0.7147263587737201
Z1269205185,Z1269205185,COc1cc(I)c(OC)cc1C,-3.6167774,0.6782486,3.420789,1.0503229,-3.9559016,0.0149098570245256,1367649.9,14980.067569607289,1.9783386767924522,0.7741349508568913
Z90500846,Z90500846,CN1CCC(NCc2ccco2)CC1,-4.2384357,1.0540944,3.420657,1.0833548,-4.765483,0.0095505816256707,1375090.45,13778.937562363071,2.0691357451668093,0.789405873399299
Z1999518989,Z1999518989,COc1cc(Br)cc(OC)c1C(=O)O,-4.663148,1.0123309,3.4201286,1.0200546,-5.1693134,0.0062624338243237,1379655.55,7913.743895748712,1.9791728933844457,0.9053326853563121
Z168802628,Z168802628,CC(C)CNc1ccc(C#N)cc1,-3.727902,0.6171454,3.4198895,0.79598033,-4.0364747,0.014282781719307,1368520.5,20360.229830480795,1.825912826931905,0.7641875959611617
Z2941377966,Z2941377966,CN(C)CCC(=O)c1cccs1.Cl,-3.8185906,1.6988574,3.4193254,1.0164225,-4.6680193,0.0203544855403896,1360090.85,20406.86224600685,2.234172781683034,0.7248322842050777
Z733976146,Z733976146,COc1cc(CN2CCNCC2)cc(OC)c1,-3.8424096,0.7608469,3.4185956,0.8058068,-4.222833,0.0133683509201569,1369790.05,14123.427315899637,1.937356377758924,0.8488383536737721
Z32016572,Z32016572,CNC(=O)c1cccc(OC)c1OC,-3.8157642,1.0413889,3.4184017,1.3100064,-4.3364587,0.0194503547376381,1361346.1,29931.43042004508,1.660146577594972,0.7841726904251466
Z1269142314,Z1269142314,COc1cc(Br)c(C=O)c(OC)c1,-3.593406,0.5910703,3.41757,0.81090796,-3.888941,0.0170157020924118,1364726.25,21412.516190011396,2.259727662096738,0.7660682846180933
Z1269155655,Z1269155655,COc1cc(Br)cc(CC#N)c1,-3.4120193,0.75364715,3.4174054,0.8902053,-3.788843,0.0222942701768286,1357397.75,30339.813705550336,2.182933169799446,0.7756323894453339
Z86352529,Z86352529,CCCN1CCN(c2nccs2)CC1,-3.067918,1.0848083,3.4171104,1.0361297,-3.6103222,0.0430847768934347,1328533.25,54389.65837351343,2.063002912146171,0.7580000041087847
Z54740812,Z54740812,COc1ccc(C(=O)N(C)OC)c(OC)c1,-3.9943078,0.6756729,3.4171016,0.8732765,-4.3321443,0.0100081391579933,1374455.2,10107.812263788835,1.9471599243644313,0.7253504327861887
Z599631086,Z599631086,CSC(C)C(=O)NC(=O)NC(C)(C)C,-3.9109814,1.3054802,3.4164155,1.158676,-4.5637217,0.0215554074981092,1358423.55,33927.7404707048,2.8030368434246835,0.7355331200056071
Z133630910,Z133630910,CC(C)(C)CC(C)(C)NS(C)(=O)=O,-2.6134803,0.86854595,3.4160964,0.78752965,-3.0477533,0.0671098066049626,1295178.1,105672.8717305913,2.421792107328926,0.7660875605597318
Z1525707502,Z1525707502,Cn1ccnc1CN1CCCSCC1,-3.4164557,0.9830033,3.4158885,0.82687736,-3.9079573,0.0296146144704144,1347234.55,47310.13185299212,2.4795357451668103,0.7367979078179956
Z410938774,Z410938774,Cc1cc(Br)ccc1NC(=O)N1CCCCCC1,-3.4218946,0.7420885,3.4156709,0.9434197,-3.7929387,0.0219128461843194,1357927.3,22697.117469185378,1.7589366929602406,0.8294179582331695
Z28259447,Z28259447,CCC(=O)Nc1cc(OC)c(OC)c(OC)c1,-3.7931678,0.4947764,3.4154391,0.5794212,-4.040556,0.0113111247163899,1372646.2,9064.344949305492,1.7143478527435647,0.8540821483417359
Z805587026,Z805587026,CCS(=O)(=O)N1CCCN(S(=O)(=O)CC)CC1,-3.5664508,0.6409425,3.414727,0.7916802,-3.8869221,0.0163355421903698,1365670.55,14812.027161989005,2.2395773510713255,0.7097613265738781
Z278080578,Z278080578,COc1cc(C(C)N)ccc1OC(F)F,-3.750871,0.59584934,3.4141796,0.7463707,-4.0487957,0.0129649584038605,1370350.1,14404.437159778232,2.4115388820309676,0.84122862610074
Z57888149,Z57888149,COc1cc(C=O)c(OC)cc1Br,-3.7955005,0.48285577,3.413285,0.7314842,-4.036928,0.0124934994777974,1371004.65,12768.118946324868,2.0419434862725616,0.7660682846180933
Z841231702,Z841231702,CS(=O)(=O)CCSCc1sccc1Br,-2.6640182,0.48974633,3.4127014,0.70211387,-2.9088912,0.0450334569813086,1325827.8,39930.08487919854,2.774816618080802,0.7837073158178062
Z51840372,Z51840372,COc1ccc(OC)c(C(=O)N(C)OC)c1,-4.0271773,0.46293575,3.4126022,0.43095273,-4.258645,0.0098276011092303,1374705.85,9964.862263348148,1.9497037526291923,0.7253504327861887
Z5609698735,Z5609698735,CNc1ccc(C(F)(F)F)cc1F.Cl,-4.921156,1.9848338,3.4118314,1.2050028,-5.913573,0.0097521518349118,1374810.6,14633.713330525508,2.1640427834943363,0.7288543517883834
Z30270919,Z30270919,CNC(=O)c1cc(Cl)c(OC)c(OC)c1,-3.48622,0.8456945,3.4118092,1.0846124,-3.9090672,0.0209442503691431,1359272.05,20835.063905529543,1.7752769649577633,0.8586622839444853
Z1262624154,Z1262624154,COc1cc(N)c(Cl)c(OC)c1,-3.6423793,0.6878289,3.4113548,0.48009112,-3.9862938,0.0171052688443116,1364601.9,20549.91292901262,2.025056465253991,0.7201287419351532
Z132909882,Z132909882,COc1cc(NC=C(C#N)C#N)cc(OC)c1,-3.6724648,0.8084688,3.4110248,0.54270464,-4.0766993,0.0223843051103828,1357272.75,48614.17558066268,2.5633539795492304,0.7991640742461112
Z104442558,Z104442558,COc1cc(CC(=O)O)cc(OC)c1OC,-4.2490597,0.81141037,3.4109302,1.0300071,-4.6547647,0.0074291785212662,1378035.7,6074.814664662618,1.7226364896596014,0.8202699648096832
Z104478406,Z104478406,COc1ccc(C(=O)O)c(OC)c1OC,-4.8913584,0.6968522,3.410764,1.1543691,-5.2397842,0.003410631324954,1383614.85,2224.88941916222,1.73024581111161,0.8169397956928361
Z1269206073,Z1269206073,O=C1NCCOc2ccc(Br)cc21,-4.1809034,1.9030572,3.4107323,1.576374,-5.132432,0.0386397162098893,1334704.55,91017.2881492714,2.286590269759346,0.7494108670849607
Z33030588,Z33030588,CCCNC(=O)c1cnccn1,-3.1869092,0.92337424,3.4092338,1.0703975,-3.6485963,0.0337004717830519,1341561.95,45510.64047173474,1.9123877152539919,0.7137634358947307
Z32016676,Z32016676,CNC(=O)c1ccc(OC)c(OC)c1,-4.197436,1.2926304,3.408915,1.2797632,-4.843751,0.0181885331508625,1363097.95,37081.24499726917,1.4434032577569145,0.7841726904251466
Z808607066,Z808607066,CC(C)N(C)c1ccc(Br)cn1,-2.5282483,0.5295884,3.4073665,0.6945135,-2.7930424,0.0549514891778009,1312058.1,51385.42324132399,2.385117042177068,0.774534426627132
Z1266823112,Z1266823112,Cc1cc(CN)ccc1N(C)C.Cl.Cl,-5.842897,2.2268784,3.4068432,1.1844144,-6.956336,0.0057062340187993,1380427.75,11667.557820190994,2.30446791600888,0.8550674088124215
Z54128072,Z54128072,CC(C)(C)NC(=O)c1cccs1,-3.4066024,1.1252182,3.406475,1.3822936,-3.9692116,0.0338677566895956,1341329.7,55914.50062649224,1.9693386767924537,0.7106913565937926
Z1317595507,Z1317595507,CCCCN(C)c1nc(COC)ns1,-2.984101,0.34831804,3.40578,0.6510506,-3.15826,0.0276684553606799,1349936.5,14668.771334027946,2.6855539584732018,0.7264032634739032
Z98976556,Z98976556,COC(=O)COc1ccc(C#N)cc1Cl,-3.75078,0.5807254,3.4047325,0.5487661,-4.041143,0.0137609032304534,1369245.05,15056.440118683431,1.9098914677720238,0.735874528470116
Z412464080,Z412464080,CSc1ccc(NC(=O)N2CCCCCC2)cc1,-3.6520977,1.0659716,3.4044368,1.1860012,-4.1850834,0.0240368062808369,1354978.5,37352.8071575618,1.776066609423868,0.823636160030751
Z3992279238,Z3992279238,COC(=O)c1ncc(CN)s1.Cl,-5.4173756,1.8621745,3.40342,0.9952919,-6.348463,0.0062833939568552,1379626.45,12006.261185210822,2.8914224547080867,0.7309939267398202
Z1250619666,Z1250619666,COc1cc(NS(=O)(=O)N(C)C)cc(OC)c1OC,-3.4972491,0.9923061,3.4033325,0.82747394,-3.9934022,0.0300223286635213,1346668.5,51309.13453226433,2.0947006358322096,0.8431131560179277
Z1551461252,Z1551461252,Cl.Cl.NCCN1CCN(CC(F)(F)F)CC1,-5.335373,1.9273007,3.4020584,1.0227058,-6.299023,0.0079872510534088,1377260.9,15161.202884006269,2.480969244579102,0.8379046679649906
Z183733442,Z183733442,O=C(c1ccsc1)N1CCCCCCC1,-3.2294726,1.4998168,3.400952,1.2736506,-3.979381,0.0703292037310476,1290708.45,148280.71624101195,1.8790236782444758,0.7158865849602118
Z803053840,Z803053840,CC(C)(C)CNc1cccnc1,-2.953581,1.0532978,3.4005895,1.3191425,-3.4802299,0.0483924802823495,1321164.3,67628.40665881461,2.1091541488204246,0.7262007139170685
Z361598984,Z361598984,COc1cc(Br)c(C(=O)O)cc1OC,-4.7995596,0.8418079,3.3999639,1.2055744,-5.2204638,0.0038945870997947,1382942.95,2529.651586187315,1.754258964070516,0.9053326853563121
Z1263529671,Z1263529671,CS(=O)(=O)CCN1CCNCC1.Cl.Cl,-6.035934,2.6276848,3.3987687,1.0062491,-7.3497763,0.0064250369143227,1379429.8,12055.91385005716,2.5653794867910378,0.7662176913871278
Z1139574894,Z1139574894,CC(O)CN1CCN(CCOCC(F)(F)F)CC1,-4.2416906,0.39490396,3.39811,0.35932684,-4.4391427,0.0067266899557028,1379011.0,5866.053076814086,2.7346786224999704,0.715660144046386
Z99599890,Z99599890,COc1cc(Cl)c(C(C)=O)cc1OC,-3.141773,0.6672086,3.396759,1.1226888,-3.4753773,0.0294309071919903,1347489.6,41239.88744940994,1.7220685274800793,0.7258577518651976
Z1671919954,Z1671919954,c1snnc1CN1CCCSCC1,-2.9252963,1.4209068,3.3967445,1.350712,-3.6357498,0.0904551806100766,1262766.55,182951.8243118868,2.8699864955709558,0.7470014712951458
Z1230587385,Z1230587385,CCCCNC(=O)N1CCCN(CCC)CC1,-3.3962505,0.6482902,3.3965802,0.68798494,-3.7203956,0.0208913818561602,1359345.45,20731.13585521787,1.8749165818405569,0.7463941547774167
Z435671210,Z435671210,COCCN1CCCN(C(=O)C(C)(C)C)CC1,-3.7140527,0.5558592,3.3965294,0.5777954,-3.9919822,0.0121272373680988,1371513.15,7010.418748370171,2.0172113978940676,0.7456368960858218
Z409422586,Z409422586,N#Cc1ccc(OCCCN2CCCCCCC2)cc1,-3.5335548,0.6837432,3.396227,0.74995476,-3.8754263,0.0173681708502899,1364236.9,14187.264743071511,1.8041791591463276,0.768468568213063
Z1269186244,Z1269186244,COc1ccc(Br)c2occc12,-2.8104463,0.8110342,3.395858,1.0656819,-3.2159634,0.048345986242662,1321228.85,60009.38099770319,2.284604909824127,0.7457580467995641
Z432999252,Z432999252,CCCN(C)CC(=O)NCC(F)(F)F,-3.237941,0.4704944,3.395513,0.57155645,-3.4731882,0.0217464256131377,1358158.35,14553.336680208426,2.229784431845985,0.7371672760617148
Z32024708,Z32024708,CCNC(=O)c1ccc(OC)c(OC)c1,-4.2436376,1.1712431,3.3954194,1.2563066,-4.829259,0.014642849425577,1368020.6,24393.88966811156,1.4550047885975381,0.8161038753892033
Z1837104501,Z1837104501,CCC(C)(C)CNCc1ncc[nH]1,-2.732203,1.1415787,3.395307,1.4778451,-3.3029923,0.0669209853423128,1295440.25,85255.00870498753,2.771974365393442,0.7284551665668498
Z3400429857,Z3400429857,Cc1cnccc1-n1ccnc1.Cl.Cl,-4.5748286,1.6892878,3.3945642,1.2850404,-5.4194727,0.0100624122159397,1374379.85,13717.349606520203,2.6236664484780015,0.7553985974938725
Z62678716,Z62678716,CNC(=O)Cc1ccc(OC)cc1OC,-4.0434103,0.57204896,3.3943794,0.84498477,-4.329435,0.0085178449238304,1376524.25,6056.537409072944,1.7396648261209897,0.8041171060857143
Z235449196,Z235449196,COc1cc(CO)cc(OC)c1OCC(N)=O,-4.269571,0.430689,3.3942077,0.43126577,-4.4849153,0.0072606331256528,1378269.7,7061.976529980824,1.9496301269910568,0.7345077205375922
Z851139124,Z851139124,CC(NC(=O)OCC(F)(F)F)c1cccs1,-3.105313,1.0859647,3.394104,0.92986125,-3.6482954,0.0467134007995102,1323495.45,77214.21972310217,2.7427789165718046,0.8984471371270694
Z239127360,Z239127360,COc1cc(CN)ccc1OCC(F)(F)F,-3.8616185,0.6159257,3.3940969,0.7415489,-4.1695814,0.0130392552310296,1370246.95,17117.39429783342,1.9453856846506579,0.8686379253386408
Z432070758,Z432070758,CN(C)C1CCN(C(C)(C)CN)CC1,-3.374064,0.44726506,3.3939693,0.7233587,-3.5976965,0.0193178233154462,1361530.1,18792.440745948887,2.629994515006066,0.7278372874823601
Z2686478778,Z2686478778,COCc1nc(CSCCN)cs1,-2.8800087,0.7513236,3.3935819,0.8350253,-3.2556705,0.0411626030899989,1331201.9,44133.7052567536,2.637837255206332,0.7347918278276389
Z51810877,Z51810877,CC(C)NC(=O)CSCc1cccs1,-2.763208,0.9636601,3.39343,0.9025054,-3.245038,0.0568455720819678,1309428.45,78430.00611658461,2.13467230166847,0.8402818490620306
Z1159374678,Z1159374678,c1c[nH]c(CNC2CCSCC2)n1,-3.3028703,1.2657937,3.392797,1.3789059,-3.9357672,0.0456756581553643,1324936.2,82810.31109445248,2.8096527677603067,0.7691730709673256
Z411693274,Z411693274,CCn1cc(NC(=O)N(C)C)cn1,-3.4201705,1.0803303,3.3923416,0.9363989,-3.9603357,0.0321814383980985,1343670.9,52339.17547392202,2.2446155741846514,0.7412906677727584
Z221098888,Z221098888,CC(=O)NCCCN1CCCCCC1=O,-3.828424,1.532541,3.391605,1.2516137,-4.5946946,0.0343773904274858,1340622.15,69587.13610450929,1.964579272650072,0.7042850314429151
Z1845253275,Z1845253275,C#CCN(C)CC(=O)Nc1nccs1,-2.947845,0.93173236,3.3903782,1.3405977,-3.413711,0.0459879713328771,1324502.6,66112.42153438338,2.6162237809584106,0.7403860196567362
Z1243685479,Z1243685479,C=C(Br)CN1CCCS(=O)(=O)CC1,-3.682607,1.0865538,3.38926,0.7892023,-4.225884,0.0201177296791155,1360419.55,26666.06336614949,2.892908321437398,0.7499277960353815
Z642326440,Z642326440,CCN(C)C(=O)Nc1ccc(C#N)cc1,-3.7960865,0.46045268,3.389174,0.68598765,-4.026313,0.0106783592033709,1373524.7,6594.677741178866,1.9268175465712716,0.7991997748941154
Z1499995952,Z1499995952,CNC(=O)Nc1cnc(N(C)C)nc1,-3.7123592,0.98674035,3.3889859,0.892481,-4.2057295,0.0191363849173479,1361782.0,25800.211743317148,2.3717077111982103,0.7114098439116121
Z2301235138,Z2301235138,COc1cc2c(c(OC)c1)NCCC2.Cl,-4.7504416,1.7706205,3.3883724,1.1308035,-5.6357517,0.0092125184571613,1375559.8,13315.13573194055,2.3882591976031673,0.8454165153670781
Z743914696,Z743914696,CC(Cn1ccnc1)NC(=O)OCC(F)(F)F,-3.2014477,1.1291944,3.3880703,0.9799464,-3.7660449,0.0427826556704001,1328952.7,70563.95584793981,2.9695643015893474,0.8830440857901134
Z54752697,Z54752697,CN(C)CCOc1ccc(C#N)cc1,-4.130721,0.73448175,3.384901,0.84218264,-4.497962,0.0098106385277488,1374729.4,10626.334680406031,1.7728048460471673,0.7214893050119697
Z281801756,Z281801756,CCN(CC)c1ccc(C#N)cn1,-3.0940387,0.7822695,3.3843455,1.2216434,-3.4851735,0.0339876472071163,1341163.25,52298.01586950981,2.287978211547289,0.7028537343595238
Z416916418,Z416916418,CS(=O)(=O)Cc1cc(Cl)c2c(c1)OCCCO2,-3.6954224,1.1326153,3.3841634,0.9701782,-4.26173,0.021883422768034,1357968.15,31236.348095247948,2.381807334704714,0.8295093035307883
Z382784626,Z382784626,C=CCN1CCCN(Cc2cccs2)CC1,-3.0525835,1.3893507,3.3828998,1.1270605,-3.7472587,0.0661440198797134,1296518.95,114500.73784280824,2.1296833362321284,0.7409530529340838
Z90563018,Z90563018,CC(NCc1ccco1)c1cccs1,-2.6748033,0.88415647,3.3827164,0.86631864,-3.1168814,0.0544108474087946,1312808.7,57502.59063564007,2.5493416303450793,0.8325322345250077
Z2791810788,Z2791810788,CC(F)(F)CCCS(N)(=O)=O,-3.0655694,0.65631634,3.3825746,0.6798153,-3.3937275,0.0289078402420138,1348215.8,22199.62995772677,2.779231105527998,0.7041769049808472
Z1483956809,Z1483956809,COc1ccc(CN)cc1C#N.Cl,-4.9857564,1.7177125,3.3825214,1.0454851,-5.8446126,0.0095520221846077,1375088.45,16940.451031407043,2.1183863563436667,0.7826897760030861
Z2010040050,Z2010040050,CCCN1CCN(CCSC(C)(C)C)CC1,-3.4060025,0.8921877,3.3823,1.1177197,-3.8520963,0.0283423848453199,1349000.85,40430.263865420166,2.247986936886793,0.7337207438526132
Z133709426,Z133709426,CC(NS(C)(=O)=O)c1cccs1,-2.9907699,1.0518287,3.3820014,0.9606078,-3.5166843,0.0478290056541937,1321946.6,72489.29672055041,2.6861263630964274,0.8095084427538659
Z432102186,Z432102186,COc1cc(OC)c(S(=O)(=O)Cl)cc1S(=O)(=O)Cl,-2.847874,0.5754149,3.3811374,0.8958961,-3.1355815,0.0378867000396153,1335750.0,35198.9739438524,2.3701987035838865,0.7762901169161538
Z90666848,Z90666848,COc1ccc(OC)c(C(C)N)c1.Cl,-5.0647993,1.5442059,3.3805084,1.0991865,-5.836902,0.0090908632549429,1375728.7,19657.60953193445,2.295268271996113,0.8440018742044338
Z140667776,Z140667776,CCN(C)Cc1ccc(OC)c(OC)c1,-3.8790104,0.597163,3.3787746,0.83152646,-4.177592,0.0106508445276768,1373562.9,9233.653258055558,1.6723725184286806,0.7414081220246777
Z8710130556,Z8710130556,COc1cc(C=O)c(OC)c(OC)c1C(C)C,-3.061736,0.36838543,3.378718,0.57492036,-3.2459288,0.0255812295170525,1352834.3,15213.997062245016,2.4021250433790176,0.7396443500060235
Z2012435991,Z2012435991,O=C(NCCCOC(F)F)N1CCSCC1,-3.8459945,0.47832817,3.377771,0.4469858,-4.0851583,0.0114809306010732,1372410.45,10370.505906053955,2.6351115522714093,0.7534905587933279
Z51851901,Z51851901,CCN(CC)C(=O)CSCc1cccs1,-2.1012132,0.56663495,3.3775482,0.8033468,-2.3845308,0.0861640076349623,1268724.2,64999.52373025513,2.2479671847379823,0.7655080825890126
Z782941804,Z782941804,CC(=O)NCC(C)CN1CCCCC1,-3.7886684,0.89438623,3.3769734,0.79506326,-4.2358613,0.0161932509813806,1365868.1,21847.1877753179,2.447608508682503,0.7369712372081123
Z102767908,Z102767908,CCOc1cc(CNC)ccc1OC(F)F,-3.5155396,0.8289578,3.376531,0.96910524,-3.9300184,0.0208253682428781,1359437.1,24003.76531067574,1.9546970767469336,0.8151000795679417
Z1025337326,Z1025337326,CCCN(C)C(=O)NC(C)COCC(C)C,-3.5782216,0.6266582,3.3761973,0.5902704,-3.8915505,0.0189092808009507,1362097.3,24837.366174979183,2.810096601212745,0.7274301585087631
Z1416184911,Z1416184911,COc1ccc(Br)cc1S(=O)(=O)F,-3.378326,0.6887834,3.3754227,0.8437762,-3.7227178,0.0202512334785897,1360234.2,15832.944671159565,2.1629424649409525,0.7721848148345339
Z1575082126,Z1575082126,COc1ccc(SC)c(OC)c1C(=O)O,-3.9535775,0.53307474,3.3752892,0.50087994,-4.2201147,0.010801959160154,1373353.1,11694.649519759028,2.3006485034193016,0.7998636665408237
Z4395410429,Z4395410429,CCNC(=O)C1CCCNCC1.Cl,-5.3025265,1.686589,3.3746943,1.052014,-6.145821,0.008461014873771,1376603.15,16789.53115270048,2.603893590158954,0.7062222564387497
Z295206834,Z295206834,CCN(CC)CCOc1ccc(C#N)cc1OC,-3.7885613,0.87349683,3.3743641,0.92303973,-4.22531,0.0169379839377679,1364834.15,18646.471044878705,1.9670271182996082,0.7423805617495809
Z3919190367,Z3919190367,O=S(=O)(F)Oc1cccc(Br)c1,-3.7834332,1.2810857,3.373994,1.303735,-4.423976,0.0187333885547592,1362341.5,19675.42629398408,2.4290266575616855,0.7592836317855164
Z1682072470,Z1682072470,COc1ccc(Br)cc1CCN.Cl,-4.928635,1.951851,3.3739877,1.2447001,-5.9045606,0.009220261461447,1375549.05,14179.469903614168,1.9651460848504545,0.9115816399388046
Z756475412,Z756475412,O=C(NCCCn1ccnc1)OCC(F)(F)F,-3.2074323,0.9986869,3.3739247,0.8328338,-3.7067757,0.0360722440306838,1338269.1,57266.209657964966,2.389192932086056,0.8078486501996623
Z32396344,Z32396344,CCOCC(=O)Nc1cc(OC)cc(OC)c1,-4.1032133,0.6901127,3.373193,0.5403513,-4.44827,0.0105450354737638,1373709.8,11380.326311666113,1.7863726374870357,0.8201709372916275
Z552112094,Z552112094,CC(Cn1ccnc1)NC(=O)N1CCCC1,-3.1092637,1.0367043,3.3721337,1.1049818,-3.627616,0.0441443440054741,1327062.2,69224.47911512227,2.681680977705817,0.8315482080032156
Z1486036567,Z1486036567,COc1cc(F)c(Br)cc1C=O,-3.3581822,0.5543122,3.371837,0.5885131,-3.6353383,0.0228396297763531,1356640.6,30910.268038954306,2.201763676792453,0.7328496562776458
Z1357880798,Z1357880798,O=C(O)C=CSCc1ccco1,-4.112028,1.9550183,3.3715625,1.3129631,-5.089537,0.0240615478805776,1354944.15,32227.14456056416,2.8726551360684702,0.7279296962445011
Z839076114,Z839076114,CNC(=O)CNC(C)(C)CC(C)(C)C,-3.2874806,0.6171818,3.3704777,0.5691827,-3.5960715,0.0229002052796485,1356556.5,29235.430456040835,2.4321320142635674,0.7224606429945871
Z433862332,Z433862332,CCC(C)(C)NC(=O)CN1CCSCC1,-3.5264573,0.71606606,3.3688743,0.50866,-3.8844903,0.0189854863687111,1361991.5,21038.849644170183,2.4064483158020415,0.7908398646428908
Z66337584,Z66337584,COc1ccc(CC(=O)N(C)OC)c(OC)c1,-3.6588159,0.5763308,3.3684623,0.93764025,-3.9469812,0.0148839269636619,1367685.9,15800.18520429428,2.061859223981026,0.7258620528905043
Z415689826,Z415689826,CNC1CCN(C2CCN(C)CC2)CC1,-4.2550263,0.84168,3.3682797,0.7401229,-4.675866,0.0082249072640184,1376930.95,7486.214901236806,2.2300282887502494,0.7275159596888887
Z89606331,Z89606331,CCC(=O)NC(C)c1ccco1,-3.5017047,0.55000144,3.3681118,0.87785834,-3.7767055,0.0161528433032016,1365924.2,11621.40374739644,2.463275401557965,0.7462323804889125
Z808605480,Z808605480,COc1cc(CC#N)c(Br)cc1OCC(F)(F)F,-3.197857,0.6303436,3.3680046,0.6783878,-3.5130286,0.0291901177656931,1347823.9,42215.55964795445,2.4933836952226844,0.8516691835492289
Z381016696,Z381016696,C#CC(=O)Nc1ccc(Br)cc1,-3.8953037,0.89846164,3.367231,1.1136401,-4.3445344,0.0128449598444196,1370516.7,12591.068541231914,2.1786954075616833,0.7261242638200444
Z5213045833,Z5213045833,CNCc1ccc(OC)c(OC)c1Cl.Cl,-4.2140865,1.5760964,3.3667016,1.0457146,-5.002135,0.0136787193431051,1369359.15,15853.84014135061,2.156213592176698,0.8925508986295905
Z57204178,Z57204178,COc1cc(Br)c(Br)cc1OCC(=O)O,-4.612262,0.5996272,3.3665452,0.886569,-4.9120755,0.0057183707278424,1380410.9,5949.768566087256,2.002942349573148,0.9158752715998977
Z2895329228,Z2895329228,CSc1cc(Br)ccc1OC(F)(F)F,-3.1036925,0.6069641,3.3663185,0.92512035,-3.4071746,0.0295625742788201,1347306.8,34974.60683924838,2.3355766355881897,0.7582322935741952
Z1484781463,Z1484781463,CCCS(=O)(=O)CCn1ccnc1,-2.964606,0.9086189,3.3662848,1.0281533,-3.4189155,0.0411706702200453,1331190.7,45536.75608022601,2.5518089807780573,0.7062015850972568
Z247484558,Z247484558,O=C(Nc1nncs1)c1ccsc1,-3.1976962,1.3526537,3.3662822,1.4328194,-3.874023,0.0678340836244462,1294172.55,156394.26907162392,2.410674162964291,0.8243754828617003
Z31432114,Z31432114,CC(=O)NCCC(=O)N1CCCCCC1,-3.5931423,0.88032967,3.3660374,0.9213218,-4.033307,0.0206120934922749,1359733.2,26825.395192988304,1.7641430089138073,0.7558068801253114
Z1196132605,Z1196132605,C=C(Cl)CN(C)CCNS(C)(=O)=O,-3.2242513,0.47933665,3.3636837,0.37973413,-3.4639196,0.0237615154680016,1355360.7,23844.22306995973,2.7947460437151204,0.7051795830072861
Z281887310,Z281887310,COc1cc(NC2CCCCNC2=O)cc(OC)c1OC,-3.3841891,0.93395,3.3629165,0.98621047,-3.851164,0.0268551157849246,1351065.7,38215.52417028975,2.6441200942198453,0.8663204466404936
Z3013892462,Z3013892462,CNc1ccc(F)c(C(F)(F)F)c1.Cl,-4.7552013,1.6767949,3.3622012,1.1499077,-5.593599,0.009105304858285,1375708.65,13398.241822250411,2.178612893384445,0.7288543517883834
Z512617526,Z512617526,COCCCCNC(=O)N1CCSCC1,-3.6798222,0.39763686,3.3616576,0.43544015,-3.8786407,0.0122912450030612,1371285.45,8564.669978901697,2.2345105785534702,0.7235427853091365
Z823855528,Z823855528,CC(C)OCc1ccc(Br)cc1,-3.7032497,0.84408915,3.3613353,0.9662654,-4.125294,0.0171422912089891,1364550.5,20964.36296551841,1.6772506523169284,0.7715108577091261
Z219194302,Z219194302,COC(=O)CCNc1ccc(C#N)cn1,-3.5207703,0.468722,3.3604312,0.5337092,-3.7551312,0.0168698455000539,1364928.75,19192.83658262895,2.1646364155072124,0.7398118326254359
Z3244908399,Z3244908399,COc1ccc(CNC(C)C)cc1OC.Cl,-4.767217,1.5956866,3.3603923,1.0057949,-5.5650606,0.0110169265675083,1373054.65,20558.127121104684,1.726642980842838,0.8652501988940865
Z440633872,Z440633872,C=CC(=O)Nc1cc(OC)c(OC)c(OC)c1,-3.9734013,0.71350396,3.3599153,1.0442283,-4.3301535,0.0107608312025065,1373410.2,10709.23446657136,1.9606739397000865,0.7937317149806506
Z4899990825,Z4899990825,Cl.Cl.FC(F)(F)CNC1CCNCC1,-5.4194746,1.7411098,3.3596292,1.0104855,-6.2900295,0.0058856916483595,1380178.6,10921.415670140936,2.8200893769009294,0.7848491285311042
Z28173777,Z28173777,O=C(Nc1nccs1)c1cccs1,-3.297586,1.2672721,3.359546,1.5752687,-3.931222,0.0509759066517808,1317577.6,107682.8166410036,2.035461612357004,0.826885837513432
Z2941405025,Z2941405025,COc1cccc2c1OCCNC2.Cl,-5.3559437,2.3073616,3.3594918,0.96728367,-6.5096245,0.0084761047286346,1376582.2,16885.513816878658,2.3920723016684686,0.7721752138230145
Z1509340852,Z1509340852,CC(CCC#N)NC(=O)OC(C)(C)C,-3.3241184,0.8392259,3.358619,0.48563322,-3.7437313,0.0310868296899196,1345190.6,50617.21076116305,2.802425964303806,0.7557598009579565
Z1230587384,Z1230587384,CCCN1CCCN(C(=O)NC(C)COC)CC1,-3.7955048,0.55946314,3.358523,0.49989378,-4.0752363,0.0119746101487376,1371725.05,10104.391117108442,2.4971824969112717,0.80332970538888
Z2028214408,Z2028214408,COC(=O)C(N)CN1CCCCC1.Cl.Cl,-5.8244276,2.3302104,3.3585136,0.9568884,-6.989533,0.0075342672957107,1377889.8,17236.468854147595,2.7764766755532353,0.7621643648110019
Z808608862,Z808608862,COCCOc1ccc(Br)cn1,-3.8084455,0.5128705,3.358416,0.37590897,-4.064881,0.0122559873230814,1371334.4,12340.275030970744,2.019931606656707,0.7423048105088423
Z3073022499,Z3073022499,CN(CCN)c1ccc(Br)cc1C#N.O=C(O)C(F)(F)F,-3.9680817,0.75859535,3.3577857,0.8329472,-4.347379,0.0103115928980445,1374033.9,9719.667138847914,2.602686000693417,0.8549944842087522
Z1813349750,Z1813349750,CC(C)(C)OC(=O)NCCSCC(=O)O,-4.234785,0.6550346,3.3572946,0.6607379,-4.5623026,0.0083638491734793,1376738.05,8816.82553686416,2.1769437696914906,0.7030005452293013
Z390180838,Z390180838,c1csc(NC2CCNCC2)n1,-3.586265,1.2500744,3.3563912,1.0619001,-4.2113023,0.0289617531602262,1348140.95,48019.299949577566,2.5192992537155288,0.7255370026092022
Z1321376335,Z1321376335,CNC(=O)Nc1ccc(Br)c(OC)c1,-4.143054,0.54395336,3.3563466,0.5138128,-4.4150305,0.0074217236287679,1378046.05,4898.051617480159,1.846792731441127,0.854979083429888
Z45527758,Z45527758,CNS(=O)(=O)c1ccc(OC)cc1OC,-3.444858,1.0554526,3.3562324,1.0686144,-3.9725842,0.0309034465372565,1345445.2,51551.33156049415,1.8138661957269928,0.8243186396911076
Z19753986,Z19753986,COc1ccccc1OCC(C)=O,-4.243553,0.7749718,3.3558125,0.83398783,-4.631039,0.0108296899196888,1373314.6,17002.00477120272,1.5369935961626737,0.7065085592181978
Z5143427122,Z5143427122,COc1cc(CN)c(OC)cc1C.Cl,-4.887704,1.7259225,3.3545957,1.0691862,-5.750665,0.0089034825512298,1375988.85,14674.188690605692,2.0122498164613685,0.8412502356184516
Z18747690,Z18747690,CCOc1ccc(C(=O)OC)cc1OCC,-3.9166007,0.6039049,3.3526993,0.9490788,-4.218553,0.010602189649584,1373630.45,8877.792346495835,1.5529037201035774,0.7195738217138683
Z839796262,Z839796262,CCOc1ccc(C#N)cc1NCC(=O)OC,-3.7829292,0.82484233,3.3514438,0.31217805,-4.19535,0.0177857528721144,1363657.15,28540.20313746032,2.061911099025499,0.7823194306771672
Z1529019646,Z1529019646,CCOCCNc1ccc(C#N)cc1Br,-3.4698768,0.95672476,3.3512402,0.38413253,-3.948239,0.0264178341196383,1351672.8,36857.95192573782,2.1870342177050155,0.835807423494695
Z166701826,Z166701826,O=C(Nc1cccnc1)N1CCCCCC1,-3.5193143,1.5288861,3.350371,1.5254003,-4.283757,0.0629643461663125,1300933.45,141059.1657867276,1.7618204884416215,0.7883102643322741
Z371875384,Z371875384,CC(C)CN(CC(C)C)C(=O)NC(C)C,-2.870448,1.1036594,3.3498409,0.75830793,-3.422278,0.0666195123707998,1295858.8,113200.0035298586,2.178751337427398,0.7495556159069587
Z1381260452,Z1381260452,COc1cc(OC)cc(OCCCN)c1.Cl,-4.943578,1.5551908,3.3498178,0.9493576,-5.7211733,0.0083143299600244,1376806.8,13803.31745849526,1.9525921247222158,0.7799292605550082
Z332372766,Z332372766,CCN(CC)C(=O)Nc1ccc(C#N)cc1,-3.684831,0.36591807,3.3497727,0.72031367,-3.86779,0.0120713796953217,1371590.7,8810.118768211925,1.8649708529707105,0.8449122127401824
Z1431904704,Z1431904704,COc1cc(OC)cc(OCCN)c1.Cl,-5.5521235,2.1562595,3.3496494,1.0566223,-6.6302533,0.0072962149313933,1378220.3,15326.937682068134,1.9730588880346858,0.8368586663230789
Z1269216829,Z1269216829,Clc1ncc(CN2CCCCCC2)s1,-2.78641,1.7244525,3.3492637,1.2409784,-3.6486363,0.1481255807253213,1182699.85,323679.5701185471,2.2016535688065844,0.7760673592065671
Z111519572,Z111519572,COc1ccc(CNC(C)(C)C)c(OC)c1,-3.8271117,0.5696316,3.348991,1.0014658,-4.1119275,0.0112242590124967,1372766.8,8546.160252417456,1.8105788867973498,0.8507234242314926
Z1981199179,Z1981199179,CC(C)(C)CCS(=O)(=O)NCC[Si](C)(C)C,-2.3317819,0.59224355,3.3489807,0.39258802,-2.6279037,0.0709132783520005,1289897.55,63916.02639125418,2.910016552271408,0.7505946256515396
Z1951627401,Z1951627401,COC(=O)[C@@H](C)NCc1ccc(C#N)s1,-3.4177518,0.5382446,3.348926,0.69349885,-3.6868742,0.0178883926963662,1363514.65,15148.057645371566,2.978981030248603,0.782279994066787
Z1308873875,Z1308873875,O=C(NCCC(F)(F)F)N1CCC1,-3.4812515,0.6382222,3.3486855,0.6722708,-3.8003626,0.020015810134332,1360561.05,24951.7348945419,2.1525863563436687,0.7100065988994083
Z5385134673,Z5385134673,COc1cc(CN)c(F)cc1Br.Cl,-4.9732227,2.1243713,3.3483016,1.1642723,-6.0354085,0.0084923110166744,1376559.7,13240.06649567894,2.263389400358477,0.8959174401780562
Z45830184,Z45830184,CNC(=S)Nc1cc(OC)ccc1OC,-3.7959003,0.6574007,3.348225,0.54103905,-4.124601,0.0127514315554434,1370646.55,12674.82504208638,1.8283984096106707,0.7666371739188442
Z1258795326,Z1258795326,CC(CS(C)(=O)=O)NC(=O)OC(C)(C)C,-3.6463807,0.8950273,3.3478904,0.52857286,-4.0938945,0.0205453235855512,1359825.9,33056.90405180134,2.6551347344218197,0.7926834037263601
Z137709572,Z137709572,CN(CCO)CC(=O)N1CCCCCCC1,-4.059331,1.1456211,3.3478456,0.93843234,-4.6321416,0.016759246587676,1365082.3,30115.375171330677,1.979240783040641,0.7702134618508227
Z2432908310,Z2432908310,CCC(C)(C)CCS(N)(=O)=O,-3.219426,0.7857705,3.3471112,0.59371394,-3.6123111,0.0327637123203803,1342862.5,60733.99215307685,2.715467002963896,0.7021987950886378
Z728910336,Z728910336,COc1cc(NC2CCNCC2)cc(OC)c1,-3.965943,0.5810609,3.3470798,0.5691791,-4.2564735,0.0100769978751754,1374359.6,10878.188398809794,2.1001758440069604,0.8372137180301574
Z51999645,Z51999645,C=CCNC(=O)CSCc1cccs1,-2.6863801,0.8805931,3.3469856,0.8750644,-3.1266768,0.0585213742932256,1307101.85,79316.45731389862,2.3617732779998306,0.7554560655749144
Z2010016640,Z2010016640,NC(=O)COc1cc(F)c(Br)cc1Cl,-3.2201056,0.5366577,3.3466556,0.6836958,-3.4884346,0.0251328555479525,1353456.8,23705.98819412513,2.1344668642784175,0.8633172041590406
Z1661213745,Z1661213745,O=C1NCCOc2cc(F)c(Br)cc21,-3.6648796,1.6282574,3.3464036,1.5761639,-4.479008,0.0471349083444376,1322910.25,103096.4420520296,2.5770853194199486,0.7707075577839028
Z19024328,Z19024328,COC(=O)Cn1ncc(Cl)c(Cl)c1=O,-3.2837434,1.0299245,3.3456016,0.93854654,-3.7987056,0.0357113119890517,1338770.2,56980.537379529866,2.274245658457211,0.7108354709678825
Z1913661010,Z1913661010,Cl.Cl.NCc1cnc(N2CCOCC2)s1,-5.8735676,2.307231,3.3454957,0.9756879,-7.027183,0.0062911369611409,1379615.7,12940.150749121896,2.7225650418808396,0.8808653756687644
Z56796306,Z56796306,c1csc(NC2=NCCCCC2)n1,-3.4007049,1.4093858,3.3454666,1.5017304,-4.1053977,0.0491537796665105,1320107.35,98932.38810080092,2.7024089807780562,0.747305113611651
Z372854098,Z372854098,CCOc1ccc(C(C)N)cc1OC.Cl,-4.548564,1.3977727,3.3441586,0.9372714,-5.2474504,0.0111916663665502,1372812.05,18566.43938259299,2.2703332311433932,0.8663132588097089
Z1269138692,Z1269138692,COC(=O)c1cc(Br)c(C)cc1OC,-3.8199985,0.4716471,3.3435218,0.5210076,-4.055822,0.0107379263154103,1373442.0,7599.530919734454,1.8657167603283131,0.7654641974265112
Z730610822,Z730610822,COc1cc(CC#N)cc(Br)c1OCC(F)(F)F,-2.8989697,0.7102579,3.343439,0.7071919,-3.2540987,0.0415779882594447,1330625.2,49300.08378147039,2.4354952336842235,0.8516691835492288
Z82275758,Z82275758,CCC(C)NC(=O)c1ccsc1,-3.3364453,0.98191595,3.3427072,1.2101512,-3.8274033,0.030901789894479,1345447.5,46514.316806226445,2.4310684085509724,0.7649253631645625
Z4469469775,Z4469469775,Cl.Cl.c1ncnc(N2CCNCC2)n1,-5.7015996,2.3339174,3.3420868,1.0897993,-6.8685584,0.0067209637339288,1379018.95,13146.512105783038,2.7825413144370774,0.7529412518852402
Z1618110784,Z1618110784,COc1cc(Br)cc(OC)c1C=O,-3.4411225,0.3699149,3.3418994,0.65938544,-3.62608,0.0167572658191378,1365085.05,12279.317861652577,2.1892744752835505,0.7660682846180933
Z1272132368,Z1272132368,COCCNc1cncc(Br)c1,-3.1176329,1.1321003,3.341359,0.9454952,-3.683683,0.0400255339071559,1332780.55,46494.7713248221,2.1864886202313674,0.8033344067450336
Z1824565757,Z1824565757,COc1c2c(cc3c1OCO3)CCN(C)C2,-3.639408,1.51003,3.340665,1.5519193,-4.394423,0.0335393092519897,1341785.7,57957.47998671095,2.5328203817028463,0.7171697076058046
Z1981198915,Z1981198915,CCN(C)S(=O)(=O)NCC[Si](C)(C)C,-2.6364636,0.44597754,3.3404853,0.3371237,-2.8594525,0.0465866676270393,1323671.4,39993.03376014378,2.9938902560218086,0.7048350081816297
Z281773836,Z281773836,COc1cc(C2CCCN2)cc(OC)c1OC,-3.1166687,1.0184528,3.3394303,1.0255963,-3.625895,0.0420203478949832,1330011.05,64768.73539098552,2.539847537375298,0.8705444712716872
Z2048089309,Z2048089309,O=C(O)C=CCNC(=O)N1CCCCCCC1,-4.4058485,1.715724,3.3386626,1.0613419,-5.2637105,0.0213512802967551,1358706.95,42780.56147419643,2.2104954279944025,0.7361161011390939
Z1192662294,Z1192662294,CC(CS(C)(=O)=O)NC(=O)C(C)(C)C,-3.7632394,0.81329507,3.3379943,0.7906269,-4.169887,0.0149714409190766,1367564.4,16879.062252980762,2.821936145299281,0.7580282283414739
Z1266933837,Z1266933837,CCN(C)c1cc(CN)ccn1.Cl.Cl,-4.981705,1.8319947,3.3374927,0.98212326,-5.8977027,0.008285770879101,1376846.45,14154.186841620396,2.6497935527251038,0.8731417852356677
Z1583347273,Z1583347273,CN(C)C(=O)c1cc(Br)cc(Br)c1,-3.2619457,0.66780597,3.336864,0.7316812,-3.5958488,0.0254184823711599,1353060.25,31603.4334999775,2.0351954061174222,0.7810550292737244
Z1706138007,Z1706138007,CC(C)OCCC(C#N)NC(=O)OC(C)(C)C,-3.7085755,1.0707122,3.3367314,0.49664992,-4.243932,0.022678791371052,1356863.9,28702.62610790169,2.9651098625501255,0.8019941973494068
Z405057312,Z405057312,CN(C)c1cc(Br)ccc1CO,-3.8571403,0.80672115,3.3367248,1.0457681,-4.260501,0.013773003925523,1369228.25,13949.088976972656,2.1615103114078362,0.8394625759072293
Z1359607772,Z1359607772,CN(C)S(=O)(=O)c1scc(Br)c1Br,-2.0096812,0.6550584,3.3359382,1.4151692,-2.3372104,0.1008765080851369,1248298.1,96476.7927021312,2.9687796101486867,0.8230774365675032
Z292838644,Z292838644,CCOC(=O)CCNC(=O)OC(C)(C)C,-4.008846,1.0797635,3.335902,0.8427574,-4.5487275,0.0181332156876867,1363174.75,31512.367795637,1.8351106335968161,0.7240021827274598
Z1648645810,Z1648645810,CCOCC(C)Nc1ccc(OC)nc1,-3.6502757,0.866978,3.3354,1.273075,-4.0837646,0.0190240213202722,1361938.0,23140.78310904797,2.660548277635364,0.7787510546540617
Z1898836395,Z1898836395,CC(C)NC(=O)C1CCCOCC1,-4.607913,1.3419787,3.3353245,1.0361646,-5.2789025,0.0103831526632333,1373934.55,20799.77400472178,2.367073590158954,0.7044601290232528
Z106639066,Z106639066,C#CCNC(=O)CN(C)Cc1ccsc1,-2.5163152,0.9612937,3.332149,0.83673704,-2.996962,0.0770659775993085,1281355.45,107500.05494113712,2.4956254264962237,0.751681904369125
Z756362460,Z756362460,CCC(C#N)(CC)NC(=O)OC(C)(C)C,-3.0497613,0.9951707,3.3303561,0.7815707,-3.5473466,0.0505853351100226,1318119.85,100534.16608361308,2.7166452645529056,0.7816986705307618
Z381542194,Z381542194,COc1cc(NC(=O)OCC(F)(F)F)cc(OC)c1OC,-3.9372985,0.540755,3.3300858,0.5714155,-4.207676,0.0113366946375194,1372610.7,12779.107054485456,2.088903235816785,0.9057190951204849
Z98620150,Z98620150,COC(=O)C(C)Nc1cc(Cl)c(OC)cc1OC,-3.566054,0.7628876,3.3286471,0.47100407,-3.9474978,0.020490834443764,1359901.55,26053.274725982148,2.459049266142042,0.8346777710910691
Z1230588217,Z1230588217,CCC(C)NC(=O)N(CCN(C)C)CCN(C)C,-3.3503807,0.87553626,3.3284829,0.5529082,-3.7881489,0.0321685453956134,1343688.8,56692.39528420016,2.741360068106035,0.7035026468810136
Z57327179,Z57327179,CCNCc1ccc(N(C)C)cc1,-3.8951077,1.2696189,3.327723,1.3202223,-4.5299172,0.0229004933914358,1356556.1,40480.28430841365,1.6766666730857498,0.7567910581458784
Z1608825800,Z1608825800,CCCn1cc(NC(C)COC)cn1,-2.5498433,0.96501106,3.3273633,0.95206046,-3.0323489,0.0752482443187956,1283879.1,112347.77046871024,2.8127351359014376,0.754667485320132
Z367678474,Z367678474,CCCc1cc(OC)cc(OC)c1,-3.327474,1.583942,3.3261292,1.4634377,-4.1194453,0.0566808801815104,1309657.1,103402.55734018382,1.6218705192395966,0.7088167933459498
Z1247343009,Z1247343009,CCC1CCCCCN1CCCS(C)(=O)=O,-3.3554509,0.70235074,3.3253675,0.67694145,-3.7066262,0.0220085713256744,1357794.4,21075.072053020365,2.6296190287851733,0.7461996751301647
Z425843800,Z425843800,COc1cc(C(=O)O)cc(OC)c1OC(F)F,-4.7712274,0.68342876,3.3247669,1.0421475,-5.1129417,0.0044149530017646,1382220.5,4122.088141949417,1.9807588895328632,0.8628588095914715
Z2237885871,Z2237885871,CCn1cc(NCC(C)C)cn1.Cl.Cl,-4.8031425,2.2546775,3.3242164,1.0233606,-5.9304814,0.009855583966579,1374667.0,11715.439453985497,2.5552836626152153,0.8764802859964496
Z235449004,Z235449004,C#CCOc1c(Cl)cc(CO)cc1OC,-3.8922431,0.6361906,3.3241477,0.49202508,-4.2103386,0.013139302049195,1370108.05,16646.25759284951,2.2862670775281195,0.7968468806780549
Z808605146,Z808605146,COCCOc1ncccc1Br,-3.2767892,1.2705019,3.3234792,1.0496824,-3.9120402,0.0485529585479166,1320941.5,94617.830970436,2.1008990274711863,0.7423048105088423
Z2738282837,Z2738282837,C=CC(=O)NCc1ccc(C#N)s1,-3.2388606,0.7359854,3.3229337,1.0330057,-3.6068532,0.0257081427593905,1352658.1,22344.3116047463,2.679197442316518,0.7362461380176227
Z32024605,Z32024605,CCNC(=O)c1ccc(OC)cc1OC,-3.9990654,1.223241,3.3219352,1.2820885,-4.610686,0.0199055353477149,1360714.15,33891.694114155755,1.5637747698358098,0.8161038753892033
Z228584364,Z228584364,COc1c(Br)cc(Cl)cc1S(=O)(=O)Cl,-2.2632866,0.5216595,3.3212485,1.014077,-2.5241163,0.067784960564699,1294240.75,33043.34073134101,2.2699075087690606,0.7868961396714003
Z1097107867,Z1097107867,CC(Cn1cccn1)NCCCS(C)(=O)=O,-2.978543,1.2768233,3.319858,1.0811784,-3.6169548,0.0756724168977563,1283290.2,162405.2983721898,2.918884063750209,0.70159965771879
Z1075802244,Z1075802244,CN(CC(C)(C)C)C(=O)NCCSC(C)(C)C,-3.2948995,0.46043423,3.319697,0.49525288,-3.5251167,0.0217177224763208,1358198.2,21870.96326776669,2.679021501339662,0.7872840504356848
Z1681369482,Z1681369482,COC(=O)c1ccc(Br)c(F)c1OC,-3.834823,0.38957024,3.3196507,0.7028145,-4.029608,0.0101970684625635,1374192.9,6052.807405658964,2.2106281948397477,0.7682920756265214
Z85921974,Z85921974,COc1ccc(CN2CCNCC2)cc1OC,-3.6641135,0.43145564,3.3190467,0.45155796,-3.8798413,0.0123934886736053,1371143.5,6929.548834520181,1.7692216838813728,0.848838353673772
Z2733436123,Z2733436123,COc1cc(Br)cc2c1CCNC2,-3.582658,1.0267503,3.3186245,1.0021741,-4.096033,0.0196566067634241,1361059.75,18818.082569366623,2.4688430764121527,0.8137901780347547
Z839025526,Z839025526,O=C(NCCn1ccnc1)OCC(F)(F)F,-3.478407,1.3811184,3.3177342,0.84443253,-4.1689663,0.042494327799186,1329353.0,80770.40598077986,2.4390449788448354,0.8547518284953082
Z4877149824,Z4877149824,COc1cc(OC)c(C=O)c(C)c1Br,-3.1123147,0.71145546,3.3176112,0.6426624,-3.4680424,0.037598012028667,1336150.8,85422.30800475951,2.4732972177087706,0.7824411958811124
Z2327691576,Z2327691576,COCCOCCCOc1ccc(CN)cc1.Cl,-5.0636597,1.7840415,3.3170753,1.3582625,-5.9556804,0.0089751143443657,1375889.4,15990.979317727855,1.9584480413765295,0.7005941196829235
Z56754295,Z56754295,N#CCCN(CCC#N)c1nccs1,-2.023029,0.7475877,3.3170235,0.7333456,-2.396823,0.1106337739042747,1234751.6,149790.36475401215,2.9302755856921383,0.7361967636511558
Z415650942,Z415650942,CC(C)(C#N)c1ccc(Br)cc1,-2.2173877,0.6915527,3.316351,1.1017667,-2.563164,0.0814973529729535,1275203.15,77359.32157876968,2.1083237729462994,0.7177184052120595
Z1259412023,Z1259412023,COc1ccc(Br)cc1SCC#N,-3.1406229,0.60459983,3.315638,0.62304956,-3.4429228,0.0289191486296682,1348200.1,38527.67410174147,2.3344359038549793,0.7809202031000003
Z409902262,Z409902262,O=C(Nc1ccc(Br)cc1F)N1CCCCCC1,-3.2885666,1.0372041,3.3147278,1.0739807,-3.8071687,0.0331131559044908,1342377.35,47147.76287616943,1.8095023038199702,0.8346419194620487
Z102796576,Z102796576,C1CCN(CCCNC2CCSCC2)CC1,-3.428917,0.63410467,3.3145301,0.62702775,-3.7459693,0.0196336658623544,1361091.6,18583.630432184127,2.294619629194486,0.7451254924352778
Z1994081563,Z1994081563,CC[C@H](O)CN1CCCCC(CCOC)C1,-3.6903992,0.87994057,3.3141167,0.7225823,-4.1303697,0.0179445024669572,1363436.75,19358.15186136063,2.9403194434217124,0.7548109217576143
Z2689031662,Z2689031662,CCCNCc1ccc(OC)cc1.Cl,-4.635722,1.5703748,3.3138943,1.0791346,-5.4209094,0.0110042136348903,1373072.3,16893.258365691327,1.5639085209148114,0.7629657432407634
Z905246456,Z905246456,COC(=O)CN(C)c1ccc(Br)cn1,-3.3557186,0.48226672,3.3134713,0.41997874,-3.596852,0.0198959916447581,1360727.4,16806.681244076713,2.264174107959345,0.7704180947975015
Z1157871980,Z1157871980,CN(C)CCSc1nnc(N(C)C)s1,-2.7485294,1.1610099,3.313273,1.2594559,-3.3290343,0.0772356034141247,1281119.95,147358.36857283505,2.6045635816435553,0.713657468846294
Z1269232886,Z1269232886,COc1cncc(Br)c1C=O,-2.8862827,0.6023246,3.3125484,0.4594303,-3.187445,0.0394432959988476,1333588.9,42361.69753550959,2.7838603362972307,0.7054171257972797
Z1289862277,Z1289862277,CCc1nsc(N2CCCN(C)CC2)n1,-3.078854,1.5032865,3.3115177,0.9309855,-3.8304973,0.0861521230237332,1268740.7,175118.81747919042,2.4385706858879956,0.7593436652114641
Z3271509915,Z3271509915,COc1ccnc(OC)c1S(=O)(=O)F,-3.3360524,0.6932601,3.3106122,0.66565776,-3.6826825,0.022847048654878,1356630.3,24478.40652105443,2.619104702116255,0.7047117329949473
Z230836868,Z230836868,C#CCNC(=O)Nc1ccc(OC)nc1,-3.85765,1.4588864,3.3095703,1.4586897,-4.5870934,0.0263498397378183,1351767.2,36810.96050852245,2.2872408111116087,0.7187425086885284
Z54847294,Z54847294,O=C(CN1CCCCCC1)N1CCCCC1,-3.6208122,0.79865533,3.3094006,0.72530323,-4.0201397,0.0185667158857637,1362572.9,23806.017545780316,1.7016839908966137,0.7147263587737201
Z54128564,Z54128564,CCC(C)(C)NC(=O)c1cccs1,-3.071668,0.93235123,3.309177,1.2939373,-3.5378435,0.0387282025425865,1334581.7,51125.31788272812,2.1252023873714627,0.7926878943658942
Z18535362,Z18535362,CCOC(=O)CSC(C)C(=O)NCC(F)(F)F,-3.3865018,0.5844903,3.3088562,0.7064055,-3.678747,0.0196308207584542,1361095.55,17028.77171282474,2.7703165059067683,0.7421991629284539
Z1994081526,Z1994081526,CC[C@H](O)CN1CCCCC(COC)C1,-3.8866189,1.0025872,3.308454,0.8320994,-4.3879123,0.0167163539453307,1365141.85,24104.361091460192,2.9155988121520213,0.7542590158369673
Z432801004,Z432801004,CS(=O)(=O)N1CCCN(CC2CCOC2)CC1,-3.9371476,0.79799783,3.3077302,0.71316504,-4.3361464,0.0117593546295963,1372023.9,11319.907313666488,2.7158350373752995,0.7176911784796643
Z729559302,Z729559302,CCOc1c(OC)cccc1C(=O)N(C)C,-3.4937751,0.653434,3.3067615,1.1232146,-3.820492,0.0190446933410163,1361909.3,19309.48528599352,1.8113710155987803,0.7808468162619254
Z33476478,Z33476478,O=C(NCC(F)(F)F)c1cccs1,-3.2669983,1.2231569,3.3063462,1.4111642,-3.8785768,0.0446713004645802,1326330.6,80161.69095047833,2.0756094203384965,0.7929655763964167
Z1646315040,Z1646315040,CN(CCO)c1ccc(Br)cc1C#N,-3.019326,0.6795175,3.3052635,0.50640666,-3.3590846,0.0354222998523428,1339171.45,42883.15382463725,2.423062367068656,0.8945296106997596
Z411694332,Z411694332,CCNC(=O)Nc1cnn(CC)c1,-3.4237168,1.0449862,3.3051937,0.8625562,-3.94621,0.0281851478373609,1349219.15,38018.57064550823,2.090285903854978,0.733483743024029
Z19805957,Z19805957,COc1ccc(OCC(=O)N(C)C)cc1,-4.1957207,0.71181935,3.30504,0.4156886,-4.5516305,0.0095944826592717,1375029.5,10635.43375467122,1.5381695165525109,0.7466207115375385
Z1340783280,Z1340783280,CC(C)(C)OC(=O)NC1CCCSC1,-3.5675025,0.7567818,3.304084,0.7744374,-3.9458933,0.0170221846076277,1364717.25,18143.25532498234,2.9358889197693916,0.7327125379919256
Z3919172352,Z3919172352,N#Cc1ccc(OS(=O)(=O)F)c(Cl)c1,-3.0849621,0.85306793,3.3036327,0.6980604,-3.511496,0.0376886952137429,1336024.9,43267.42616322353,2.601699712511266,0.7334092790314206
Z446220980,Z446220980,CCCCCCNC(=O)N1CCCCCC1,-3.3909085,1.0723145,3.303569,0.98586875,-3.9270658,0.0300274426477473,1346661.4,36724.77229527775,1.7344932914018436,0.7175596659890275
Z1506253326,Z1506253326,CSCCN(C)CCc1nccs1,-2.047213,1.148187,3.3034844,1.1751189,-2.6213067,0.145280476825008,1186649.85,233091.3574052618,2.7484306023996794,0.7231969394497223
Z316300500,Z316300500,CCC(CC)(CN)N1CCOCC1,-3.687291,0.6338005,3.3032908,0.3680242,-4.0041914,0.0146237260056902,1368047.15,14895.165300442286,2.8227512884703643,0.7067174424576856
Z645422592,Z645422592,c1cnc(NCCCCN2CCOCC2)cn1,-3.3281178,1.0690852,3.3032231,1.1200371,-3.8626604,0.0281107429682717,1349322.45,25985.460985857077,2.174024047903904,0.7467747809865317
Z8389410269,Z8389410269,CN(C)C(=O)CCC(C)(C)C(F)(F)F,-2.6857958,0.9985819,3.3031719,0.86526793,-3.1850867,0.0593802355313861,1305909.45,70431.21367438942,2.7469054725699653,0.7017330584767723
Z1262398440,Z1262398440,COCCNCc1ccc(C#N)cc1.Cl,-4.5058475,1.4853919,3.3030822,0.90341264,-5.2485433,0.0098787769654625,1374634.8,13974.434477287445,1.9334637004174269,0.7780284305544976
Z94598480,Z94598480,COc1cc(Br)c(CC(=O)O)cc1OC,-4.030764,0.65526295,3.3028977,0.65080106,-4.3583956,0.0086603522166601,1376326.4,6058.976179190672,1.863113503419303,0.9137246868944995
Z5279488387,Z5279488387,Cl.Cl.Cl.NCCCN1CCN(CCC(=O)O)CC1,-5.987607,2.4918394,3.3027465,0.9801981,-7.2335267,0.0078296178917419,1377479.75,16512.80723824692,2.303249272145761,0.7522608165620898
Z31183312,Z31183312,CN(Cc1ccco1)c1ncccn1,-2.7118766,0.93233997,3.3024735,1.0577987,-3.1780467,0.0533432131667087,1314290.95,56804.88881467422,2.278111354922908,0.7366537473704486
Z2466617824,Z2466617824,Brc1ccc(CN2CCCCC2)cc1.Cl,-4.8054833,1.5935229,3.3014169,1.1614076,-5.602245,0.0087488745633306,1376203.5,13954.19624879914,1.6408001517709483,0.7993646224560715
Z437341276,Z437341276,COCC(=O)Nc1cccnc1OC,-4.042182,1.2450538,3.3011696,1.1352698,-4.664709,0.0152690603954334,1367151.2,19893.993612646005,1.876409579774979,0.768639867344954
Z1269118370,Z1269118370,FC(F)(F)Cc1ccc(Br)cc1,-2.8823614,1.639215,3.30093,1.3080819,-3.701969,0.0786693557100155,1279129.4,104935.91800113056,1.8909218498693772,0.7023875716357251
Z1996663342,Z1996663342,CC[C@H](O)COc1ccc(OC)c(OC)c1,-4.087285,0.7476542,3.3008778,0.37416938,-4.461112,0.0121793856016134,1371440.75,17878.923280989267,2.168774972841117,0.8038573698563127
Z1452565727,Z1452565727,COc1cc2c(c(OC)c1OC)CCNC(=O)C2,-2.9104457,1.2197132,3.2993572,1.456742,-3.5203023,0.0638545755753232,1299697.5,109003.66496567904,2.4388320413765303,0.8678465112079494
Z90664475,Z90664475,CCOc1ccc(C(C)N)cc1OCC,-3.6133704,0.6444964,3.2993312,0.77325386,-3.9356186,0.0173154103792272,1364310.15,20465.713613932447,2.197703356702638,0.8099591630925559
Z2685738654,Z2685738654,COCCOCCOc1cccc(F)c1Br,-3.7802086,0.71565485,3.297852,0.67351496,-4.138036,0.0134571973925883,1369666.7,12939.917994716969,2.1278561676560255,0.7233198795543824
Z2733324711,Z2733324711,CCc1c(F)cc(Br)cc1OC,-3.0910892,0.7651446,3.2970576,1.0088542,-3.4736614,0.0307605070767458,1345643.65,31260.020045219106,2.139404061407838,0.7618018997749426
Z54550772,Z54550772,C=C(C)COc1ccc(C#N)cc1OC,-3.3806934,0.60644436,3.296949,0.8185032,-3.6839156,0.0217968811899016,1358088.3,20343.99526666284,2.019319985595663,0.7059555466311875
Z5621380519,Z5621380519,CNc1cc(C(F)(F)F)ccc1C.Cl,-4.6932487,1.9841933,3.2968605,1.1864073,-5.6853456,0.0134369215255518,1369694.85,20027.946240878016,2.0539381681097204,0.7717479446333224
Z915930886,Z915930886,N#Cc1cc(F)c(N2CCOCC2)c(F)c1,-3.2851262,1.5060112,3.2964149,1.4911277,-4.0381317,0.0426268952353513,1329168.95,50859.416438330285,2.252446936886793,0.7276533469305447
Z2907411266,Z2907411266,COc1c(F)cc(Br)cc1S(=O)(=O)F,-3.1205041,0.6448441,3.2961814,0.88988614,-3.4429262,0.0270712716534015,1350765.6,19954.718275134837,2.5476459703075225,0.7835407184464624
Z359414138,Z359414138,CCN(CC(F)(F)F)C(=O)c1ccco1,-3.043003,0.4779788,3.2960236,0.88494533,-3.2819924,0.0275529945618899,1350096.8,19759.747196257347,2.304916580342379,0.7841979871349711
Z743928870,Z743928870,O=C(NCc1ccoc1)OCC(F)(F)F,-3.600533,0.81102705,3.2952633,0.76834315,-4.0060463,0.0175930421003349,1363924.7,18838.504009342145,2.4698299293104835,0.8527893604941379
Z54846859,Z54846859,CCC(C)NC(=O)CN1CCCC1,-3.5018566,0.7490438,3.294538,0.59852695,-3.8763785,0.0189526416249503,1362037.1,17461.03942753695,2.1559505132358776,0.7065815820236042
Z57204686,Z57204686,COC(=O)c1ccc(OC)c(Br)c1,-4.2002425,0.85171527,3.294416,0.9461601,-4.6261,0.0080343933446177,1377195.45,7135.661843690465,1.5618459038549801,0.7493212433879253
Z103718098,Z103718098,COc1ccc(Br)cc1CN1CCOCC1,-3.5147164,0.790791,3.294208,0.8048187,-3.910112,0.0183835848309145,1362827.15,17700.71579138821,1.7958136927396353,0.8506857608202577
Z381423656,Z381423656,Cn1ccnc1CN1CCCNCC1,-3.6466546,1.0974628,3.2940986,0.67824614,-4.195386,0.0254496704721431,1353016.95,47463.46431885793,2.302173268618967,0.7306544159003723
Z29679124,Z29679124,COc1cc(OC)c(NC(C)=O)cc1Cl,-3.3559277,0.73859334,3.294049,0.67038286,-3.7252245,0.0256291281017034,1352767.8,34063.653979865405,1.716430811111609,0.8654290661778202
Z435645760,Z435645760,C#CCNC(=O)Nc1cccnc1OC,-3.680552,1.2472544,3.293464,1.2009219,-4.304179,0.0251682932977994,1353407.6,34179.84982910253,2.3223375144083125,0.7187425086885284
Z5299225606,Z5299225606,CCC(N)(CC)CCC(=O)OC.Cl,-4.7697387,2.3284335,3.2929978,0.96632665,-5.933955,0.0135797169301687,1369496.6,20152.56426462896,2.7726262884703647,0.7039123851585581
Z30272315,Z30272315,CNC(=O)Cc1cc(OC)c(OC)c(OC)c1,-3.4923635,1.2245468,3.2928054,1.4336565,-4.1046367,0.0367856808441674,1337278.6,67540.86003479671,1.8197261136131324,0.8325093618379377
Z1238546101,Z1238546101,Cl.O=C(NCCN1CCCCC1)OCC(F)(F)F,-4.5168486,1.3996366,3.292492,0.9205005,-5.2166667,0.0101956279036267,1374194.9,15527.227128177135,2.22922504137653,0.8627724651377379
Z1289606321,Z1289606321,CN(CCCO)CCC1CCCCN1C,-3.8734488,0.9246127,3.291558,0.73695743,-4.3357553,0.0153313645694529,1367064.7,24491.78918964476,2.8160735523606384,0.7189496899175107
Z433019964,Z433019964,COC(=O)CN(C)Cc1cc(Br)cs1,-2.939844,0.3012608,3.2915177,0.31743613,-3.0904744,0.0291865523823242,1347828.85,16052.229089054892,2.3651818002670364,0.7900249416098204
Z31723212,Z31723212,CCN(CC)C(=O)c1ccc(C)s1,-2.8446927,0.72569954,3.291083,1.0874836,-3.2075424,0.0403171750639248,1332375.65,36526.16266633411,2.0489733763824525,0.7288819116566322
Z52404142,Z52404142,C#CCNC(=O)c1ccc(Cl)s1,-3.5568414,1.569272,3.2907245,1.3485686,-4.3414774,0.0483998631469009,1321154.05,86047.9606937172,2.4381135893798653,0.7231297380358079
Z31934354,Z31934354,COCC(=O)Nc1cc(OC)c(Cl)cc1OC,-3.6232445,0.658482,3.2905152,0.36273247,-3.9524856,0.0175167645046276,1364030.6,18826.49860011149,1.793481632007781,0.8780507772332513
Z1263529642,Z1263529642,Cl.N#CCOc1ccc(CN)cc1,-5.300965,1.8275317,3.2896614,1.1377189,-6.2147307,0.0077809630136492,1377547.3,14712.957789309396,2.0484076620967393,0.8003876502845657
Z823855536,Z823855536,CC(C)OCc1cccc(Br)c1,-3.3994267,0.8996449,3.2892983,0.7712597,-3.8492491,0.0255403176432454,1352891.1,34072.26129845215,1.7940072956735733,0.7715108577091261
Z433156454,Z433156454,CCCN1CCCC(NC(=O)OCC)C1,-3.6383567,0.89577687,3.289051,0.7792476,-4.086245,0.0193952173443296,1361422.65,22277.030763266008,2.4292284974155827,0.772675517416267
Z432580038,Z432580038,CS(=O)(=O)c1ccc2c(c1)OCCCO2,-3.8175702,1.9369549,3.2885163,1.7389483,-4.7860475,0.0705801490978499,1290360.05,164461.5572905945,1.970447404518202,0.7255974599680943
Z2472857434,Z2472857434,Cl.NCc1nccnc1Cl,-4.789793,1.9257334,3.2875805,1.0295409,-5.75266,0.0100466741095545,1374401.7,14723.719781699188,2.847084159574921,0.701026498940023
Z3445798032,Z3445798032,COc1cc(F)c(CN)cc1OC.Cl,-5.108409,1.9080722,3.287395,1.0701802,-6.062445,0.0095683005005942,1375065.85,18579.33166794489,1.9919421241536757,0.8455525499639892
Z802671500,Z802671500,Cl.FC(F)(F)COCC1CCNCC1,-5.0856175,1.6064062,3.2872658,0.9222413,-5.8888206,0.0086494039687398,1376341.6,17284.500025745612,2.636142955754508,0.8050975746783999
Z2275446592,Z2275446592,COCCOCCOc1cc(C)ccc1Br,-3.4436493,1.2323428,3.287228,1.3095654,-4.0598207,0.0312828177332805,1344918.5,49159.87839641184,1.9721146291944844,0.7223952683471149
Z234894068,Z234894068,COc1cc(Br)c(OC)c(C(=O)O)c1,-4.7546325,0.70560956,3.2871788,1.2824651,-5.107437,0.0044605106781431,1382157.25,4438.672728136194,1.940078090889644,0.9053326853563121
Z756475434,Z756475434,O=C(NCCN1CCOCC1)OCC(F)(F)F,-4.308642,0.57177734,3.2867112,0.49071553,-4.5945306,0.0071422912089891,1378434.0,7750.710315835575,2.2054279566359742,0.8002592426567866
Z1506246673,Z1506246673,CN(CCc1cccs1)CCc1nccs1,-1.7720209,1.0725217,3.2865562,1.2772471,-2.308282,0.1717880577664133,1149848.05,247530.8872703516,2.481181208572554,0.7856156564973863
Z381542242,Z381542242,COc1cc(NC(=O)OCC(F)(F)F)cc(OC)c1,-4.1090264,0.5097796,3.2861,0.63063246,-4.3639164,0.0089655706414089,1375902.65,11831.274602827036,2.0527901199951053,0.9203514779814497
Z5591730915,Z5591730915,COc1cc(CN)cc(C(F)(F)F)c1.Cl,-5.057367,1.9142675,3.2860649,1.3245207,-6.0145006,0.0076931969604207,1377669.15,11062.50109728808,2.1172634831763855,0.8638814009235891
Z57066560,Z57066560,CCn1c(Br)nc2c1c(=O)n(C)c(=O)n2C,-1.5278989,1.1534393,3.2860265,1.7003382,-2.1046185,0.2153428530269744,1089378.75,304446.42431959603,2.523152870952728,0.7046901418324564
Z1318199735,Z1318199735,CNCC(C)(C)CNC(=O)OC(C)(C)C,-3.3075001,0.57499874,3.2858086,0.6131973,-3.5949996,0.0217977455252637,1358087.1,23285.78843608264,2.448565507467885,0.7525422460592633
Z57057725,Z57057725,CC(N)c1ccc2c(c1)OCCO2,-4.1260557,0.96588844,3.2857006,1.1103321,-4.6089997,0.012633881946195,1370809.75,24645.33947803316,2.4164413656267296,0.7097302813543388
Z2418629293,Z2418629293,N#Cc1cncc(NCc2nccs2)n1,-2.3664563,0.61676896,3.2856827,0.9435567,-2.6748407,0.0639134224078942,1299615.8,44396.93075044715,2.8575124894332884,0.8410367566373015
Z402967472,Z402967472,CC(C)SCC(=O)NC1CCN(C)CC1,-3.5702736,0.5900305,3.2856648,0.7164004,-3.865289,0.0168969640220404,1364891.1,18650.29017709912,2.232885088785155,0.7908038030789822
Z30281279,Z30281279,CCNC(=O)c1ccc(OC)c(OC)c1OC,-3.6043751,0.9449575,3.285539,1.2493103,-4.0768538,0.0214968847912989,1358504.8,29342.40787767766,1.8111264480612927,0.8448174888697111
Z3326001376,Z3326001376,COc1cc(OC)c(C=O)c(OC(F)F)c1,-3.132781,0.7933916,3.2846122,0.43964145,-3.529477,0.0335688046962221,1341744.75,35495.26902824516,2.3414146649726604,0.7292053237490901
Z86139320,Z86139320,CCCNCc1cc(OC)cc(OC)c1,-3.7287877,0.9354352,3.284533,1.150795,-4.196505,0.0187162819173839,1362365.25,26719.959763957355,1.7296199319907313,0.7285368615106984
Z32024604,Z32024604,CCNC(=O)c1cccc(OC)c1OC,-3.6989079,1.0154718,3.2832775,1.2790335,-4.2066436,0.0204359491482695,1359977.75,31097.141119200973,1.6541259893480067,0.8161038753892033
Z803075744,Z803075744,CCCN(CCN)C(=O)OC(C)(C)C,-3.0132291,0.7075599,3.2830658,0.699562,-3.3670092,0.0370487629200129,1336913.35,47562.97312329729,2.2320536626152148,0.7528764952778902
Z2867519557,Z2867519557,C=CC(=O)NCc1csc(N(C)C)n1,-3.0777276,0.5813673,3.2829642,0.84002066,-3.3684113,0.0276354665610256,1349982.3,19179.088239799097,2.620158723343959,0.7560022072027685
Z4987423440,Z4987423440,CN1CCC(NC(=O)CCl)CC1.Cl,-5.2161345,2.251505,3.2829404,0.87909126,-6.341887,0.0099303489754024,1374563.2,18916.984148114097,2.266625722859505,0.7093397336521358
Z1785731026,Z1785731026,COC(=O)COc1ccc(C#N)c(Cl)c1,-3.5862002,0.5223872,3.2826805,0.40015352,-3.8473938,0.0146021536356105,1368077.1,12370.254002646832,1.9588933439446308,0.735874528470116
Z228585262,Z228585262,COc1cc(CO)ccc1OC(F)F,-4.231763,0.65511775,3.2823906,0.83065516,-4.559322,0.007935174847841,1377333.2,11087.824599983534,1.848410545206308,0.8120777628221072
Z33029843,Z33029843,CCCNC(=O)CN1CCCCCC1=O,-3.3165765,1.0220274,3.2819111,1.1814891,-3.8275902,0.0349589440702993,1339814.75,59063.94084708114,1.9038441078149049,0.7528753342282563
Z1750964265,Z1750964265,COc1cc(OC)c(NC(=O)CN(C)C)cc1Br,-3.3186507,0.7232301,3.2808743,0.3118608,-3.680266,0.0259283321928909,1352352.4,27671.32341323776,2.004320233684222,0.9019855491683756
Z1751770710,Z1751770710,CCN(CC)C(=O)Nc1cc(Br)c(OC)cc1OC,-3.119173,0.4949566,3.280725,0.44058418,-3.3666513,0.0274128281773329,1350291.4,24090.56489873162,2.084674282891033,0.900259790676346
Z1318405719,Z1318405719,CCCCN(C)S(=O)(=O)N(CC)CC(C)(C)O,-2.423609,0.79531103,3.280599,0.6656304,-2.8212645,0.0749990636366909,1284225.05,92954.25468986074,2.7050426104630976,0.7142907664558427
Z1269197290,Z1269197290,COc1cc(Br)cc(C(=O)O)c1,-5.3192534,1.2373028,3.2803013,0.9187992,-5.937905,0.0032015341952678,1383905.15,3764.567482128591,1.7237468498693769,0.8476204529344366
Z1551924124,Z1551924124,COc1cc(Br)ccc1CCN,-3.3916469,0.6096935,3.2790172,0.87609243,-3.6964936,0.0188480570461339,1362182.3,14127.69720124267,1.8727499530162284,0.8608496970098513
Z1227744331,Z1227744331,CC(CN)N(C)C(=O)OC(C)(C)C,-3.6643062,0.8078298,3.2784734,0.52044183,-4.068221,0.0186900277307595,1362401.7,20386.88373955176,2.9369134940051076,0.7080910823243168
Z1260735533,Z1260735533,CNC(=O)c1cc(Br)ccc1OC,-3.5665061,0.89619184,3.2783198,0.8266556,-4.014602,0.0212111139121978,1358901.55,30484.92117174489,1.6661272225362982,0.8611362368186396
Z324651360,Z324651360,FC(F)(F)CNc1ccc(Br)cc1,-3.3645873,0.91129947,3.2774818,0.74413973,-3.8202372,0.0258990888464724,1352393.0,30371.36663043005,1.9385799697890462,0.8520375092227418
Z104767242,Z104767242,CNC(=O)CNc1ccc(C#N)cc1,-3.6481261,0.7958621,3.277248,0.46867415,-4.046057,0.0166745777361615,1365199.85,20125.585805821906,1.8909302898341487,0.7357937916615769
Z1002244320,Z1002244320,N#Cc1ccc(N2CCCOCC2)c(F)c1,-3.4302444,0.9916326,3.277079,0.8445424,-3.9260607,0.0243773904274858,1354505.65,23921.45817937318,2.067785264645991,0.7251194511657432
Z606677750,Z606677750,O=C(Nc1ccccn1)N1CCCCCC1,-3.9129474,1.3733484,3.2769794,1.6495018,-4.599622,0.029286022976915,1347690.75,58114.813564937984,1.7809458566903942,0.7883102643322741
Z1715306625,Z1715306625,COc1ccc(CO)c(OC)c1Br,-4.010701,0.80271477,3.2764137,1.2817366,-4.4120584,0.0105273526128136,1373734.35,10804.737786151962,2.2895641456132214,0.8867624584879766
Z437577716,Z437577716,O=C(COCC(F)(F)F)N1CCSCC1,-4.0846753,0.37012377,3.2763696,0.6009901,-4.2697372,0.0081308747794144,1377061.5,7183.219031186505,2.5364772088602017,0.7441614351002014
Z838954624,Z838954624,Sc1nnc(N2CCCCC2)s1,-3.0020804,1.6891587,3.2762876,1.5489033,-3.8466597,0.1093579068678647,1236522.95,228643.94140288848,2.76660837459465,0.7026749774267287
Z4182788171,Z4182788171,CCc1cc(OC)ccc1CN.Cl,-4.6567984,1.5484028,3.275945,1.2981008,-5.4309998,0.009272445708935,1375476.6,14507.872550446533,1.9572945011400478,0.8135606368185282
Z3325830249,Z3325830249,Cc1c(Br)cc(C(F)F)cc1C#N,-2.8203773,0.55199504,3.2753403,0.64055854,-3.096375,0.0379446105088774,1335669.6,32724.992472726404,2.8155890712757934,0.7425445707925132
Z53836402,Z53836402,CCOC(=O)c1cccc(OC)c1OC,-3.936805,0.42190415,3.2752922,0.7244645,-4.147757,0.0104515071847877,1373839.65,12297.252844741382,1.5922066647701456,0.7116150035305107
Z30885168,Z30885168,COc1cc(NC(=O)CSC)cc(OC)c1,-3.9271233,0.48336697,3.2746181,0.47950983,-4.168807,0.0113670904310873,1372568.5,13472.997886513604,1.8572956781455332,0.8562683009909958
Z416846508,Z416846508,CS(=O)(=O)CCN1CCCN(c2ccc(C#N)cc2)CC1,-3.4435036,1.0291693,3.2742958,0.88693,-3.9580884,0.026369035185652,1351740.55,31280.29810036183,2.092464220171413,0.8337142782685869
Z90664673,Z90664673,O=C(O)c1cc(Cl)c2c(c1)OCCCO2,-5.3752775,1.4775729,3.273119,0.9255923,-6.114064,0.0028787049375157,1384353.35,2511.278922680633,2.13112872319952,0.8007187264973454
Z839028554,Z839028554,C1CCN(CC2CCNCC2)CC1.Cl.Cl,-5.763993,2.1824944,3.2730584,1.2950674,-6.85524,0.0074903302481362,1377950.8,14542.406945206836,2.326940998728869,0.8142372190826921
Z371365492,Z371365492,CN(C)C(C)(C)CNC(=O)CSc1cccs1,-2.2317848,0.4261764,3.2720904,0.525286,-2.444873,0.0693647855367883,1292047.4,42962.25898669669,2.5783990233121283,0.8065656024992829
Z1269148201,Z1269148201,NC(=O)c1cc(Br)c(N)c(Br)c1,-3.223117,0.8930257,3.272081,1.1751231,-3.66963,0.0294300068426548,1347490.85,31745.05726924272,2.2917053331199977,0.7765334918633008
Z271330816,Z271330816,CCN(CC)C(=O)C(C)Nc1cc(OC)c(OC)c(OC)c1,-3.087544,0.507731,3.272,0.36827993,-3.3414094,0.0294924910865415,1347404.1,31256.235825671647,2.5693974841686966,0.798645297228766
Z237880160,Z237880160,CNC(=O)c1cc(OC)cc(Br)c1OC,-3.1983035,0.9238683,3.271995,1.2296014,-3.6602376,0.0302870673821442,1346300.95,32522.409121212106,2.0127385034193015,0.9142381774420002
Z219103652,Z219103652,CCC(CO)Nc1ccc(C#N)cn1,-3.7269905,0.6769552,3.271852,0.44397435,-4.065468,0.0164405949508409,1365524.7,26480.901370799296,2.828374189155875,0.7482868762854716
Z1258684250,Z1258684250,c1csc(CNC2CCCOCC2)c1,-3.7094646,1.4540868,3.2718315,0.9956183,-4.436508,0.0370915115064645,1336854.0,73419.68023902038,2.554472667600507,0.8286994840936859
Z1844388877,Z1844388877,FC(F)C(F)(F)CNCc1ccsc1,-2.4948297,0.8194202,3.2717426,0.7925644,-2.9045398,0.0677918032196491,1294231.25,84792.37680645294,2.8920643913601545,0.7625219057316501
Z1262254324,Z1262254324,COc1ccc(NC(C)C)cc1F.Cl,-4.602816,1.3881122,3.2714162,0.8715896,-5.296872,0.0093253502358915,1375403.15,15051.652913467677,1.8981498164613697,0.84382872760928
Z733970170,Z733970170,COc1ccc(CC#N)c(Cl)c1OC,-2.6857796,0.59622544,3.2705224,0.9871196,-2.9838922,0.0453276191162171,1325419.4,43441.79917015408,2.286648601886471,0.771303369259231
Z2934529923,Z2934529923,CCC(N)c1cc(OC)cc(OC)c1.Cl,-4.3557067,1.5774446,3.270454,0.8994178,-5.144429,0.0119114056253826,1371812.8,15897.95082266894,2.5197734678297845,0.8663132588097089
Z1721216814,Z1721216814,CC(C)(CF)NC(=O)c1cscn1,-2.7047098,0.84106344,3.270188,1.02302,-3.1252415,0.0531045845788166,1314622.25,68317.34278268952,2.9212138159428918,0.8088811891405027
Z1188325277,Z1188325277,CCN(C)C(=O)NCC(=O)NC(C)(C)C,-3.6558335,0.75994456,3.2700725,0.5313037,-4.0358057,0.0186250945366801,1362491.85,24629.37596098407,2.254037977103513,0.7224295170031089
Z1139276598,Z1139276598,CCN1CCN(c2nccs2)C(C)C1,-2.9390483,0.91368127,3.26968,0.77627844,-3.3958888,0.0415306658983686,1330690.9,53345.97355555525,2.9437132719961117,0.741629203658873
Z382785388,Z382785388,CC(C)OCCN1CCCN(Cc2cccs2)CC1,-2.9757454,1.1974267,3.2686486,0.88509226,-3.5744588,0.0622942701768286,1301863.75,107214.46774986808,2.11499607639165,0.7976557367679685
Z137708238,Z137708238,COc1cc(CN(C)CCO)c(OC)cc1Br,-3.4339356,0.7368086,3.2679412,0.23653851,-3.80234,0.0228447077466056,1356633.55,23306.620918689605,2.145471933011125,0.8713273501442952
Z26968795,Z26968795,COc1cc(NC(C)=O)c(OC)cc1Cl,-3.471532,0.74772674,3.267716,0.4964976,-3.8453956,0.0236227896423811,1355553.3,34749.703688089205,1.711768118803917,0.8654290661778202
Z852364108,Z852364108,C#CCNC(=O)N1CCCN(c2nccs2)CC1,-3.0712085,0.8050411,3.2644894,0.7252203,-3.4737291,0.0336134980372384,1341682.7,34110.7589612134,2.521524893447536,0.8106993423502223
Z1346385439,Z1346385439,CNCC(=O)Nc1cc(OC)cc(OC)c1.Cl,-4.885522,1.6207976,3.2641456,1.0222605,-5.695921,0.0091665646270752,1375623.6,15875.04291773726,1.9575373510713252,0.8375041458458466
Z644707834,Z644707834,COCCN1CCC(N2CCCCC2)CC1,-3.4686203,0.58148164,3.2640414,0.395886,-3.759361,0.0178076853819282,1363626.7,14162.720529968808,1.9366325997345832,0.7237199479021288
Z32024428,Z32024428,CCNC(=O)c1ccc(OC)cc1,-4.3576117,1.4154383,3.2635899,1.2834114,-5.065331,0.0203617603630208,1360080.75,53740.38073262507,1.3034897500088256,0.7621476456446835
Z644332706,Z644332706,COC(=O)CCN(C)Cc1cc(Br)cs1,-2.885889,0.3787058,3.2633064,0.35588086,-3.075242,0.0319898800734684,1343936.85,23170.324266774947,2.351482462143503,0.780983934742419
Z1317607915,Z1317607915,CCc1nsc(N2CCSCC2)n1,-2.5751662,1.2951655,3.2629266,0.87088645,-3.222749,0.1020820398314547,1246624.4,173367.82164790557,2.8206952155958707,0.7499815638441636
Z106098776,Z106098776,CC(C)OCCN1CCC(O)CC1,-4.579816,0.5400857,3.2627559,0.54825187,-4.8498588,0.0047642165160081,1381735.6,4389.88757714819,2.1179551346242107,0.7085433298783602
Z416916754,Z416916754,CCS(=O)(=O)Cc1cc(Br)ccc1OC,-2.6054986,0.6401468,3.2625325,0.39496842,-2.925572,0.0533555299456188,1314273.85,61063.90271369412,2.090110811111609,0.8558296443826477
Z445161380,Z445161380,N#Cc1ccc(N2CCCCC2)c(F)c1,-2.7850032,1.0236506,3.26238,0.8637758,-3.2968285,0.0540608636150825,1313294.6,61200.16805401763,1.8754250687144705,0.7028364997277403
Z53825126,Z53825126,CCS(=O)(=O)Nc1cccnc1,-2.8849745,1.1886778,3.2621803,1.4183046,-3.4793134,0.0676580833363346,1294416.9,119105.39293789344,2.020425477491754,0.7606687719470917
Z45527640,Z45527640,COc1ccc(OC)c(S(=O)(=O)N(C)C)c1,-3.078878,0.6229676,3.2619138,0.8350454,-3.3903618,0.0285359599524614,1348732.1,21410.24400818449,1.7476495742494311,0.7923308100875794
Z899247054,Z899247054,CON(C)C(=O)CNC(=O)OC(C)(C)C,-3.967362,0.90410036,3.261844,0.6559765,-4.419412,0.0168232434184464,1364993.45,33017.63955747746,2.3118638880346865,0.7015591410921479
Z30885885,Z30885885,CCC(=O)Nc1cc(OC)cc(OC)c1,-3.981802,0.59967744,3.2618275,0.37090647,-4.2816405,0.009543090719199,1375100.85,8156.536264095195,1.6539605109239925,0.8251460908128478
Z214812604,Z214812604,O=C(O)CSCC1CCCCO1,-4.789387,1.4507186,3.2609997,0.7878427,-5.5147467,0.0057237728238557,1380403.4,7647.659304650019,2.817963636852083,0.7270305513370684
Z2327226437,Z2327226437,Cl.Cl.NCc1ccc(N2CCCCC2)cc1,-5.790346,2.424087,3.2609859,1.1672208,-7.00239,0.0076379875391651,1377745.8,13484.5663022583,1.899789978031695,0.8883724694370009
Z9357260705,Z9357260705,Cc1nc(Cn2ccnc2)co1.Cl,-4.1381774,1.6401284,3.2608624,0.9160362,-4.9582415,0.0118709619332301,1371868.95,9632.169187026357,2.835397442316518,0.7389294283624378
Z2235681430,Z2235681430,CCCOc1c(OC)cc(CCN)cc1OC.Cl,-4.1892295,1.1092534,3.2607396,1.052665,-4.7438564,0.0115472683401158,1372318.35,13202.641024715474,2.040591387530375,0.8302896348452597
Z3872933841,Z3872933841,CN(CCC(=O)O)CCC(C)(C)C.Cl,-4.508985,1.4955243,3.2596943,1.0392125,-5.2567472,0.0117705549753304,1372008.35,19742.5255660845,2.38264167166499,0.7774688858521686
Z1446900519,Z1446900519,N#Cc1ccc(OCC(N)=O)c(F)c1,-3.582533,0.665808,3.2595623,0.3200409,-3.915437,0.0185924298627867,1362537.2,21117.048469423946,1.97005993791886,0.7633016952704801
Z1255374925,Z1255374925,CCN1CCOc2ccc(CN)cc21,-3.6184444,1.0683919,3.2594993,1.0500673,-4.1526403,0.0260757734000792,1352147.7,51924.7291943829,2.2251255856921386,0.768658340635975
Z1809367954,Z1809367954,CNc1c(OC)cccc1C(=O)OC.Cl,-4.698205,1.5143871,3.2593255,1.0034683,-5.4553986,0.0094650124248207,1375209.25,15601.895233832973,2.1011520537151593,0.8081753774802547
Z730522964,Z730522964,CNc1ccc(OCCOC)cc1,-4.1757174,0.78702563,3.2592194,0.70045817,-4.56923,0.0079788958115748,1377272.5,5986.18821538381,1.6317981699672472,0.7019130262787664
Z367741946,Z367741946,CCC(C)NC(=O)CSc1cccs1,-2.2445927,0.4476176,3.2591922,0.35079876,-2.4684014,0.0704421075377246,1290551.7,50254.91750376275,2.650688982055284,0.7866260202018325
Z431993444,Z431993444,COc1nccc(N(C)C)c1N,-3.2525592,0.77616984,3.2590241,1.3987256,-3.640644,0.0261131198905174,1352095.85,28512.922200775916,2.5268237729462992,0.7054088583911009
Z1486405710,Z1486405710,COCCCNC(=O)C(N)C(C)(C)C.Cl,-4.484088,1.3906355,3.2586865,0.9398682,-5.1794057,0.0104307271221233,1373868.5,13637.130627445056,2.74973764502473,0.7009401859280942
Z1269229146,Z1269229146,COC(=O)c1cc(Br)ccc1C#N,-3.390123,0.86429125,3.2586155,0.5987645,-3.8222685,0.0267975654553965,1351145.6,45302.776684658085,2.036124145613222,0.7060146479771877
Z45577335,Z45577335,COc1cc(OC)c(NS(C)(=O)=O)cc1Cl,-3.0535762,0.5122621,3.258079,0.34972984,-3.3097072,0.0300329887996543,1346653.7,27581.524367046863,1.9103616621615185,0.9004585739986388
Z808605106,Z808605106,CCOCCOc1ncccc1Br,-2.9880557,1.0167485,3.2574456,0.9093102,-3.49643,0.0448036158029315,1326146.9,62810.86167049454,2.14869380406288,0.7465156227424536
Z1217201630,Z1217201630,N#Cc1cnc(OCC(F)(F)F)cn1,-4.0186777,0.4792467,3.2572296,0.7764262,-4.2583013,0.0088207224403068,1376103.75,7711.235522761576,2.7174898974330297,0.7260951513662903
Z2755950697,Z2755950697,COc1c(Br)ccc(Br)c1C=O,-2.831251,0.89926356,3.2567477,0.78145415,-3.2808826,0.0552048474808224,1311706.35,85115.47779826829,2.616910311407839,0.7836568727406436
Z600583798,Z600583798,COc1ccc(CC#N)c(Br)c1OC,-3.086315,0.6405441,3.25667,0.8481348,-3.406587,0.0291014873771023,1347946.95,28522.28398546477,2.3527348367042844,0.8339936777447134
Z2690412452,Z2690412452,Cl.Cl.Cl.c1ncc(CN2CCNCC2)s1,-5.7902613,2.724752,3.256612,1.0045875,-7.1526375,0.0079410091115351,1377325.1,15129.92126185725,2.9569863732417865,0.9010615303892731
Z1269228736,Z1269228736,N#Cc1ccc(Br)cc1OC(F)F,-3.2562556,0.8700249,3.2565713,0.9575758,-3.691268,0.0332052076205567,1342249.55,63774.07584314726,2.2597118379209142,0.8055098912753111
Z406591294,Z406591294,CCOC(C)C(=O)N(C)Cc1ccsc1,-2.3788543,0.84882593,3.256249,0.8530306,-2.8032672,0.0806345301977167,1276401.05,105561.1818020597,2.791058328560048,0.7709365498830367
Z289034614,Z289034614,COCC(=O)NCc1cc(OC)ccc1OC,-3.8864636,0.67989635,3.2561908,0.2746115,-4.226412,0.0133651456765224,1369794.5,14558.511395400286,1.7071549615459585,0.8032037270906778
Z1153285122,Z1153285122,CCOCCN1CCCC(N2CCCCCC2)C1,-3.3731332,0.5737299,3.255879,0.55737436,-3.6599982,0.0197515395973638,1360927.95,16374.626788037032,2.5059481050389945,0.700579033237471
Z149315274,Z149315274,CCOc1cc(C#N)ccc1OCCO,-4.118062,1.0359421,3.2555127,0.4735656,-4.636033,0.0141242121943314,1368740.65,18485.05290572629,1.9129990528698517,0.7906921244346791
Z92506875,Z92506875,CCCNc1nnc(SCC)s1,-2.862189,1.1850749,3.2553296,1.26351,-3.4547265,0.0720090755213023,1288376.2,137925.47151327776,2.329046991272092,0.7460343582484841
Z1269169148,Z1269169148,COc1ccc(Br)c(OC)c1C=O,-3.130999,0.856357,3.2549477,0.887341,-3.5591776,0.0391661684733677,1333973.65,71351.07021360997,2.2933777719868473,0.7660682846180933
Z2013961609,Z2013961609,CC#CC(=O)N(C)c1ccc(OC)cc1OC,-3.6004338,0.49871463,3.2547328,0.7299531,-3.849791,0.0163417365937984,1365661.95,17437.82268368101,2.600384307593064,0.7456492046566613
Z235353075,Z235353075,Cl.Nc1cc2c(cc1Cl)OCCCO2,-5.7854295,2.6426558,3.2544632,1.3933252,-7.106757,0.0071666006410486,1378400.25,12774.988547450836,2.312457103910763,0.7035867729222389
Z57000536,Z57000536,O=S(=O)(Cl)c1ccc2c(c1)OCCCO2,-3.9270031,1.4064258,3.2541976,1.0243138,-4.630216,0.0269964706306047,1350869.45,56079.60170549984,2.13101004188084,0.7111615044498656
Z8500724137,Z8500724137,Cc1cncc(Cn2ccnc2)c1.O=C(O)C(F)(F)F,-3.9378853,1.6632558,3.2530892,0.9791629,-4.769513,0.0487033168869521,1320732.75,109845.05930622232,2.434810715565604,0.9196398404876885
Z18830099,Z18830099,COC(=O)Cc1ccc(Br)cc1,-3.7417283,1.2547724,3.2528718,0.92256904,-4.3691144,0.0283930925198977,1348930.45,58530.77081029687,1.5455275753938515,0.7261119904174902
Z415647090,Z415647090,COc1cc(OC)cc(N2CCC(N)C2)c1,-3.5530941,0.64080834,3.2525916,0.57720304,-3.8734984,0.0178335074008714,1363590.85,23614.07057301854,2.4795838539599977,0.8356007461533911
Z324664380,Z324664380,CC(=O)N1CCCN(Cc2cccs2)CC1,-3.271162,1.399459,3.252205,0.927404,-3.9708915,0.0574560089314654,1308580.95,108029.17466891756,1.9262384419035161,0.7841885385262576
Z237732562,Z237732562,COCCNCCOc1ccccc1.Cl.Cl,-5.0582523,2.0120652,3.2519994,1.1402258,-6.064285,0.0087681060251376,1376176.8,14361.797267751694,1.8692511587114797,0.7685001352809558
Z2738697473,Z2738697473,Cl.Cl.NCc1cc2c(cn1)OCCO2,-5.877482,2.2091897,3.2518654,1.3217429,-6.9820766,0.0066903878704938,1379061.4,14020.18752870303,2.729129234340787,0.7982726253922586
Z91150707,Z91150707,CCC(=O)N(C)Cc1ccsc1,-2.3498628,0.88584226,3.2516026,0.8597055,-2.792784,0.0836664025641948,1272191.75,102680.98411238324,2.183491211757488,0.7025550239781326
Z2472312704,Z2472312704,Brc1cccc2c1CNCCO2.Cl,-5.242215,2.2258844,3.2514045,1.1787808,-6.3551574,0.010210861814384,1374173.75,19194.629722594287,2.647543596162672,0.7766062304320103
Z1348317866,Z1348317866,CN1CCCN(c2ccc(C#N)nc2)CC1,-3.5761094,1.1727918,3.2503765,0.994046,-4.162505,0.0281944034285301,1349206.3,46039.4881966557,2.2676093449135486,0.7046612152784058
Z437580522,Z437580522,CC(=O)NC(C)C(=O)N1CCSCC1,-3.834669,0.41187713,3.2503352,0.32131815,-4.0406075,0.0112575359239384,1372720.6,12086.333378655414,2.7592156404171657,0.7112862000440217
Z2587654837,Z2587654837,Brc1ccc2c(c1)OCCNC2.Cl,-5.309593,2.1205628,3.2497654,1.0712088,-6.3698745,0.0083397918392336,1376771.45,14356.925598731086,2.56823590385498,0.7766062304320103
Z2235681454,Z2235681454,CS(=O)(=O)c1cccc(CN)c1.Cl,-5.0257697,1.8494308,3.2491996,1.0952979,-5.950485,0.0093658659559909,1375346.9,16284.259098589657,1.938491498260575,0.8098411262153297
Z1263536299,Z1263536299,CNC(=O)c1c(F)cccc1OC,-3.7010899,0.98127997,3.2490973,0.7944839,-4.19173,0.0196804480138294,1361026.65,28448.78336638493,1.7523373324264107,0.747561299626318
Z3919191015,Z3919191015,O=S(=O)(F)Oc1cccc2c1OCCCO2,-4.536672,1.2810847,3.2485092,0.9830736,-5.1772146,0.0070346814564051,1378583.4,7806.058937773914,2.6737884753483314,0.740972750904696
Z5212272426,Z5212272426,COc1cc(F)c(CN)c(F)c1.Cl,-4.6325903,1.8175973,3.2483544,1.3405669,-5.541389,0.0112220981740914,1372769.8,14165.16894922189,2.3517782115472876,0.8070708419242025
Z1649833180,Z1649833180,CCOc1cc(C#N)ccc1OCCC(C)O,-3.8271477,0.96521354,3.248254,0.6125317,-4.3097544,0.0167682860950049,1365069.75,17772.132640386746,2.495284219044695,0.8198272959524295
Z827718684,Z827718684,CC(CN)CN(C)C(=O)OC(C)(C)C,-3.3800817,0.6428415,3.2481904,0.42515057,-3.7015023,0.0222886880109483,1357405.5,21051.261656964885,2.853258821446662,0.7532363949826684
Z103968020,Z103968020,COC(=O)CN(C)Cc1cc(Br)ccc1OC,-3.2113452,0.5098829,3.247685,0.26137748,-3.4662867,0.025483379551266,1352970.15,29292.44497182678,1.9587655784960738,0.7805619812464059
Z608352820,Z608352820,COc1cc(C=O)cc(OC)c1OCC(F)F,-3.4758937,0.34171388,3.247355,0.6367316,-3.6467507,0.0166449742500089,1365240.95,14852.18578013014,2.254985979833867,0.7213732444908602
Z1232043538,Z1232043538,O=C(CC(F)(F)F)Nc1ccsc1,-3.0627322,0.95476127,3.2449296,1.1882966,-3.540113,0.0407439046349984,1331783.2,61114.284393748734,2.4093729368220114,0.7965559941871401
Z854195738,Z854195738,CCN1CCN(CC(O)C(C)(C)C)CC1,-3.8064914,0.57506424,3.244721,0.5652721,-4.0940237,0.0121997334965966,1371412.5,11926.560776267395,2.610722728184813,0.7599975944532713
Z234895137,Z234895137,C1CCCN(CC2CCNCC2)CC1,-4.225438,1.7840946,3.2445023,1.0019138,-5.1174855,0.0325084812907406,1343216.85,67656.34546609431,2.0409794867910396,0.7250272141516649
Z103890132,Z103890132,CC(C(=O)N(C)C)N(C)Cc1ccco1,-3.1592455,0.49343193,3.2444725,0.695934,-3.4059615,0.0228225231389778,1356664.35,12013.750934970309,2.7262308051078907,0.7486666790852108
Z7574524854,Z7574524854,C=C(F)C(=O)Nc1cc(OC)cc(OC)c1,-4.034408,0.6512571,3.2437787,0.5579447,-4.360037,0.0093856376273994,1375319.45,9080.131791306776,2.268748117566579,0.7982871107639206
Z1139574991,Z1139574991,CCCCN1CCN(CC(C)O)CC1,-4.096654,0.72688574,3.2430336,0.6095085,-4.460097,0.0102435264882775,1374128.4,12813.357664562402,2.3434179761381237,0.710432866563021
Z715586390,Z715586390,CN(CCC(=O)O)C(=O)OC(C)(C)C,-4.2063203,0.784777,3.2429795,0.78800184,-4.5987086,0.0097708791010912,1374784.6,9251.379834381463,2.0628273988789516,0.7509356121721922
Z391897754,Z391897754,CCNc1ccc(C#N)c(Cl)c1,-3.0991333,0.99501425,3.2428348,1.0058451,-3.5966403,0.0462532142471278,1324134.35,85579.78499580086,2.0063024005686767,0.7597644031593157
Z505762066,Z505762066,O=C1NCCCCC1NC(=O)N1CCSCC1,-3.8102322,1.2383063,3.2423515,0.9900371,-4.429385,0.0267414196708322,1351223.55,51530.728345788986,2.975356465946728,0.7152053190128937
Z5108535968,Z5108535968,COc1c(C)cc(C)cc1CN.Cl,-4.7299066,2.0087938,3.2414653,1.2462865,-5.7343035,0.012027082508013,1371652.2,16689.04400377685,2.149011777980853,0.7964631415022165
Z725146230,Z725146230,CCC(C#N)(CC)c1ccc(OC)c(OC)c1,-2.4643497,0.61792207,3.2412198,0.8275901,-2.7733107,0.0622020744048691,1301991.75,71802.07217683553,2.338342836021159,0.7833359502890053
Z433868504,Z433868504,CC(C)CNC(=O)C(C)N1CCSCC1,-3.439968,0.73662853,3.2409015,0.58297676,-3.8082824,0.0222851946555262,1357410.35,26640.217432061247,2.7280313116744956,0.7873617972282119
Z5256735719,Z5256735719,CCOCCNc1ccccc1.Cl,-4.3649316,1.7318742,3.240455,1.005008,-5.230869,0.0158145280368783,1366393.9,21480.732045021185,1.7181974423165176,0.7398559379406487
Z5597731081,Z5597731081,CNCc1cccc(OC)c1F.Cl,-4.866353,1.876753,3.2402062,1.1023084,-5.8047295,0.0104466092844023,1373846.45,15648.240432952838,2.057577306569913,0.8150047318637007
Z899264418,Z899264418,CN(C)C(=O)C(C)(C)NC(=O)OC(C)(C)C,-3.102217,0.6869965,3.2400298,0.7462075,-3.4457152,0.0309000972377281,1345449.85,37177.19756957886,2.4669567593720014,0.7792733667615162
Z1147249736,Z1147249736,O=C(Nc1cccs1)OCC(F)(F)F,-3.5575917,1.2090908,3.2393513,1.4354364,-4.162137,0.0319356430294954,1344012.15,57792.58097046281,2.478978966258939,0.8399138998060521
Z815264262,Z815264262,Cc1cccc(C)c1OCCCN.Cl,-4.101632,1.1367161,3.239327,1.047099,-4.66999,0.0133783267907948,1369776.2,18269.98456375921,1.9469487769603298,0.7836339545085215
Z25108577,Z25108577,CNC(=O)CSc1nc(C)cs1,-2.5431755,1.3522753,3.2392902,1.1765931,-3.2193131,0.1049779594482658,1242603.85,181303.63031480505,2.2804142886805643,0.7509637290732594
Z2130641188,Z2130641188,CNCCCN(C)Cc1ccncc1.Cl.Cl.Cl,-5.4547195,2.6753442,3.2388883,1.1868346,-6.792392,0.0078265567040011,1377484.0,12471.391201465858,2.4458071900695373,0.8179704564728749
Z4494159094,Z4494159094,CNC1CCCN(CCC(=O)OC)C1.Cl.Cl,-5.5287704,1.8462794,3.2388332,0.942843,-6.45191,0.0063454820470342,1379540.25,12238.832966729304,2.7990294074309183,0.7781731696729327
Z5060795826,Z5060795826,Cc1cc(Br)c(N)cc1C(F)(F)F.Cl,-4.5185995,1.6325306,3.2387645,1.5500625,-5.3348646,0.0131589656786833,1370080.75,19610.57838992772,2.5003747033391974,0.7230462145226269
Z838224584,Z838224584,COCCOCCC(=O)NC(C)c1cccs1,-2.6829963,0.8720742,3.2385287,0.97831064,-3.1190333,0.0531132999603847,1314610.15,51983.28081342597,2.5594802296829915,0.7243823770783876
Z801820700,Z801820700,CC(C)(C)OC(=O)NC(C)(C)C(=O)O,-4.0338216,1.0106059,3.2384567,0.7727315,-4.5391245,0.0161893614722512,1365873.5,25237.33563492787,2.168901852660463,0.7103710980544455
Z2025666292,Z2025666292,NC(=O)N1CCOc2ccc(Br)cc2C1,-3.7899182,0.8040957,3.2383378,0.7927461,-4.191966,0.013094032484604,1370170.9,10935.504926156817,2.225401250672048,0.7807152468153806
Z1509582713,Z1509582713,COc1cc(CC(=O)O)c(OC)cc1Br,-4.0994644,0.85000837,3.2383142,0.97484857,-4.5244684,0.0109161234559008,1373194.6,14135.820826538516,1.9395269649577642,0.9137246868944995
Z1268152396,Z1268152396,COc1ccc(CNCCN)c(OC)c1.Cl.Cl,-5.2945166,1.8442198,3.23828,1.0596232,-6.2166266,0.0069530017646847,1378696.8,13008.588457630596,2.093962735686711,0.7785507008532382
Z1444523409,Z1444523409,CCN(CC(=O)O)C(=O)COCC(F)(F)F,-4.350193,0.59869653,3.237986,0.7323919,-4.6495414,0.0066634494183742,1379098.8,6252.563878921989,2.3724756798511457,0.7371992857044043
Z1269219227,Z1269219227,COC(=O)c1cc(Br)cc(Br)c1,-4.1258783,0.8182395,3.2371953,0.63616747,-4.534998,0.0090662657110958,1375762.85,9701.11560736702,1.8966074267924533,0.7442355242056578
Z19739447,Z19739447,CNC(=O)COc1ccc(C#N)cc1,-3.9892948,0.80771804,3.237032,0.6153725,-4.3931537,0.0138518024993696,1369118.85,23851.15985078084,1.7619231892424327,0.762022644909874
Z281500260,Z281500260,CCONC(=O)CSCc1cccs1,-2.822925,1.00897,3.23694,0.92965525,-3.3274102,0.0552232866352144,1311680.75,80358.9158761335,2.511872508769061,0.7614936963024971
Z3446521315,Z3446521315,CCC(NCCC(=O)O)c1cccs1.O=C(O)C(F)(F)F,-3.9804122,1.5387287,3.2366543,0.86751604,-4.749777,0.0345149638059567,1340431.15,76087.86111875862,2.7902389990438365,0.7477431601013076
Z445128412,Z445128412,CCC(N)C(=O)NC(C)c1cccs1,-2.6239572,0.72442114,3.2365825,0.76737887,-2.9861677,0.0536273274030323,1313896.5,56169.089436717775,2.823012444453777,0.797228869982684
Z971340566,Z971340566,CN(C)C(=O)c1cc(Br)c2c(c1)OCCO2,-3.4654613,1.1491667,3.2365158,1.2056607,-4.040045,0.0288788129794359,1348256.1,41887.88582263373,2.2650743494742063,0.7914329862738287
Z52301378,Z52301378,CCOc1ccc(NC(C)=O)cc1OC,-4.2167177,0.8049895,3.236412,0.9942788,-4.6192126,0.0088202182446789,1376104.45,9451.562428905603,1.4819743946012913,0.8251460908128478
Z2491708997,Z2491708997,CCNc1ccc(C)c(C#N)c1,-3.353042,1.0461538,3.2362328,0.9459524,-3.8761187,0.0323800194475456,1343395.2,55655.3470194913,2.0711611418274174,0.7201258846965214
Z1509591627,Z1509591627,C#CC(=O)Nc1ccc(OC)cc1OC,-4.4426994,0.7457456,3.235988,0.7100774,-4.8155723,0.0059123059747182,1380141.65,4926.532637413457,2.134438934939002,0.7558891516551585
Z1623872253,Z1623872253,Cl.Cl.O=S1(=O)CCN(C2CCNCC2)CC1,-5.6306963,1.9916861,3.2352567,1.0904388,-6.626539,0.0067309396045664,1379005.1,14015.286825106365,2.9629166072164637,0.7553975663965435
Z32386134,Z32386134,CC(C)CNC(=O)c1cccs1,-3.1747763,0.9954649,3.2351768,1.1540561,-3.6725087,0.0356311808981885,1338881.45,47965.05657296257,1.806645057911334,0.7638721027176845
Z1505352980,Z1505352980,C=C(Br)CN1CCN(CCS(C)(=O)=O)CC1,-3.4663906,1.0111835,3.233397,0.7114374,-3.9719825,0.0322939460510678,1343514.7,62744.20554369941,2.4731849690871517,0.743748110678669
Z641517666,Z641517666,N#Cc1c(Cl)nsc1N1CCCCCCC1,-2.2881393,0.8472312,3.2332237,0.93704045,-2.711755,0.086115208700976,1268791.95,115575.80687084777,2.661625732873416,0.7718360446965735
Z406463148,Z406463148,COc1ccc(OC)c(NC(=O)C(C)SC)c1,-3.4347184,0.6911995,3.2330406,0.6549546,-3.780318,0.0235253358303021,1355688.6,30032.412591065677,2.274975003930482,0.8773174522192498
Z409968568,Z409968568,COc1ccc(C)cc1NC(=O)N1CCCCCC1,-3.3706253,0.8340658,3.2328262,1.2123399,-3.7876582,0.0250462059278999,1353577.1,30717.70283549862,1.6916617640373381,0.8870236808489037
Z381049896,Z381049896,CCN(CCCN)C(=O)OC(C)(C)C,-3.0804582,1.0055317,3.2322338,0.6836815,-3.583224,0.0421033961176936,1329895.75,47677.77377130249,2.180680585692137,0.7528764952778904
Z1646410773,Z1646410773,CC(O)CCN(C)c1ccc(Br)cc1C#N,-2.8541503,0.50154835,3.2322292,0.35698733,-3.1049244,0.0372851226275795,1336585.2,33392.42704955721,2.9674569129939883,0.9232839648702308
Z409604306,Z409604306,Cc1cc(C)c(NC(=O)N2CCCCCC2)c(C)c1,-3.1247048,1.1551621,3.2317975,1.5050563,-3.7022858,0.044432491806821,1326662.15,62963.35041456657,1.8439647635535437,0.8123331143638437
Z1889790086,Z1889790086,COc1cc(C#N)ccc1OC[C@@H](C)O,-4.216872,0.8615174,3.231694,0.655143,-4.6476307,0.0108717182266719,1373256.25,12994.324302844683,2.4275461334380974,0.8085015607540849
Z44590584,Z44590584,CCCCNC(=O)Nc1nccs1,-3.2498844,1.1432908,3.2309031,1.2603636,-3.8215299,0.0385396333777505,1334843.5,55780.82529731879,2.0042484818175588,0.7292057694305996
Z434673952,Z434673952,CCOc1ncccc1NC(=O)N1CCCCCC1,-3.1898997,0.79073507,3.230732,1.2319038,-3.5852673,0.0298358843231173,1346927.35,33665.657645848834,1.9588794330350083,0.9119110174297334
Z29693716,Z29693716,CCCC(=O)NCc1cccs1,-2.723947,1.026546,3.2297623,1.1763349,-3.23722,0.0683706558144559,1293427.6,110961.27455216076,1.8196307016793316,0.7611554658183582
Z1217226869,Z1217226869,COc1cc(C=CC(C)=O)cc(OC)c1OC,-3.509655,0.9690265,3.229733,1.2523273,-3.9941683,0.0206650340332049,1359659.7,18194.47403499205,1.959770929666643,0.7358266239509043
Z26413930,Z26413930,COc1ccc(NC(C)=O)cn1,-4.336252,1.4377128,3.2295685,1.334979,-5.0551085,0.0177024165376165,1363772.85,34346.39101605146,1.76994855441483,0.7139432951783906
Z19630813,Z19630813,COCCNC(=O)CSC1=NCCS1,-3.335069,0.3938482,3.229451,0.4295284,-3.5319932,0.0186325134152051,1362481.55,13132.345173178324,2.605745970307522,0.7072284464635424
Z2445897709,Z2445897709,CC[C@H](O)Cn1ccnc1COC,-3.0442696,1.343681,3.229258,1.1090187,-3.71611,0.0696094284582418,1291707.75,128377.99426493428,2.9857774363128,0.7359508211195024
Z123980064,Z123980064,CCCNCc1ccc(C#N)cc1,-3.4455872,0.8117381,3.2286067,1.034535,-3.8514562,0.0221539597363776,1357592.55,24953.27164416522,1.7129703113393866,0.7090661120216543
Z1431038249,Z1431038249,CCNc1nc(NCC)nc(OCC)n1,-3.527916,0.6668991,3.2279592,1.0440894,-3.8613656,0.0196707242410055,1361040.15,23272.212922872204,2.4079496023204,0.7346829418434164
Z3401842121,Z3401842121,CCOC(=O)CC1CCCCN1.Cl,-5.2457733,1.8321497,3.2273667,0.86540747,-6.161848,0.0087837000756294,1376155.15,17025.978830231757,2.8103674363128004,0.7133948963596463
Z57912822,Z57912822,CCOc1cc(C#N)ccc1OCC(=O)O,-4.158838,0.7958977,3.2270648,0.65591955,-4.5567865,0.010459826412648,1373828.1,9974.914836227928,1.8650432305930877,0.8128439922745839
Z27786822,Z27786822,CC(=O)Nc1ccc(Br)cc1,-4.1099253,0.99750954,3.227028,0.98062253,-4.6086802,0.0109648503619405,1373126.95,15387.704135039115,1.3665957209126152,0.7634923555638266
Z219116284,Z219116284,CN1CCCN(c2ccc(C#N)cn2)CC1,-3.3990064,0.9763586,3.2266312,0.79665154,-3.8871856,0.0292166240501313,1347787.1,45680.845548106925,2.1001371041108747,0.7046612152784058
Z109300100,Z109300100,COc1cc(C(=O)N(C)OC)cc(OC)c1Br,-3.4102364,0.4831286,3.2264678,0.71446764,-3.6518006,0.0176605322865271,1363831.0,11880.024751657716,2.246891197225171,0.7993568819743184
Z1650859732,Z1650859732,Cl.O=C(O)CCCCN1CCOCC1,-5.138879,1.6061829,3.2257488,0.9425505,-5.9419703,0.0072744985054201,1378250.45,12880.973020214738,1.9326133792144056,0.7068332375564156
Z1269192775,Z1269192775,Cc1cc(C(C)(C)C#N)ccc1Br,-2.2001495,0.62720543,3.2256825,0.7702325,-2.5137522,0.0823281593258185,1274049.7,81065.2730601088,2.3263881662984183,0.7333166789866423
Z3243816713,Z3243816713,CNCc1cccc(C(=O)OC)c1.Cl,-5.373897,1.9739238,3.2256088,1.0842592,-6.360859,0.0077141570929519,1377640.05,13849.93400516768,1.751777882989435,0.7791499210531972
Z1269238739,Z1269238739,COC(=O)c1c(Br)cccc1C#N,-3.2052624,0.43654454,3.2253559,0.35809308,-3.4235346,0.0212725537508553,1358816.25,12412.16137050675,2.2137149148439903,0.7060146479771877
Z73373294,Z73373294,CCN(Cc1cccs1)C(C)=O,-2.7481854,1.0293338,3.2252922,0.9204819,-3.2628522,0.0628338675406057,1301114.6,92862.78619737834,2.0622534495197247,0.7025550239781325
Z2755909362,Z2755909362,COc1cc(OC)c(C(=O)O)c(OC(F)F)c1,-4.103535,0.53623134,3.2250469,0.76907957,-4.3716507,0.0089076241581732,1375983.1,10223.766120662189,2.1385065818405558,0.8628588095914715
Z432858826,Z432858826,FC(F)(F)CN1CCCN(CC2CCOC2)CC1,-3.6194596,0.62920576,3.2247157,0.46269953,-3.9340625,0.0151820506356465,1367272.0,12479.176711626453,2.823641573834351,0.7713461632011532
Z5185631749,Z5185631749,CNCc1cc(Br)cc(C(F)(F)F)c1.Cl,-4.4097586,1.6035274,3.2239985,1.1033878,-5.211522,0.0138513703316887,1369119.45,19409.772259032303,2.291531904229018,0.879947904431597
Z1157674690,Z1157674690,CCN(CC)C(=O)N1CCCN(C(=O)N(CC)CC)CC1,-3.3155289,0.45125505,3.223494,0.71745193,-3.5411563,0.0206634494183743,1359661.9,17564.467435422,2.2876978714443155,0.7958406959157124
Z2351194006,Z2351194006,COc1cccc(F)c1OC[C@H](C)O,-3.9713855,0.6209151,3.2233365,0.73540825,-4.281843,0.0099621853279072,1374519.0,8358.945256430383,2.458586490619595,0.8017606619050498
Z352976198,Z352976198,O=C(NCC#Cc1ccccc1)N1CCCCCCC1,-3.1142333,1.45861,3.2229156,1.3720018,-3.8435383,0.0798922822054957,1277431.55,162785.4994130236,2.085967164361449,0.7816839443982794
Z359297600,Z359297600,CCOC(=O)c1cccnc1NC,-3.6324935,1.3222386,3.2227197,1.2247131,-4.293613,0.0319763748334352,1343955.6,55456.19926338262,1.8812782115472881,0.7121648205915999
Z94601326,Z94601326,CCOc1cc(Br)c(CC#N)cc1OCC,-2.8377929,0.6757568,3.222568,1.0103333,-3.1756713,0.0445808693773184,1326456.15,57635.72893464175,2.273690433390291,0.8326185585988093
Z137837316,Z137837316,CC(C(=O)N1CCCCCC1)N(C)CCC#N,-2.8725255,0.8017836,3.221899,1.0705003,-3.2734172,0.0428055605574964,1328920.9,45889.58054602374,2.716637083201814,0.7462418275328289
Z2680602904,Z2680602904,Cl.Cl.OCCCCCN1CCNCC1,-5.831396,2.1913245,3.2217293,0.9981334,-6.927058,0.0075364641480895,1377886.75,16473.809216070822,2.3437346397461916,0.7062666875883744
Z2378898512,Z2378898512,COc1cc(Cl)ccc1OCCF,-3.3759918,1.175443,3.221665,1.1492158,-3.9637134,0.0395502935138832,1333440.35,73594.29519213768,1.8270128269319024,0.7509767246044841
Z1813197790,Z1813197790,COC(=O)Cc1sccc1C(=O)OC,-3.5511956,1.2909157,3.2216384,1.3292649,-4.1966534,0.0295281089062556,1347354.65,36325.13528711903,2.325323095813596,0.710455599266312
Z2768517593,Z2768517593,COc1cccc2c1OCCCC2N.Cl,-4.6967683,1.5507402,3.2211304,0.8673854,-5.4721384,0.0104512911009472,1373839.95,18677.41131815381,2.748837690661361,0.8038065225361416
Z105520014,Z105520014,COc1ccc(Br)cc1CN(C)CCCO,-3.222957,0.406241,3.2206535,0.47674972,-3.4260774,0.0231272373680987,1356241.3,22725.14919444975,1.9866439298937877,0.8713496853565326
Z88613638,Z88613638,COc1cc(OC)c(OC)cc1CNC(=O)C(C)C,-3.4077106,0.47948474,3.2203164,0.33150995,-3.6474528,0.0204538480930601,1359952.9,26078.902633929974,1.8324516584566428,0.8559971769701533
Z1269186677,Z1269186677,COc1cc(C=O)c(OC)cc1Cl,-3.199983,0.52273065,3.2195232,0.4160517,-3.4613483,0.0251844635718659,1353385.15,21307.709894014886,1.9300349148439917,0.7019313578615144
Z425484914,Z425484914,Cl.N#Cc1ccc(CNCC(F)(F)F)cc1,-4.418144,1.7396513,3.219377,0.9121177,-5.28797,0.0125751791695177,1370891.25,16788.56713026755,2.1831045193043757,0.895223623286139
Z135504636,Z135504636,COc1cc(C(=O)N(C)C)cc2c1OCCO2,-3.5270584,1.0707086,3.2185147,1.1708611,-4.0624127,0.0244456008931466,1354410.95,33038.55074829252,2.1180822937881842,0.7743003287195633
Z1269172225,Z1269172225,CNC(=O)c1ccc(Br)c(OC)c1,-3.69553,1.1422743,3.2179132,1.1583066,-4.266667,0.0210713436813483,1359095.6,30740.725759812507,1.7172393104483863,0.8611362368186396
Z1517556174,Z1517556174,C1CC(CSC2CCOCC2)CCO1,-3.7246628,0.5676537,3.2177765,0.3417681,-4.0084896,0.0134213995030072,1369716.4,13293.394101582937,2.7233179483295,0.7211332899987891
Z409541826,Z409541826,O=C(Nc1cccc(Br)c1)N1CCCCCC1,-3.545528,0.7912776,3.2174919,1.0330411,-3.9411666,0.0197461014873771,1360935.5,29342.522222024472,1.6921014327039785,0.8385066160761608
Z1222331841,Z1222331841,COCCOc1ccc(CN)cc1OC.Cl,-4.973526,1.5968466,3.216683,0.95783466,-5.7719493,0.0090477545287571,1375788.55,16421.322292906258,1.8648558098742711,0.776240794527568
Z33596978,Z33596978,COCC(=O)Nc1cc(Cl)c(OC)cc1OC,-3.5829148,0.787633,3.216658,0.52503973,-3.9767313,0.0196309648143478,1361095.35,21910.49995156432,1.7975361470579472,0.8780507772332513
Z1269217976,Z1269217976,COC(=O)c1c(Br)cncc1Br,-2.8811202,0.542711,3.2166462,0.5532156,-3.1524758,0.0373328411423632,1336518.95,37540.26837207614,2.652213676792453,0.7467631341141298
Z381587572,Z381587572,CCOc1ncccc1NC(=O)COC,-3.7662938,1.0640022,3.2163079,1.1323018,-4.298295,0.0200676702560592,1360489.05,30268.40863916536,1.9184056462764456,0.7891402685575127
Z25066204,Z25066204,CSc1ccc(NC(C)=O)cc1,-4.10291,1.0683779,3.215676,1.0786501,-4.637099,0.0136075557316238,1369457.95,18984.802072908213,1.5994184844847599,0.7095617288870956
Z4990374983,Z4990374983,Cl.NCc1ccc(C(F)F)c(F)c1,-4.5891023,1.9462978,3.2152317,1.3437189,-5.562251,0.0144306911081499,1368315.15,22424.82365655302,2.3980873024563785,0.7998025685844686
Z104487404,Z104487404,O=C(O)C(F)(F)C(F)(F)C(F)(F)F,-4.8876653,1.5729599,3.2150016,0.81041133,-5.674145,0.011094716750099,1372946.65,19406.35638721241,2.541742826931902,0.7124417765524875
Z29659913,Z29659913,COc1cc(C)c(NC(C)=O)cc1OC,-3.495007,0.8644985,3.2146344,0.97405994,-3.9272563,0.0205200417762091,1359861.0,21048.816380024797,1.588128888034685,0.8274770855734099
Z5378131731,Z5378131731,CNCc1cccc(Cl)c1OC.Cl,-4.6953464,1.8056985,3.2138047,1.0242231,-5.5981956,0.0085925739186804,1376420.5,10351.813766195755,2.0445293427690086,0.8477308485678129
Z4626213843,Z4626213843,C#CCN1CCCN(CCn2cccn2)CC1,-3.025859,1.2270341,3.2132983,1.0013235,-3.6393762,0.0651516548420787,1297896.7,126098.92357395442,2.4484478126097873,0.7075884615688828
Z4355968661,Z4355968661,Cl.Cl.c1cc(CNCCCN2CCCCC2)cs1,-4.455538,1.6472634,3.2128577,1.0839715,-5.2791696,0.0092953145820577,1375444.85,9684.111127382832,2.2652068106072996,0.8082683536959154
Z236574098,Z236574098,COc1cccc(NC(=O)N2CCCCCC2)c1,-3.9265747,1.0045365,3.2123122,1.3956987,-4.428843,0.017261857600749,1364384.5,31240.28452895396,1.600318976287772,0.8733837250674488
Z30270899,Z30270899,CCOc1c(Cl)cc(C(=O)NC)cc1OC,-3.1978638,0.7970616,3.2116883,0.97524905,-3.5963945,0.0289416213490835,1348168.9,32099.156403089477,1.8170189583536995,0.8811810266976254
Z19739280,Z19739280,CN(C)C(=O)COc1ccc(C#N)cc1,-3.956995,0.6190643,3.2114842,0.51568645,-4.266527,0.0110553534771491,1373001.3,11344.347601779487,1.8159841506988492,0.7383653175659537
Z90539342,Z90539342,CN1CCC(NCc2cccs2)CC1,-3.3976254,1.3493283,3.211409,1.1565763,-4.0722895,0.0480163503439334,1321686.5,92173.54921966496,2.0775379965739393,0.8198845989491009
Z3053149488,Z3053149488,Cc1c(Br)c(CC#N)nn1C,-1.9950098,0.88557,3.211291,1.4065126,-2.4377947,0.1139359671552562,1230167.0,111619.34117974355,2.9906809729020036,0.711193501259637
Z1269108287,Z1269108287,COc1cc(OC)c(C(=O)O)cc1Cl,-4.517969,0.90410376,3.2107556,1.0565103,-4.9700212,0.0053950012604889,1380859.85,3301.3220120884907,1.716021126232679,0.8403910068421686
Z14507306,Z14507306,COC(=O)Cn1cc(C(F)(F)F)cc(Cl)c1=O,-3.2275338,0.9380752,3.2101188,0.7087669,-3.6965714,0.0292096013253141,1347796.85,30250.55573088699,2.3090060923300673,0.7678870919799724
Z240128172,Z240128172,CCN(CC)C(CN)c1ccsc1,-1.9605318,0.581708,3.209793,0.5862872,-2.251386,0.1020607195591889,1246654.0,83436.54726736959,2.933765897851261,0.7847159888209547
Z431547692,Z431547692,O=C(Nc1cn[nH]c1)OCC(F)(F)F,-3.2709339,0.95676666,3.2097504,0.89202666,-3.7493172,0.0310928800374545,1345182.2,42385.48784855496,2.6174951605909236,0.7753968797261719
Z1269194191,Z1269194191,COc1cc(C=O)cc(OC)c1Br,-3.6976216,0.535127,3.2094967,0.9443438,-3.9651852,0.0128812259156552,1370466.35,10865.898100364278,2.063646343415421,0.7660682846180933
Z1220091278,Z1220091278,CN(C)C(=O)c1cc(Br)sc1Br,-2.5677662,0.72670895,3.2093937,0.96152467,-2.9311206,0.0621937911909821,1302003.25,86928.26500217004,2.620899874062925,0.7804675666711242
Z1365942140,Z1365942140,O=C(NCC(F)F)Nc1nccs1,-3.2398536,0.9543043,3.2092826,1.1125709,-3.7170057,0.0333689271437317,1342022.25,49107.894339785125,2.4836128269319016,0.789247525546433
Z90639813,Z90639813,COc1cc(CNC2CCSCC2)cc(OC)c1OC,-3.4045818,0.49420244,3.2087817,0.6529176,-3.651683,0.0186012532862751,1362524.95,17556.061894613496,2.235127131423827,0.8739325253268558
Z355423232,Z355423232,Cl.NCCOc1ccccc1,-5.5240455,2.1397007,3.2084897,1.0007305,-6.593896,0.0095085533186876,1375148.8,20221.10287199984,1.6062218747587682,0.7511682899563829
Z372853986,Z372853986,CCN(CC)C(=O)N1CCNCC1.Cl,-4.6232266,1.4728986,3.2083275,0.8504435,-5.359676,0.011390211402024,1372536.4,20171.33544265228,2.4120410846526372,0.7481631205644336
Z32015287,Z32015287,CNC(=O)c1cc(OC)c(C)c(OC)c1,-3.4247398,1.1105616,3.208182,1.1744554,-3.9800205,0.0277022004537761,1349889.65,33758.74040937399,1.8046515803423784,0.8175127017217226
Z104476454,Z104476454,COc1ccc(CCN)cc1,-3.999435,1.7268453,3.2075837,1.5960103,-4.862858,0.0462350632045233,1324159.55,98735.2981139344,1.3992921477116216,0.7040409817749098
Z26714507,Z26714507,COc1ccc(NC(=O)C(C)(C)C)c(OC)c1,-3.4341717,0.58179194,3.2074425,0.8051045,-3.7250676,0.0186919364713508,1362399.05,14993.037455682555,1.7310173510713263,0.8788194762949982
Z827062530,Z827062530,CC(NC(=O)OCC(F)(F)F)c1ccco1,-3.5562038,0.46950358,3.2072887,0.7933109,-3.7909555,0.0140953289876472,1368780.75,8094.874698690524,2.773195374532449,0.8786085005877134
Z851395274,Z851395274,COc1ccc(N(C)CCCO)cc1OC,-3.7101312,0.4223789,3.2069697,0.38639694,-3.9213207,0.0126548780926999,1370780.6,9334.94333351842,1.9018173564672125,0.7967674327294887
Z4987651799,Z4987651799,CNc1ccc(C(F)(F)F)c(F)c1.Cl,-4.7679043,1.7377834,3.2068398,1.0538706,-5.636796,0.0098784168257283,1374635.3,16906.080474492013,2.22294827799983,0.7288543517883834
Z287000980,Z287000980,COC(=O)c1sccc1NC(=O)N(C)C,-3.4422867,0.8902127,3.206702,0.93742895,-3.887393,0.0244519033384953,1354402.2,33863.04765906341,2.2128742726500708,0.782524366901013
Z1738059089,Z1738059089,CS(=O)(=O)CCCn1ncsc1=O,-2.2552276,1.6179787,3.2065537,1.5810422,-3.0642169,0.1713382072244029,1150472.6,322126.3925232454,2.9782876620967382,0.7035049613887915
Z5247767817,Z5247767817,Cl.Cl.O=C(O)CCCN1CCNCC1,-6.1835866,2.5951145,3.2065456,1.0508388,-7.481144,0.0069914286743256,1378643.45,14790.497478026222,2.291295970307523,0.7611590319509494
Z959357814,Z959357814,Cc1cc(N(C)C)ccc1CN,-3.474348,1.1759796,3.2063606,1.24895,-4.062338,0.0310316562826377,1345267.2,50134.68205603781,2.002136753715531,0.7177436647938997
Z1037335982,Z1037335982,COc1cccc(OC)c1OCC#CCN1CCC(C)CC1,-3.4608536,0.37641126,3.2060971,0.639478,-3.6490593,0.0168632549429179,1364937.9,16020.906063328628,2.3006640165274153,0.7827682844965422
Z1157652257,Z1157652257,CCC(N)(CC)CNC(=O)OC(C)(C)C,-2.9224668,0.58566207,3.206081,0.4322768,-3.2152977,0.0377954046169913,1335876.75,51960.84366123688,2.674028260504322,0.7553947594920403
Z604513568,Z604513568,CCOc1ccc(NC(=O)N2CCCCCC2)c(C)c1,-3.2805157,0.6852363,3.2059798,0.8945416,-3.623134,0.024532754708827,1354289.95,23758.98885995572,1.743576524136376,0.9119428484172257
Z1262607272,Z1262607272,CNCc1ccc(S(C)=O)cc1,-3.569487,1.8505852,3.2059002,1.5699904,-4.4947796,0.0842226743976662,1271419.45,186637.5483072672,2.6571593176418826,0.7611721443782639
Z140637338,Z140637338,COCC(=O)Nc1ccc(C#N)cc1,-3.934131,0.66706264,3.2057471,0.59336346,-4.267662,0.0099288363885187,1374565.3,7501.444494895634,1.6741456744495338,0.7770045661537428
Z1065585476,Z1065585476,CNCc1nccn1CC(F)(F)F,-2.7272227,0.8020181,3.2053413,0.9213182,-3.1282318,0.0495052400331329,1319619.4,54132.319450952775,2.610573376382453,0.7803140406893415
Z32016396,Z32016396,CNC(=O)c1ccc(OC)cc1,-4.535671,1.6306285,3.205204,1.3236876,-5.3509855,0.0192786401123635,1361584.5,42235.6142674639,1.28590799497427,0.7110451272186061
Z57983014,Z57983014,CCOc1ccc(CO)cc1OCC,-4.0745955,0.62076837,3.2046504,0.4364233,-4.3849797,0.0100319083804516,1374422.2,12278.68333576528,1.6267030708992394,0.7821596056092598
Z221133240,Z221133240,CCC(=O)NCCSCc1ccsc1,-2.463094,0.95902425,3.2044158,0.91767824,-2.9426062,0.0807813951813304,1276197.15,106794.47607497076,2.3374767395382907,0.759425953456425
Z432067652,Z432067652,CC(C)N1CCN(C(C)(C)CN)CC1,-3.5502903,0.340552,3.203759,0.5237305,-3.7205663,0.0149938055965713,1367533.35,13783.123152156046,2.473641500453054,0.7278372874823601
Z45527635,Z45527635,COc1ccc(Br)cc1S(=O)(=O)N(C)C,-2.8348515,0.6777783,3.2036545,0.88064015,-3.1737406,0.0394649043829006,1333558.9,34776.8552027063,1.8475118170287672,0.8523070293063434
Z432810902,Z432810902,C=CCNC(=O)CN1CCCCCCC1=O,-3.5726745,1.2885951,3.2036319,1.2509801,-4.216972,0.0332669715849749,1342163.8,55239.98126230675,2.158816167656024,0.7264366542215948
Z513571188,Z513571188,CCNC(=O)N(C)C(C)C(C)(C)C,-3.2025733,0.40965888,3.2033272,0.50415593,-3.4074028,0.0233551698058845,1355924.85,20058.4875757745,2.8264255132358773,0.703300973246023
Z2013590978,Z2013590978,CC#CC(=O)NCC(C)(C)N1CCN(C)CC1,-3.6402926,0.51497227,3.203261,0.3990928,-3.8977787,0.0159321496740735,1366230.6,23762.635351324145,2.926304708930857,0.7099327490891173
Z406555034,Z406555034,CCOC(C)C(=O)NC(C)c1cccs1,-2.6445968,0.68314385,3.2030513,0.7689018,-2.9861689,0.0508185616019014,1317796.05,53849.77562021498,2.867206826089303,0.838213746043591
Z54181020,Z54181020,COC(=O)COc1ccc(C(=O)OC)cc1OC,-4.388056,0.7280371,3.2027926,1.0257183,-4.7520742,0.0070395793567903,1378576.6,8235.153218975345,1.6662593820358698,0.7308361142084304
Z104378242,Z104378242,COc1cc(C(=O)O)c(N)c(OC)c1OC,-4.365655,0.76287454,3.202716,0.9327523,-4.7470922,0.0076980228328591,1377662.45,8882.125908108937,2.096575947875804,0.7452367442089962
Z1247217993,Z1247217993,COCCOCCCCNc1ccc(Br)cn1,-3.0115726,0.8664324,3.2025647,0.7659047,-3.444789,0.0397079266755501,1333221.5,54532.81157385891,2.1351783557809014,0.7123971782086633
Z1461072013,Z1461072013,COc1ccc(CN2CCOCC2)cc1OC,-3.7524784,0.7118137,3.2025287,0.7444049,-4.108385,0.0144105592970071,1368343.1,16680.94975383596,1.6237353416521731,0.7944701635822158
Z382715716,Z382715716,COc1cc(Cl)c(C(=O)O)cc1OC,-4.280787,1.0884237,3.2024639,1.2095608,-4.824999,0.0106149746101488,1373612.7,18281.821132206715,1.6133986730102254,0.8403910068421686
Z1610998441,Z1610998441,Cc1nsc(NCc2cncs2)n1,-2.4133644,0.8661894,3.2019565,0.9170404,-2.8464592,0.0738842871033961,1285772.75,77862.90837996935,2.986287928146478,0.844091260051329
Z7058777481,Z7058777481,CNc1ccc(CS(C)(=O)=O)cc1.Cl,-4.9385285,2.1942978,3.2017071,0.94733196,-6.0356774,0.0118692332625057,1371871.35,19912.48485316436,2.0087421241536756,0.867583598049603
Z381421382,Z381421382,O=C(O)c1cc(Br)c2c(c1)OCCO2,-5.4664297,1.3189993,3.2012055,1.0379825,-6.1259294,0.0026974105953109,1384605.05,4293.305899595322,2.1895137217868132,0.8365497705191047
Z4875075190,Z4875075190,Cl.Cl.NCc1ccc(CN2CCCCCC2)cc1,-5.2079563,1.9088874,3.2011642,1.0631864,-6.1624002,0.0081765404977129,1376998.1,13320.6950190296,1.863341014688931,0.9249039403415805
Z1813087112,Z1813087112,COc1ccc(C(C)=O)c(Cl)c1OC,-3.1898127,0.55809855,3.2007217,0.97702456,-3.468862,0.0249492202974753,1353711.75,22287.556693982857,1.9248997125112641,0.7258577518651975
Z445731550,Z445731550,CC(Cn1cccn1)NCc1ccco1,-2.620315,0.99182343,3.2005382,0.941755,-3.1162267,0.0735477725357438,1286239.95,117116.1951813134,2.7728092666463517,0.8067817714338845
Z56904746,Z56904746,CCOc1c(Br)cc(C(=O)O)cc1OC,-4.2203703,0.6068012,3.200431,1.1515862,-4.523771,0.0079186444340404,1377356.15,8499.796157996967,1.8177223495731472,0.9170053320790983
Z87539658,Z87539658,COc1ccc(C(=O)N(C)C)c(F)c1,-3.2860343,1.0471281,3.19988,0.92402416,-3.8095984,0.035704253250261,1338780.0,58182.64900810206,1.6975383819499346,0.7192562047039441
Z30943416,Z30943416,COc1ccc(OC)c(NC(=O)C(C)C)c1,-3.4834163,0.53252524,3.1998725,0.5155803,-3.7496789,0.0189362192530702,1362059.9,20717.992489379856,1.5649384574592453,0.8515537044132071
Z2002155886,Z2002155886,CCC(C)N1CCN(CCS(C)(=O)=O)CC1,-3.408443,0.51403964,3.199093,0.7325001,-3.6654627,0.0202157597147694,1360283.45,22477.263473285624,2.6169238181818226,0.7080713445878957
Z1256619207,Z1256619207,CCOCCN1CCCN(c2ncccn2)CC1,-3.1572106,1.165388,3.1988692,0.93328613,-3.7399046,0.0483157705189613,1321270.8,80688.26751864239,2.065207007994818,0.7300017099923387
Z98976549,Z98976549,N#Cc1ccc(OCC(N)=O)c(Cl)c1,-3.2653618,0.8851023,3.198582,0.3247929,-3.707913,0.0328615262721936,1342726.7,46305.06749277016,1.9488279541131899,0.811066527095697
Z89283364,Z89283364,O=C(O)c1ccc2c(c1)OCCCO2,-6.257743,2.0709603,3.1984358,1.2837268,-7.293223,0.0029777073504519,1384215.9,7516.070768027666,1.8238086626152157,0.7363754462705041
Z5868505436,Z5868505436,CNc1cc(C(F)(F)F)cc(C(F)(F)F)c1.Cl,-4.4738226,1.4985117,3.197371,1.0459294,-5.2230783,0.0127041812223143,1370712.15,20749.19579471696,2.306670977444952,0.7602674425175618
Z1266823128,Z1266823128,CCN(C)c1ccc(CN)cc1F.Cl.Cl,-5.4598794,2.31364,3.1971872,0.96444416,-6.616699,0.0071855439910685,1378373.95,13531.036772823432,2.4517193973901943,0.8989878583381105
Z53825507,Z53825507,CS(=O)(=O)NC1CCCCCCC1,-4.116913,1.6740807,3.1964436,1.168587,-4.9539533,0.0328310944646522,1342768.95,67556.08184351354,1.8904359038549803,0.7447607863583305
Z33476184,Z33476184,O=C(Cc1cccs1)NCC(F)(F)F,-2.6749039,0.8279726,3.1956153,1.0841943,-3.08889,0.0551737314077861,1311749.55,68508.67499848103,2.145610950064608,0.8335173818266165
Z1273056410,Z1273056410,CC(CO)SCC(=O)N1CCCCCC1,-3.5108979,0.8331377,3.1951668,0.7745494,-3.9274666,0.0200244895019267,1360549.0,20394.52176933796,2.748243882030968,0.7969447564240031
Z1323627450,Z1323627450,COc1cc(NC2CCSCC2)ccc1Br,-3.39953,0.77919775,3.194848,0.41937718,-3.7891288,0.0212428782367558,1358857.45,19025.352040041205,2.343814361635957,0.918230870146555
Z1157693764,Z1157693764,CC(C)COCC(C)NC(=O)OC(C)(C)C,-3.559053,0.8184426,3.1940663,0.6540489,-3.968274,0.0201465048438793,1360379.6,18839.744091680222,2.629376874597897,0.7907412846247828
Z382691350,Z382691350,CCOc1cc(C#N)cc(Br)c1OCC(=O)O,-3.6257014,1.4149415,3.1940384,0.92262685,-4.3331723,0.0292145352396729,1347790.0,31495.666674957047,2.1892829698004235,0.9012478042734627
Z253445990,Z253445990,CCCC(=O)NCCn1ccnc1,-2.8564093,0.7573084,3.1937945,0.7498652,-3.2350636,0.0427745525263802,1328963.95,51566.66210690294,2.104752847721924,0.7299687389219439
Z164670598,Z164670598,O=C(NCc1cccs1)OCC(F)(F)F,-3.1612535,1.4482434,3.1929932,1.2439421,-3.885375,0.0657708430871177,1297037.05,120726.27256752152,2.2318415615806533,0.8797554704897577
Z1838482636,Z1838482636,COC(=O)c1ccc(OCC(F)F)cc1OC,-3.8022094,0.39667058,3.192732,0.75400263,-4.0005445,0.0107700867936758,1373397.35,8463.778868064785,1.9959665818405554,0.7463934959406187
Z45976009,Z45976009,CS(=O)(=O)C(C#N)=Cc1ccsc1,-2.369666,1.2749671,3.1927214,0.8924457,-3.0071497,0.0950011164331761,1256455.2,90844.17051941196,2.8957131566022323,0.7018433569827529
Z227868804,Z227868804,Nc1nc(CN2CCCCCC2)cs1,-3.301794,1.0652378,3.19238,0.88741213,-3.834413,0.0335085173047142,1341828.45,45855.95515576466,2.055157884003581,0.8142888445113922
Z4917138326,Z4917138326,Brc1cncc2c(Br)cncc12,-1.1758938,0.69814175,3.1923745,1.0778916,-1.5249647,0.2298537472539344,1069232.55,170062.66298411155,2.809496312539059,0.7438268867521625
Z394003546,Z394003546,CN(CC(F)(F)F)C(=O)c1ccsc1,-2.4283526,0.72405857,3.1922884,0.9654007,-2.790382,0.0654366694277379,1297501.0,68022.09004066253,2.4592452426567935,0.7533930148250229
Z1153284722,Z1153284722,COCCN1CCCC(N2CCCCCC2)C1,-3.4633133,0.7476041,3.1921499,0.57550967,-3.8371153,0.0205972917491986,1359753.75,20014.120694836933,2.4375730373752997,0.7470639713572014
Z416914758,Z416914758,CS(=O)(=O)Cc1cc(Cl)c2c(c1)OCCO2,-3.416082,0.96692234,3.1919162,1.0058932,-3.899543,0.025893578708539,1352400.65,33762.37182763527,2.335727496327353,0.8133782682068516
Z815286468,Z815286468,N#Cc1ccc(OC(F)F)c(N)c1,-3.750255,1.2070558,3.1914144,0.6447438,-4.353783,0.0257622717614435,1352582.95,39640.269791557934,2.245976453305529,0.711893612155271
Z51751449,Z51751449,CCCNC(=O)CSCc1cccs1,-2.2571712,0.6600631,3.190968,0.6665829,-2.5872028,0.0783706918284293,1279544.05,80838.60708069814,2.0730878933844465,0.8118205598644204
Z440633934,Z440633934,C=CC(=O)Nc1ccc(OC)c(OC)c1,-4.2390933,1.0179095,3.1906295,1.1399767,-4.748048,0.0087729318975762,1376170.1,7516.290161376156,1.7387192351266183,0.7660234591398105
Z940493812,Z940493812,O=C(NCCCOCC1CCCO1)OCC(F)(F)F,-3.965074,0.7259515,3.1905737,0.8533594,-4.3280497,0.0110436129218135,1373017.6,14162.27210372686,2.8301607227167356,0.725400024868684
Z1258525108,Z1258525108,CC(=O)C(C)NC(=O)OC(C)(C)C,-3.6426494,0.66784674,3.1905198,0.4257137,-3.9765728,0.0182727338207223,1362981.05,31240.08349456672,2.4576591670820314,0.7121346093059489
Z1998636327,Z1998636327,COC(=O)C(N)CN1CCOCC1.Cl.Cl,-5.945218,2.4914436,3.19001,1.0697182,-7.19094,0.005587928116109,1380592.0,11036.638473738278,2.8957977281848155,0.704187086566689
Z5773070995,Z5773070995,Cl.Cl.c1cnc(-c2cn[nH]c2)nc1,-4.2535596,3.1916423,3.1894417,2.4592886,-5.8493805,0.2125453956134979,1093262.6,506823.71804103645,2.8275742555033307,0.7936754628546885
Z3247744453,Z3247744453,Cl.Cl.c1cncc(-c2ccncc2)c1,-4.859311,3.3416796,3.1893456,2.2222662,-6.530151,0.1656346022256636,1158391.2,397229.64712375135,1.991266415651653,0.7506622446526396
Z31386161,Z31386161,CC(C)NC(=O)Cc1ccsc1,-3.0565157,1.1495609,3.1885653,1.2328424,-3.6312962,0.0535607735801492,1313988.9,93004.25050872676,2.022863239729517,0.7605268822001972
Z2018739934,Z2018739934,CN(CCSC(C)(C)C)CC1CCOCC1,-3.3518002,0.3727982,3.188426,0.31576887,-3.5381994,0.0192231425793207,1361661.55,19481.102398157556,2.6678180557679134,0.7388378837754864
Z2721019564,Z2721019564,Fc1cccc(OCCOC(F)F)c1Br,-3.5619922,0.34243396,3.1883764,0.4881065,-3.7332091,0.0148093780386791,1367789.4,12348.214666096472,2.4623969086725843,0.7733513291343158
Z111834056,Z111834056,CNc1ccc(Br)cc1C(=O)OC,-3.8264909,0.5833771,3.1883726,0.570037,-4.1181793,0.0110204559369034,1373049.75,9172.110699697208,1.8433817280308027,0.8107824751165917
Z802637830,Z802637830,NC1CCCN(CCN2CCOCC2)C1,-4.5371757,1.2473494,3.1883354,0.6089152,-5.1608505,0.0094322036950336,1375254.8,17762.998326859124,2.5808606652477515,0.7013149123163336
Z1269154407,Z1269154407,CC1CNc2cc(Br)ccc2O1,-3.6167367,0.70819455,3.1877456,0.71027046,-3.970834,0.0147041452083408,1367935.5,10359.732199724083,2.86901522056249,0.7364665606650855
Z2079729651,Z2079729651,CNCCC(=O)N(C)CC(=O)N(C)C.Cl,-4.6209707,1.547376,3.187735,1.1103445,-5.3946586,0.0109748982605251,1373113.0,17966.848337980704,2.406464927535726,0.7058681850399547
Z228567420,Z228567420,CN1CCC(CN)(N2CCCCC2)CC1,-3.1794312,0.7090277,3.1876745,0.6665029,-3.533945,0.0283093960456657,1349046.65,33739.36259219341,2.5587714014515015,0.7362704208267459
Z381420186,Z381420186,NCc1cc(Br)c2c(c1)OCO2,-3.523444,1.3370227,3.18744,1.4425621,-4.191955,0.0347643965858752,1340084.85,57929.36863221885,2.37217368810467,0.7969360698304571
Z4665826323,Z4665826323,CN(C)CCC(=O)NCC(=O)N(C)C.Cl,-4.607345,1.8556851,3.1871665,0.9294322,-5.5351877,0.0101292901645838,1374287.0,15332.329901225055,2.214385093855892,0.7058681850399547
Z13771945,Z13771945,CCOc1ccc(OCC(N)=O)cc1,-4.096435,0.7373785,3.187016,0.34718397,-4.465124,0.0113978103504158,1372525.85,15018.862015062929,1.4964959703075227,0.7604156952238209
Z2738282562,Z2738282562,C=CC(=O)Nc1cnn(CCF)c1,-2.9255638,0.88700205,3.1869385,0.86981493,-3.3690648,0.0449916807721395,1325885.8,62104.22587521722,2.694493596162671,0.7070183998514302
Z1269197259,Z1269197259,COc1cc(C(=O)O)c(OC)cc1Br,-4.723554,0.72848654,3.1866584,1.2245207,-5.087797,0.0041343321208627,1382610.1,2599.7134822899234,1.8110805856921388,0.9053326853563121
Z1421530097,Z1421530097,COC(=O)c1cccc(CN)c1.Cl,-5.501929,2.0992548,3.1860428,0.939486,-6.551556,0.0080235531386178,1377210.5,15868.337838286656,1.72880038349299,0.7354600033067782
Z432727332,Z432727332,CCCN1CCN(C(=O)N(CC)CC)CC1,-3.302424,0.38639098,3.185965,0.78688836,-3.4956195,0.0206634854323476,1359661.85,19166.457894652835,2.011456866956724,0.7270415417424017
Z1464058687,Z1464058687,Cc1cc(N2CCOCC2)ccc1Br,-3.702104,0.83688945,3.1857967,0.75392556,-4.1205487,0.0152316418770483,1367203.15,15342.410978314329,1.861850970307522,0.765341333966144
Z1238558898,Z1238558898,COc1ccc(SCCC(=O)O)cc1OC,-3.3884606,0.834539,3.1854582,0.48142293,-3.80573,0.0250307199193285,1353598.6,33735.08198359684,1.828898475348332,0.7754179735942762
Z219107702,Z219107702,CC(C)CNc1ccc(C#N)cn1,-3.096891,0.45492494,3.1845455,0.5778718,-3.3243535,0.0275831742716174,1350054.9,24056.93760207229,2.1951051346242103,0.7641377243237191
Z427897324,Z427897324,COc1cc(OC)cc(OCCNC(C)=O)c1,-3.9674141,0.55553955,3.1842997,0.39011616,-4.245184,0.0107775777001476,1373386.95,10681.573683100258,1.8152728011531583,0.7582393304475854
Z3235038825,Z3235038825,Cl.NCc1cncc(Cl)n1,-4.527685,1.8639169,3.1842394,0.8922117,-5.4596434,0.0109677674937876,1373122.9,13559.977068195947,2.868614928805691,0.7010264989400231
Z212044042,Z212044042,N#Cc1ccc(COCC(F)(F)F)cc1,-3.8967628,0.973378,3.1841655,0.9699942,-4.383452,0.0144014117477581,1368355.8,18199.769871072545,2.0236021619558873,0.775976790877838
Z55136076,Z55136076,CCN(CC)CC(=O)Nc1sccc1C#N,-2.6487076,0.71747446,3.1837475,0.5242591,-3.0074449,0.0563526848417186,1310112.75,67188.19838399821,2.2999698040196606,0.8505980869800792
Z119967286,Z119967286,Cl.NCCCCOc1ccc(F)cc1,-4.4145584,1.6782075,3.1836011,0.8873832,-5.253662,0.0109380199517412,1373164.2,14382.030686241776,1.6684797759755394,0.772144445266049
Z1354598854,Z1354598854,CNS(=O)(=O)c1cc(OC)c(Br)cc1OC,-2.953954,0.77475643,3.1834161,0.88379765,-3.3413322,0.0366607843843411,1337452.0,36642.5596240219,2.094152870952726,0.9122241220157822
Z1317745990,Z1317745990,C#CCN(CC(=O)O)C(=O)OC(C)(C)C,-3.804107,0.9348877,3.1833389,0.73873454,-4.2715507,0.0176417690063744,1363857.05,21091.370606186312,2.5824614588848878,0.7083825537987404
Z990782330,Z990782330,CCCN1CCCN(c2nccc(OC)n2)CC1,-2.9142222,1.0511122,3.1830046,0.66628766,-3.4397783,0.050260993265387,1318570.15,65361.66471279247,2.1219169052818554,0.8078703431870595
Z1262254399,Z1262254399,COc1cccc2c1OCCC2N.Cl,-4.813265,1.5064319,3.182944,0.9638144,-5.5664806,0.007352468757878,1378142.2,10980.244453562951,2.8083257618746558,0.7784396803221862
Z5042396029,Z5042396029,C=CC(=O)N[C@H](C)c1ccsc1,-2.5274303,1.2695289,3.1828961,1.1314355,-3.1621947,0.1008930384989376,1248275.15,177336.6279072868,2.8807621148446785,0.7108574495974826
Z1431839360,Z1431839360,CC(C)(C)OC(=O)NCC#Cc1ccncc1,-2.602737,1.0324664,3.1822057,1.1119033,-3.1189702,0.0721502863110887,1288180.15,102141.2303946232,2.407263635850377,0.7529171762138605
Z149164564,Z149164564,OCCOc1ccc(Br)cc1Br,-3.76448,0.68962586,3.1820235,0.50257003,-4.109293,0.0139674073540533,1368958.35,16312.686333878306,1.8676940089602851,0.9286896914829725
Z1269202523,Z1269202523,CC(C)Nc1cc(Br)ccc1C#N,-2.8375545,0.9376106,3.1814046,0.8016886,-3.3063598,0.0497725357438686,1319248.3,64118.42776698443,2.2180309588000355,0.8599391217640904
Z4170200070,Z4170200070,Cl.Cl.NC(=O)CCN1CCC(N)CC1,-5.2931814,1.8063023,3.1812727,0.9299551,-6.1963325,0.0077380343573306,1377606.9,12816.238285472067,2.4181553109668634,0.7406899422484626
Z169037136,Z169037136,COCCN(C)Cc1sccc1C,-2.5473123,0.83869135,3.1808374,0.7614948,-2.9666579,0.0636952497569056,1299918.7,84166.13279585798,2.23878590385498,0.7200957604618888
Z1269139792,Z1269139792,CCCOc1ccc(Br)cc1C#N,-2.9641693,0.6380667,3.1806588,0.7360209,-3.2832026,0.0357955846868585,1338653.2,36747.9785316145,1.9716243653934402,0.812634676225446
Z899247080,Z899247080,CON(C)C(=O)C(C)(C)NC(=O)OC(C)(C)C,-2.909731,0.46567714,3.1803641,0.4158078,-3.1425695,0.032740123167789,1342895.25,23449.70743287643,2.6670303181042936,0.7622990642185594
Z55928992,Z55928992,CCOc1c(Cl)cc(C(=O)O)cc1OC,-4.0610957,0.70456654,3.1802936,0.925401,-4.413379,0.0092482083048223,1375510.25,7787.71594804921,1.7464388880346853,0.863322233381704
Z45527753,Z45527753,CNS(=O)(=O)c1cc(OC)ccc1OC,-3.2512233,0.60542846,3.180249,0.71463585,-3.5539374,0.0233229733136456,1355969.55,23246.624011832344,1.7608700418808407,0.8243186396911076
Z1856584039,Z1856584039,CN1CCCN(C(=O)Nc2cnns2)CC1,-3.518327,1.0335596,3.1798105,0.8080681,-4.0351067,0.0276627651528793,1349944.4,49416.0580261113,2.7392123549469947,0.7862384614806646
Z1094698492,Z1094698492,FC(F)(F)COc1ccc(Cl)cn1,-3.3399186,0.9176035,3.1792767,0.6863781,-3.7987204,0.0268095220945726,1351129.0,31878.112324916605,2.1576775522066285,0.7504337813473635
Z415647082,Z415647082,CNC1CCN(c2cc(OC)cc(OC)c2)C1,-3.3231804,0.63110036,3.1784658,0.5701167,-3.6387305,0.0230915115064646,1356290.9,23965.23325757544,2.5065734989137614,0.8587623054382227
Z371868226,Z371868226,CNC(=O)Nc1ccc(Br)cc1Br,-3.6014123,0.35385045,3.1781697,0.41611305,-3.7783375,0.0130403356502323,1370245.45,8501.250234377294,1.9450639258330007,0.8226548391269468
Z55992974,Z55992974,COc1cc(C(=O)O)cc(Cl)c1OC,-4.541884,0.8210568,3.177836,0.9496147,-4.952412,0.0062905247235927,1379616.55,8396.77278765479,1.7002963861079365,0.8403910068421686
Z1336745178,Z1336745178,COc1cc(OC)c(B2OC(C)(C)C(C)(C)O2)c(OC)c1,-3.645432,0.6329799,3.177701,0.38083822,-3.961922,0.0161991212590485,1365859.95,16441.45607139161,2.77896340065195,0.7949544354454969
Z56950494,Z56950494,CNCc1ccc(OC(F)F)cc1,-4.4068594,1.6975802,3.1772437,1.3534815,-5.2556496,0.0283320848489214,1349015.15,61964.48286903958,1.787862826931903,0.7780219742995617
Z3244866812,Z3244866812,COc1ccc(N)cc1C(C)C.Cl,-4.402612,1.7189324,3.1764092,0.95699626,-5.2620783,0.0107791983289516,1373384.7,11117.889314523689,1.9226691206381954,0.7473444762682995
Z56828402,Z56828402,COc1ccc(OC)c(NC2=NCCCS2)c1,-3.17141,0.66938686,3.1760297,0.5840596,-3.5061035,0.0260343573306442,1352205.2,20996.77235100671,2.3243789837243884,0.8976570007534037
Z1608826475,Z1608826475,CCCn1cc(NC(C)CCOC)cn1,-2.3690617,0.91467285,3.175477,0.9944957,-2.8263981,0.0827893902834299,1273409.35,99281.16817114664,2.8177383875254733,0.7506297449653597
Z219654032,Z219654032,COC1CCN(C(=O)NC(C)C)CC1,-3.9872642,0.7588113,3.1753836,0.6502782,-4.3666697,0.0109749342744985,1373112.95,12629.942729383218,2.0721716788095463,0.7277707608870746
Z237479132,Z237479132,CNCC#CCOc1ccc(OC)cc1.Cl,-5.228121,2.074514,3.1752858,0.93624276,-6.265378,0.0101151006590557,1374306.7,22835.40189727345,2.3518299438797996,0.814710468797169
Z1517763712,Z1517763712,COCC(C)(C)C(=O)NCC#Cc1cccnc1,-2.7889647,0.86944693,3.1747336,0.9163519,-3.2236881,0.0498414664889976,1319152.6,56821.43066343895,2.7806105029149926,0.8127262112670075
Z56874583,Z56874583,O=C(Nc1nncs1)c1cccs1,-3.2054887,1.3755448,3.17444,1.405126,-3.893261,0.0697870133611842,1291461.2,165098.45153895297,2.268754729765911,0.8243754828617003
Z132928764,Z132928764,O=C(NCc1ccco1)OCC(F)(F)F,-3.8012614,0.846419,3.17434,0.7919677,-4.224471,0.0138242157957287,1369157.15,16894.96201616032,2.2160839630815907,0.8527893604941379
Z126481924,Z126481924,C#CCN1CCN(Cc2ccsc2)CC1,-2.5447438,0.88438207,3.1741412,0.7094622,-2.986935,0.0707241329635899,1290160.15,100727.3648460412,2.341966685237484,0.7123197900407756
Z1269111416,Z1269111416,COC(=O)Cc1ccc(Br)c(OC)c1,-3.6935608,0.9461293,3.1741047,1.0723709,-4.1666255,0.0164620592790003,1365494.9,14989.703902679334,1.8030534601860673,0.7802204905127037
Z3244840035,Z3244840035,Cl.NCc1ccc(C(F)(F)F)cc1Br,-4.6423225,1.673817,3.1737819,1.2840143,-5.479231,0.0112965750711276,1372666.4,19393.85247804056,2.288804541736095,0.8431689617098956
Z2755814468,Z2755814468,C=CC(=O)NCc1ncc(Cl)s1,-2.6591837,0.6608967,3.1735804,0.72887766,-2.9896321,0.0485798609860627,1320904.15,49422.8821117051,2.8403191837854607,0.7570193436627363
Z1203133413,Z1203133413,N#Cc1ccc(Cl)c(S(=O)(=O)Cl)c1,-2.0511365,1.0595319,3.173345,1.1389419,-2.5809026,0.1267856808441675,1212327.1,166435.58348649487,2.2000175780631253,0.7015279141147248
Z46225417,Z46225417,COc1ccc(NC(=O)CN2CCCCCCC2)c(OC)c1,-3.4853184,0.7394538,3.1732638,0.7525745,-3.8550453,0.0190417041812223,1361913.45,19488.544923813577,1.6974530275164277,0.9085461414348556
Z1403247569,Z1403247569,CCCCC(N)CNC(=O)OC(C)(C)C,-3.1338906,0.60768485,3.172752,0.34666815,-3.4377332,0.0294432959988476,1347472.4,31309.69683724197,2.634870509249902,0.7387210553971079
Z1269181168,Z1269181168,COc1cc(C(=O)O)c(OC)cc1Cl,-4.4026165,0.590311,3.1724808,0.7728841,-4.697772,0.0061486656822847,1379813.5,6925.4087135706295,1.7052211262326793,0.8403910068421686
Z1395188476,Z1395188476,CC(CCCO)NC(=O)OC(C)(C)C,-3.691864,0.8001587,3.1712744,0.6305813,-4.0919433,0.0173903554579175,1364206.1,22211.06101675469,2.5019028873807265,0.730380201077268
Z4990947955,Z4990947955,Cl.Clc1cc(Br)c2c(c1)NCCO2,-4.6857467,1.8634529,3.1712697,1.2407814,-5.617473,0.0102060359419454,1374180.45,14004.936235038702,2.842128541217617,0.7890632816616798
Z1686781780,Z1686781780,C#CCNC(=O)c1ccc(CN)cc1.Cl,-4.5782275,1.2770869,3.1711466,1.0350415,-5.216771,0.0086816364749522,1376296.85,11683.14865639824,2.123459272650072,0.750989666824522
Z103173868,Z103173868,Cc1csc(SCCC(N)=O)n1,-2.1340024,1.1113061,3.1710377,1.0043907,-2.6896555,0.1299174199589441,1207979.15,212131.40746204343,2.3980688341351097,0.7511713573291969
Z1601637936,Z1601637936,c1cnc(NC2CCCOCC2)nc1,-3.3794227,1.2719444,3.1705995,1.1918905,-4.0153947,0.0392323261425432,1333881.8,69446.90102416377,2.593736403864245,0.7720213242542663
Z57313840,Z57313840,CCOc1cc(Br)c(C=O)cc1OC,-3.3540452,0.51223063,3.1705477,0.58820987,-3.6101604,0.0221301905139194,1357625.55,28920.316589683105,2.042617427797401,0.7795963249454014
Z425449660,Z425449660,Cl.c1ccc(NCc2ccco2)nc1,-4.049653,1.7711176,3.1704783,0.86663556,-4.9352117,0.017009399647063,1364735.0,17516.209153238608,2.041497893384445,0.8467401518694821
Z3464420329,Z3464420329,CCOc1cc(N)cc(OCC)c1.Cl,-4.5943594,1.4545108,3.1703973,0.88595796,-5.3216147,0.0089117297511435,1375977.4,12429.812844126012,2.0032913965029486,0.788592328658963
Z730525572,Z730525572,O=C(NCC(F)(F)F)c1cnns1,-3.0781105,0.76915216,3.1691346,0.89374465,-3.4626865,0.0330033132855547,1342529.85,42796.95090806703,2.7551113983604747,0.7877965511247704
Z1262246202,Z1262246202,COc1cccc(C(N)C#N)c1OC.Cl,-4.877644,1.699645,3.16904,0.86403733,-5.7274666,0.0075963553858896,1377803.6,11162.988987721885,2.944431455995465,0.8542947259761247
Z644080882,Z644080882,COCCN(CCCO)Cc1ccco1,-3.4282963,0.66020024,3.168996,0.81495315,-3.7583964,0.01873234414953,1362342.95,14316.424653086398,2.19450163400964,0.7023746584112717
Z32013284,Z32013284,COc1ccc(Br)c(C(=O)N(C)C)c1,-3.2117393,0.6213138,3.1682596,0.76214564,-3.522396,0.0240049339143587,1355022.75,21837.754016553536,1.7895591719707227,0.813058897649196
Z5454121814,Z5454121814,Cc1cc(C(F)(F)F)cc(CN)n1.Cl.Cl,-5.1769624,2.1542037,3.1681957,1.0132872,-6.254064,0.0081954478337594,1376971.85,14542.63474159686,2.644652349573148,0.8455600227255256
Z1251388824,Z1251388824,COc1ccc(SCCO)cc1OC,-3.7599106,0.7667513,3.167314,0.40896603,-4.143286,0.0138666402564194,1369098.25,12321.231187973872,1.8849125383548593,0.7583644379339616
Z104495790,Z104495790,COc1ccc(OC)c(CC(=O)O)c1,-4.5391426,0.5444138,3.1671674,0.3844296,-4.8113494,0.0055923938488132,1380585.8,5371.856909859012,1.5984000188905192,0.7888427869445112
Z1416227266,Z1416227266,N#Cc1ccc(CNCCF)cc1,-3.3934035,1.0505913,3.1670387,0.9653531,-3.9186993,0.0278426189361472,1349694.7,32697.97334101917,2.1002921408612156,0.7109457444556085
Z2432844688,Z2432844688,COc1cc(N)cc(Cl)c1OC.Cl,-4.2291083,1.7857065,3.1670299,0.9452561,-5.1219616,0.0135679763748335,1369512.9,13274.37694922063,2.029083106652182,0.7839163789975074
Z1138772836,Z1138772836,CCCNCc1ccc(OC)c(OC)c1OC.Cl,-4.033902,1.1869483,3.1666887,0.7828354,-4.6273766,0.013341196384197,1369827.75,15317.355247806328,1.9983519644534535,0.7768237788994111
Z394693474,Z394693474,CNCCCOc1ccc(F)cc1.Cl,-4.767139,1.9127529,3.1663063,1.1464267,-5.7235155,0.0105653473547735,1373681.6,16391.773474520687,1.733017427797403,0.7673835474146643
Z1343138375,Z1343138375,COCC(C)Nc1cncc(Br)c1,-2.906412,0.9914301,3.1662095,0.7730319,-3.402127,0.0456322973313646,1324996.4,48426.29416484396,2.784035128620493,0.883156222590677
Z56823031,Z56823031,N#Cc1ccc(OCC(=O)O)cc1,-4.78851,0.74854803,3.1657894,0.5732298,-5.1627836,0.0042573558540713,1382439.3,4390.120056444926,1.6664089807780584,0.7477783627776937
Z1259341065,Z1259341065,Cl.Cl.NCc1ccc(N2CCOCC2)nc1,-5.6887856,2.3508255,3.1657646,0.9469301,-6.864198,0.0075017826916844,1377934.9,13341.722429656524,2.27398711577767,0.8740921235883984
Z45826134,Z45826134,CNC(=S)Nc1ccc(OC)c(OC)c1,-3.8280907,0.6997137,3.165574,0.7660364,-4.1779475,0.0113057226203767,1372653.7,6828.636548389437,1.7661109799671415,0.7666371739188442
Z52405447,Z52405447,C#CCNC(=O)c1cc(OC)ccc1OC,-3.5815403,0.8680005,3.1653285,0.8817129,-4.0155406,0.019438974322037,1361361.9,23527.303831718586,1.9580138599637174,0.7703528416103999
Z99598966,Z99598966,COc1ccc(C2CCCN2)c(OC)c1,-3.1591775,1.0160174,3.1650507,1.0482908,-3.6671863,0.0379711888212627,1335632.7,51725.0481325054,2.467499159311826,0.823239028703889
Z414318864,Z414318864,Cl.Nc1ccc(COCC(F)(F)F)cc1,-4.7659883,1.8102562,3.1648586,0.98433125,-5.6711164,0.0097170382108257,1374859.35,16879.343047864746,2.1062005744252197,0.8262469032809099
Z1258795073,Z1258795073,CC(C)(C)OC(=O)NCCC(F)(F)F,-3.4681861,0.74325776,3.1646445,0.72536105,-3.8398151,0.0213513163107286,1358706.9,33614.45085212608,2.1465570692086207,0.76470454500281
Z56754697,Z56754697,CCOC(=O)Nc1ccc(Br)cc1Br,-3.5885754,0.52771497,3.1645687,0.36606863,-3.8524327,0.014815104260453,1367781.45,12584.870958714677,1.8617101403480092,0.8994748557376587
Z28173643,Z28173643,O=C(Nc1nccs1)c1ccco1,-3.5261722,1.0495877,3.164105,1.0606706,-4.0509663,0.0271499261713545,1350656.4,46260.29328852121,2.0429531103327125,0.7948817162087768
Z818978656,Z818978656,CC(Cn1cccn1)NCCS(C)(=O)=O,-2.881369,1.2461805,3.163938,0.89735687,-3.5044594,0.0731029279360391,1286857.55,134189.27618124892,2.9418463210553583,0.742693012912905
Z56968163,Z56968163,N#Cc1ccc(NC(=O)C(F)(F)F)cc1,-3.7726986,0.94307727,3.1638913,0.72360724,-4.2442374,0.0166540137573378,1365228.4,23176.225675031736,1.9347708111116084,0.7773293167806452
Z26837003,Z26837003,COCC(C)NC(=O)c1cc(OC)c(OC)cc1OC,-3.3951535,0.6111312,3.1633155,0.71837264,-3.700719,0.0191832390967695,1361716.95,13929.193897979165,2.3117111740031024,0.8207140007333982
Z1526305461,Z1526305461,CCSCCN(C)Cc1ncc[nH]1,-2.767139,0.93402284,3.1631923,1.1036367,-3.2341504,0.0566384557208197,1309716.0,79389.30964430916,2.8084480660171423,0.7061449762335242
Z90525488,Z90525488,CCOCCCNCc1cc(Br)cs1,-2.7959886,0.6903177,3.1628513,0.40506753,-3.1411474,0.0430473583750495,1328585.2,42361.4058602875,2.2933005856921387,0.7740398930882041
Z56995141,Z56995141,CCCOc1ccc(CO)cc1OC,-3.948482,0.48510504,3.162826,0.58889264,-4.1910343,0.0100254978931825,1374431.1,9616.38828718974,1.619875851964327,0.7821596056092598
Z27645570,Z27645570,COc1ccc(C(=O)NC(C)C)c(OC)c1OC,-3.305542,0.8519059,3.1627517,1.1649685,-3.731495,0.0259148269528577,1352371.15,28608.410938524707,1.8285606182996084,0.8697183617965005
Z99548892,Z99548892,COc1ccc(Br)cc1CSCC(N)=O,-2.6413922,0.8989427,3.1623867,0.44958416,-3.0908637,0.064469298087658,1298844.05,78421.00842597919,2.048653569085344,0.9039365735422623
Z1269218957,Z1269218957,COC(=O)c1cc(Br)c(Br)[nH]1,-3.5756679,1.1356163,3.1621304,1.0420693,-4.143476,0.0257108077934239,1352654.4,35235.35428287901,2.717252856191129,0.8035589688554771
Z62678470,Z62678470,CN(C)C(=O)c1ccc2c(c1)OCCCO2,-3.8757186,1.4421228,3.161693,1.1386659,-4.59678,0.0254000072027947,1353085.9,46009.84165686728,1.9372500138098694,0.7218572819215338
Z1397774472,Z1397774472,CN(C)CCSc1ccc(C#N)cc1Cl,-2.1294475,0.7382772,3.1616023,0.43504825,-2.4985862,0.1002175243994669,1249213.0,138750.26230497728,2.3420265521997887,0.7577094373469185
Z1262398475,Z1262398475,CC(C)NCc1ccc(C#N)cc1.Cl,-4.410845,1.5868201,3.1615777,0.85001314,-5.204255,0.0118895451435157,1371843.15,16306.532072378232,1.9146872384987912,0.8323030687243343
Z31442260,Z31442260,CCC(C)NC(=O)c1cnccn1,-3.002514,0.98355114,3.1614118,1.0725634,-3.4942894,0.0438186336298485,1327514.4,60144.69028717331,2.4390197440051065,0.7528303387724354
Z1082864456,Z1082864456,CN1CCCN(c2ccc(C#N)cc2Cl)CC1,-3.0536942,0.6933768,3.1606274,0.6030175,-3.4003825,0.0305901609824612,1345880.15,27487.623471800904,2.0426108126097873,0.7655367503655777
Z19628420,Z19628420,COc1ccc(OC)c(NC(=O)COC(C)=O)c1,-3.835299,0.6306758,3.160448,0.57499534,-4.1506367,0.0138138437713832,1369171.55,15644.049007450085,1.6441422705759017,0.7981550309422953
Z234897025,Z234897025,COc1ccc(OC(F)F)c(N)c1,-4.0477095,1.2955697,3.1601212,0.66950345,-4.695494,0.0233768862318579,1355894.7,44909.82448540631,1.951322387371464,0.7380592012404826
Z820712700,Z820712700,FC(F)(F)COCCNCCn1cccn1,-3.1997344,1.5876377,3.1584058,1.0454515,-3.9935532,0.0709107933878344,1289901.0,145992.1727847079,2.492043859963717,0.7204119325799906
Z381542174,Z381542174,COc1ccc(NC(=O)OCC(F)(F)F)c(OC)c1,-3.847646,0.61869603,3.158269,0.5261562,-4.156994,0.012024093348219,1371656.35,13595.978421117768,1.954677902800535,0.9203514779814497
Z239873262,Z239873262,COc1ccc(N)cc1OCC(F)(F)F,-3.5774665,0.5720396,3.1578841,0.8819321,-3.8634863,0.0153288796052869,1367068.15,15757.984843484905,1.9705769649577611,0.7956850759529518
Z2733515136,Z2733515136,O=S(=O)(F)Cc1ccc(Br)cc1,-2.9240499,1.2760115,3.1578605,1.263654,-3.5620556,0.0603205963913999,1304603.9,89045.31599073586,2.242523292177067,0.7572926318484998
Z317268574,Z317268574,CCCN1CCN(C2CCNCC2)CC1,-3.790727,0.70458376,3.1578486,0.69853115,-4.1430187,0.0131899737097994,1370037.7,13082.302076087371,2.153221580342379,0.7436081460992506
Z16862839,Z16862839,COc1cc(C#N)ccc1OC(C)C(N)=O,-3.5143585,1.1966268,3.1574998,0.4872139,-4.112672,0.0282390607555731,1349144.3,31965.069053734263,2.439744569523505,0.8134513571220088
Z56839420,Z56839420,CCN(CC)C(=S)SCCC(N)=O,-2.480957,0.48348084,3.157456,0.49592552,-2.7226975,0.0558641552922534,1310791.0,43152.24372034437,2.6779257228595057,0.7077600557693899
Z1255388610,Z1255388610,COc1ccc2c(c1)NCC(C)O2,-3.919571,0.7815572,3.1568427,0.4245996,-4.3103495,0.0117448049843338,1372044.1,14561.937102940668,2.6728234862088502,0.7136938904000774
Z4656798609,Z4656798609,COc1ccc(C(C)(C)N)c(Cl)c1OC.Cl,-3.5674176,1.1767251,3.156765,0.8440074,-4.1557803,0.0202586883710879,1360223.85,18092.487342195374,2.4918730907329483,0.9142407661200627
Z19691806,Z19691806,O=C(O)CSCC(=O)N1CCOCC1,-4.8204083,0.8188065,3.1566176,0.99952304,-5.2298117,0.0041402744264773,1382601.85,3798.851000960685,2.114893603443617,0.7005495426377589
Z90124804,Z90124804,NCC1(N2CCCCC2)CCCCC1,-2.996306,0.71397096,3.1563747,1.2676033,-3.3532915,0.0352797205315663,1339369.4,39481.15438332573,2.3804445631780666,0.7328822151829859
Z32415164,Z32415164,CSCC(=O)NC1CCCCCCC1,-3.866738,1.203525,3.1552992,1.0220511,-4.4685006,0.022276803399719,1357422.0,36493.15500611039,1.9226078933844448,0.7837379658275812
Z844632490,Z844632490,CC(CN)Oc1ccc(Br)cc1,-3.4417977,0.5299687,3.155297,0.4290921,-3.706782,0.017284150250297,1364353.55,12210.567466235958,2.3823761008586644,0.863096217988555
Z54739179,Z54739179,CN(Cc1ccco1)C(=O)C(C)(C)C,-2.8335426,0.41720065,3.1547363,0.56930697,-3.0421429,0.0352309936255266,1339437.05,29165.98945085697,2.224249816461368,0.7250310185726273
Z818727078,Z818727078,COC(=O)CNCc1cc(OC)cc(OC)c1.Cl,-4.650087,1.6381785,3.1546395,0.883138,-5.4691763,0.0096507364857565,1374951.4,15393.691030418924,2.026990425991915,0.7953209046397983
Z1147137736,Z1147137736,O=C(O)c1c(Br)c(Br)cc2c1OCCO2,-4.5915995,0.54437244,3.154385,0.9707517,-4.8637857,0.0053075233190477,1380981.3,4704.20180370698,2.6837665146763374,0.8556104769420602
Z1839341669,Z1839341669,Cc1cnc(CSCCCC#N)s1,-1.8819625,0.6731948,3.1539896,1.0063429,-2.21856,0.1162209817409154,1226994.6,99863.26014826472,2.911725404894481,0.7039929304365297
Z300590990,Z300590990,C#CCNC(=O)c1cccnc1OC,-3.4313362,1.2230601,3.1537154,1.4279195,-4.042866,0.0386005690207801,1334758.9,64665.31314228672,2.2537101714909547,0.7040356793048173
Z331870794,Z331870794,N#Cc1ccc(NCC(=O)O)cc1,-4.405667,0.8235547,3.1535258,0.3288727,-4.8174443,0.0061761083300321,1379775.4,4880.375215083365,1.8281243653934425,0.7215957441066128
Z2216836585,Z2216836585,COCC(C)(NC(=O)N1CCCCCCC1)C(=O)O,-4.0404654,0.9737023,3.1533487,0.8680149,-4.5273166,0.0134233802715454,1369713.65,16829.717767315648,2.737485742254526,0.8116044345299317
Z5209162053,Z5209162053,CNCc1cc(C(F)(F)F)ccc1Br.Cl,-4.370595,1.4719125,3.1531243,1.0127786,-5.106551,0.0119054273057945,1371821.1,16403.09893861523,2.2271363576703127,0.879947904431597
Z434272966,Z434272966,COC(=O)N(C)CC(=O)NC1CCCCNC1=O,-3.7665553,1.2014484,3.1530845,1.0008483,-4.3672795,0.0253247740123166,1353190.35,45875.02107931396,2.8501470683398455,0.7111516603694051
Z1185276768,Z1185276768,CNC(=O)c1c(C)nn(C)c1OC,-2.5980065,1.1395977,3.1529934,0.98911524,-3.1678052,0.0812833579428818,1275500.25,149728.08003974237,2.4437546821355234,0.7069326096105901
Z32448105,Z32448105,COc1ccc(NC(=O)C(F)F)cn1,-3.7455204,1.2790878,3.1528726,1.3304719,-4.385064,0.0318974322036951,1344065.2,70506.70075290716,2.2011267395382923,0.8030519380872708
Z1860333896,Z1860333896,COc1cc(C(C)(C)C)c(O)c(C(C)(C)C)c1,-2.7699285,0.46065554,3.151868,0.92113507,-3.0002563,0.0379807325242194,1335619.45,24270.002928460883,2.086396456616942,0.7983842212512331
Z1947306352,Z1947306352,OCCCNCc1cc(Br)sc1Br,-2.9108489,0.84251183,3.1517525,0.5182078,-3.3321047,0.0452767313717722,1325490.05,55064.753584734215,2.7753397500088255,0.8145350935390931
Z1486036367,Z1486036367,O=S(=O)(Cl)c1cncc(Cl)c1Cl,-1.3292353,0.61941034,3.1515765,0.9985191,-1.6389405,0.196008283213887,1116221.9,156507.79481383666,2.5570735713333956,0.7145402316727184
Z27516951,Z27516951,Cn1ccsc1=NC(=O)CC(C)(C)C,-2.2586448,1.0598143,3.1514418,0.77969646,-2.788552,0.099192854827673,1250635.6,122297.19145851226,2.957908860120412,0.7003170907479973
Z821060696,Z821060696,COc1cc(OC)c(CNC(C)C(=O)O)c(OC)c1,-3.9135482,0.5773863,3.1511843,0.35971415,-4.2022414,0.0121491698779127,1371482.7,12925.22737943128,2.5135610642176314,0.7760782233229033
Z434462482,Z434462482,CNC(=O)c1ccc(OC)c(OC(F)F)c1,-3.6126838,1.0276366,3.1509624,1.1752889,-4.126502,0.0215577484063816,1358420.3,25511.065518907675,1.830469047799136,0.8567134928235667
Z2587997754,Z2587997754,CNc1ccc(N2CCOCC2)cc1.Cl.Cl,-5.7729006,2.76917,3.1506572,1.0688819,-7.1574855,0.0094762847985017,1375193.6,16299.249121968778,2.027870121144396,0.8882975664932597
Z477336174,Z477336174,COC(=O)C(N)c1ccc(OC)c(OC)c1,-3.8495584,0.48610163,3.1501908,0.38995516,-4.0926094,0.0108854035365721,1373237.25,8291.401370546477,2.324599310131733,0.7699560278350508
Z28073339,Z28073339,COc1cc(C(=O)N(C)OC)cc(Cl)c1OC,-3.2748237,0.48202136,3.149916,0.6884555,-3.5158343,0.0205434508589332,1359828.5,16145.990249904156,2.118165043379017,0.7761848939116157
Z743992250,Z743992250,O=C(NCCSC(F)(F)F)N1CCCC1,-2.965563,1.229925,3.1497655,1.1277641,-3.5805256,0.0552996722728419,1311574.7,72485.93427838259,2.398805914301102,0.7680743091331708
Z54750786,Z54750786,CN1CCN(CCOc2ccc(C#N)cc2)CC1,-3.610625,0.50193465,3.1496012,0.32684556,-3.8615923,0.0148864839557747,1367682.35,12807.357913617469,1.8422299230333348,0.7984381681158551
Z91153685,Z91153685,CCC(=O)NCc1cc(OC)c(OC)c(OC)c1,-3.4082198,0.50867146,3.1494355,0.62666184,-3.6625555,0.0179857744804984,1363379.45,13798.266218895038,1.7716540445162465,0.8386266603879915
Z228586774,Z228586774,COc1cc(OC)c(C2CCNCC2)c(OC)c1,-3.497024,1.3028705,3.1486933,1.2898082,-4.1484594,0.0399144668131234,1332934.75,77445.39687474976,2.1833837517837704,0.8900419734918399
Z19753711,Z19753711,CNC(=O)COc1ccccc1OC,-4.086675,0.6121984,3.1485822,0.72137296,-4.3927746,0.0090638527748766,1375766.2,9872.040683668192,1.5109882779998287,0.7733341390752931
Z1450533718,Z1450533718,CC(C)C(N)C(=O)N1CCCCC1.Cl,-4.4335833,1.5398645,3.1484137,0.9580581,-5.2035155,0.0111701660244175,1372841.9,14534.576226708505,2.4992605796884195,0.7650516870969376
Z240128092,Z240128092,CCN(CC)C(CN)c1ccco1,-2.8446026,0.50249463,3.1480193,0.7973305,-3.09585,0.0365340512118702,1337627.95,33146.243585774544,2.86325820554357,0.7520893341081771
Z1322794799,Z1322794799,CCOC(=O)c1c(Br)cnn1C,-2.8039412,0.5154672,3.1478763,0.8180104,-3.0616748,0.0390169625814815,1334180.8,38089.78216214947,2.360916561407837,0.724101656963064
Z5297198805,Z5297198805,CCC(N)(CC)CCC(=O)O.Cl,-4.5728574,1.5803316,3.1477013,0.82803863,-5.3630233,0.0112429862786761,1372740.8,18928.022983396862,2.80412299376858,0.7033032889638061
Z1535053389,Z1535053389,CCC(C)CN1CCN(CCS(C)(=O)=O)CC1,-3.2945704,0.74032795,3.1475863,0.7883197,-3.6647344,0.0291516908560521,1347877.25,44179.66587003008,2.6109278467398482,0.7062268294550113
Z239626380,Z239626380,CCOc1cc(CN)ccc1OC(F)F,-3.531899,0.66508603,3.1475348,0.71440476,-3.8644419,0.0182296971224834,1363040.8,17576.52441354661,1.9414336816557007,0.8213613793179103
Z57326965,Z57326965,c1csc(CNCc2cccs2)c1,-2.2700703,0.91012985,3.1473844,1.0410691,-2.7251353,0.0895822379083084,1263978.5,96234.45055046555,2.0384930044466962,0.8156096879884103
Z1269228200,Z1269228200,COc1ncc(Br)cc1CC#N,-2.9191015,0.64666873,3.1471145,0.7106117,-3.242436,0.0353153383512803,1339319.95,33021.15316804517,2.5983849180511953,0.7747123713993483
Z4665956198,Z4665956198,Cc1ncc(Br)cc1OCCF,-2.8285787,0.70630634,3.147039,0.53924227,-3.181732,0.0444999459790398,1326568.5,50644.8784069031,2.4908506523169294,0.8010131447278487
Z3890039408,Z3890039408,Brc1cccc(N2CCCCC2)c1.Cl,-4.7176914,1.7000186,3.1468751,1.2465931,-5.567701,0.0098345878200742,1374696.15,15656.210535359443,1.77430307089924,0.7527054998856123
Z56754343,Z56754343,Cc1[nH]c(=O)n(C(C)(C)C)c(=O)c1Cl,-1.5278805,0.9921082,3.1465268,1.7958257,-2.0239346,0.1968419706846257,1115064.45,246691.274636432,2.9273614648130177,0.7098996279374191
Z90529490,Z90529490,COCC(C)NCc1cc(Br)cs1,-2.7717557,0.71581924,3.146377,0.48996973,-3.1296654,0.0450669139626174,1325781.35,47829.59797580887,2.871446667082031,0.882321203628662
Z805557362,Z805557362,CCN(CC(=O)NC(C)C)S(=O)(=O)CC,-3.0134156,0.6900428,3.1460493,0.39735338,-3.358437,0.0368941909460871,1337127.95,44630.55490857692,2.2881323090873185,0.7152851584952097
Z971340678,Z971340678,CNC(=O)c1ccc(Br)cc1OC,-3.3928916,1.1753076,3.1457024,1.5378,-3.9805455,0.0360799870349695,1338258.35,60527.97950970692,1.7187702994593757,0.8611362368186395
Z91150652,Z91150652,CN(Cc1ccsc1)C(=O)C(C)(C)C,-2.0205622,0.76393193,3.1453333,0.7932295,-2.402528,0.107240321244643,1239462.9,105703.02420456096,2.346167072178625,0.7363036908990558
Z91152422,Z91152422,CSCCC(=O)N(C)Cc1ccsc1,-1.7489506,0.38427332,3.1449084,0.74659,-1.9410872,0.1172405013145101,1225579.15,61005.82158144828,2.349234431845984,0.7727917956572282
Z1247419064,Z1247419064,CCCCS(=O)(=O)NCC(O)CC(C)(C)C,-2.4191794,0.5637219,3.14448,0.52083546,-2.7010403,0.0634056613966218,1300320.75,56709.47515087316,2.9928113961738827,0.7204183502203777
Z1549047492,Z1549047492,O=C(Nc1nccs1)N1CCSSCC1,-3.1763637,1.2058858,3.1442385,1.3005383,-3.7793067,0.0439876832210898,1327279.7,58649.379332692,2.8635072446780416,0.7883794280002477
Z19739650,Z19739650,CC(Oc1ccc(C#N)cc1)C(N)=O,-3.5627637,0.9626002,3.1441865,0.45781177,-4.0440636,0.0260917275903049,1352125.55,43882.6224255969,2.3336103772592693,0.7657625267296571
Z253446620,Z253446620,CSCCC(=O)NCCn1ccnc1,-2.534164,0.68610686,3.1440578,0.6794275,-2.8772173,0.0569890157381063,1309229.3,53161.07434777819,2.3224294318459844,0.7583532674928798
Z26441089,Z26441089,COc1ccc(CNC(C)=O)cc1OC,-4.055995,0.95693064,3.1439147,0.828791,-4.53446,0.012724313033457,1370684.2,19139.43769706937,1.512668953700727,0.8136135568779389
Z105755882,Z105755882,C#CCNC(=O)Nc1ccc(OC)cc1,-4.009309,1.0770193,3.1437204,1.3061528,-4.5478187,0.0141920265062844,1368646.5,20128.51131976729,1.854601250672049,0.732003839457358
Z3074074344,Z3074074344,Cl.Cl.O=S1(=O)CCC(N2CCNCC2)CC1,-5.413889,1.8410181,3.1436777,1.020247,-6.334398,0.0070268304101991,1378594.3,13508.322923664506,2.7552045193043764,0.7553975663965435
Z1269134829,Z1269134829,CC(C)(C)OC(=O)Nc1sccc1Br,-2.6422236,0.91482943,3.1435103,0.52746034,-3.0996382,0.0736966903158425,1286033.2,146890.29413055177,2.4471242447357966,0.846713339932144
Z4944126354,Z4944126354,CC(O)CN1CCC(CN)CC1.Cl.Cl,-6.1773663,2.387766,3.143505,0.9099934,-7.371249,0.0067874815428385,1378926.6,15170.185207834478,2.9483621181499586,0.7756933659056569
Z30849291,Z30849291,COc1ccc(NC(C)=O)cc1OC,-4.4406757,1.065166,3.143391,1.0230316,-4.973259,0.0079125580725321,1377364.6,8961.089193842454,1.3985235006718941,0.7974763221737975
Z2739712833,Z2739712833,NS(=O)(=O)CCC(F)(F)C(F)(F)F,-3.0868495,1.1608967,3.1432824,0.554275,-3.6672978,0.0366660424244607,1337444.7,31888.9526656176,2.7977419832594457,0.7267535381764644
Z2418629180,Z2418629180,N#Cc1cncc(NCc2ccco2)n1,-2.7610278,0.50535333,3.1430078,0.69909984,-3.0137045,0.0383655778442035,1335085.15,22413.43715335736,2.5938187831395805,0.8130895729433241
Z1321380194,Z1321380194,CCN(C)C(=O)Nc1ccc(Br)c(OC)c1,-3.6302402,0.36647293,3.142426,0.49116427,-3.8134766,0.013198148881766,1370026.35,9930.574229494488,2.0042447186399244,0.9282858306701948
Z55293745,Z55293745,COc1ccccc1NC(=O)N(C)C,-3.9450107,1.279119,3.1421456,1.444754,-4.58457,0.0216481794936435,1358294.75,38132.39628173792,1.6127526504694671,0.7793890671779051
Z401933856,Z401933856,CC(Cn1cccn1)NCc1ccsc1,-2.0939353,0.7845652,3.142076,0.9662757,-2.486218,0.1005069687038571,1248811.15,109998.61695597589,2.888210665247751,0.837872127573869
Z435651864,Z435651864,COc1ncccc1NC(=O)N1CCCC1,-3.3167434,0.9976343,3.1417396,1.0527259,-3.8155606,0.0346767745885403,1340206.5,59706.56993288092,1.907296301435288,0.8268355285108641
Z71200761,Z71200761,CCSc1nnc(SCCO)s1,-2.9534223,1.4498793,3.1413229,0.8879883,-3.678362,0.0889918608420067,1264798.15,178152.6828535779,2.599914412086571,0.7688413670844241
Z1441067069,Z1441067069,CC(=O)NC1CCN(CCCF)CC1,-3.2728972,0.49044627,3.1412518,0.5175445,-3.5181203,0.0224631036842294,1357163.35,20937.55191104013,2.168520822378529,0.7357394098349911
Z1407945353,Z1407945353,Cc1nn(C)c(C)c1OCCCS(C)(=O)=O,-2.6353486,0.8034235,3.1411633,0.9200779,-3.0370603,0.0511205747830157,1317376.75,39703.323535788535,2.406927596227453,0.7226302301959981
Z89606282,Z89606282,CC(C)C(=O)NC(C)c1ccco1,-3.4806957,0.6635258,3.141023,0.85029453,-3.8124585,0.0189794360211762,1361999.9,19536.12014935412,2.4960874363128003,0.7755807729814187
Z990782144,Z990782144,C#CCN1CCCN(c2nccc(OC)n2)CC1,-2.9362438,0.7444133,3.1409602,0.46710595,-3.3084505,0.037713544855404,1335990.4,40531.38516063817,2.452656254394281,0.7317643739822263
Z416903802,Z416903802,CS(=O)(=O)CCOc1ccc(Br)cc1,-3.575889,0.4904538,3.140272,0.43490702,-3.821116,0.0152041992293009,1367241.25,16741.827611927558,1.795193946016024,0.8447366328952068
Z332686446,Z332686446,C#CCNC(=O)c1coc(Br)c1,-3.3323486,1.355695,3.1401772,1.3350134,-4.010196,0.0411922786040984,1331160.7,57831.21395760251,2.8872912117574874,0.777163593788557
Z1269131213,Z1269131213,Brc1cccc(N2CCOCC2)c1.Cl,-4.925176,1.8506881,3.1400778,1.0138838,-5.85052,0.0095855872078365,1375041.85,16724.456290938127,1.8887184555146224,0.7830624799959537
Z102767168,Z102767168,CCCOc1c(Br)cc(Br)cc1CNC,-2.533111,0.6693851,3.1396701,0.5033594,-2.8678036,0.0607888140598551,1303953.85,65234.0321720764,2.2306528186162993,0.8843626925212407
Z1673582648,Z1673582648,CCc1cnc(NCc2ccco2)s1,-2.3696055,0.95748997,3.1395338,0.72691905,-2.8483505,0.0877563654698023,1266513.45,133861.69348005237,2.3658858389754407,0.8391259041931393
Z336513486,Z336513486,C#CCNC(=O)NCc1cccnc1OC,-3.1981351,1.3673457,3.1390483,1.0932902,-3.881808,0.0524335722260236,1315553.85,79560.94329020678,2.3513177061175625,0.7256783384396278
Z1139615008,Z1139615008,COCCN1CCN(CCNC(C)=O)CC1C,-3.7391815,0.2856966,3.1390247,0.25981936,-3.8820298,0.012199337342889,1371413.05,12561.084903283634,2.6500753810741546,0.7001063832101557
Z1255430749,Z1255430749,N#Cc1cc(OC(F)F)ccc1F,-3.3906295,1.0708094,3.1387968,0.67250127,-3.9260342,0.0284438722224222,1348859.95,37946.76420786758,2.194789200558276,0.7111054138017793
Z1095162636,Z1095162636,COc1nc(N2CCNCC2)ncc1Br,-3.1338193,0.69589865,3.1387317,0.56733274,-3.4817686,0.0285527784780494,1348708.75,26662.57490917747,2.5143220275695697,0.8573858339672772
Z446582754,Z446582754,CCCCCC(C)NC(=O)N1CCCCCC1,-3.1736255,0.7700157,3.1387038,0.77017504,-3.5586333,0.0293874383260706,1347549.95,27992.75669432184,2.3014686912214533,0.732400110286137
Z144060744,Z144060744,C=C(Cl)CN(C)Cc1cccs1,-2.0249546,0.7386068,3.138177,0.7029617,-2.394258,0.1048751755681204,1242746.55,99108.22916411883,2.556170932037208,0.7243524065217783
Z1401379997,Z1401379997,COc1ccc(OC(F)F)c(CNC(C)=O)c1,-3.5684063,0.7137349,3.137747,0.37916932,-3.925274,0.0191196384197068,1361805.25,19236.15256977081,1.9502652440479142,0.8618392201777285
Z28173817,Z28173817,CCC(CC)C(=O)Nc1nccs1,-2.8041878,0.71645564,3.137729,1.0027044,-3.1624155,0.043027586703641,1328612.65,46239.31036496435,2.2286243653934417,0.8073398746242479
Z728858032,Z728858032,CCN(CCC(=O)O)C(=O)OC(C)(C)C,-3.6615262,0.7610081,3.137669,0.45131716,-4.0420303,0.0182738862678719,1362979.45,20013.03922815073,2.0866671269010837,0.7781413339354117
Z425843772,Z425843772,CCCCOc1c(OC)cc(C(=O)O)cc1OC,-3.9136493,0.58195615,3.1376176,0.6811112,-4.2046275,0.0116094284582417,1372232.05,10990.647303389367,1.76303834592912,0.7574715806130256
Z219098968,Z219098968,CN(CCO)c1ccc(C#N)cn1,-3.5979965,0.5709876,3.1373403,0.35973087,-3.8834903,0.0145494291785212,1368150.3,12028.276111313706,2.42483590385498,0.7247718188023685
Z52403983,Z52403983,C#CCNC(=O)c1ccc(OC)cc1,-3.8119621,1.1619902,3.1372771,1.3698752,-4.392957,0.0227826196564266,1356719.75,41211.812971373874,1.7604888697158074,0.7218432473049082
Z403711894,Z403711894,CC(Cn1ccnc1)NC(=O)c1cccs1,-2.5860152,0.73728895,3.1371393,1.1574883,-2.9546597,0.0555546512046674,1311220.7,57856.845591597885,2.68696358640147,0.8774574436528708
Z1511494601,Z1511494601,COC(=O)c1ccc(CN)cc1OC.Cl,-4.937216,1.4946104,3.1366258,1.0313376,-5.684521,0.0079214175099938,1377352.3,13189.606359175394,1.8593165507565814,0.7984222338201741
Z44611049,Z44611049,O=C(Nc1ccccc1)N1CCCCCCC1,-3.9681325,1.876708,3.1365664,1.9623189,-4.9064865,0.0655225627543486,1297381.75,155365.45328993667,1.492617351071324,0.7894958980951913
Z1478422700,Z1478422700,COc1ccncc1NCc1cscn1,-2.2456932,0.6009416,3.1361065,0.80689955,-2.546164,0.0723038138797853,1287967.0,44035.46204935291,2.382520181740981,0.8590428891212119
Z344844812,Z344844812,CCN(C)C(=O)c1ccc(SC)cc1,-3.4440856,0.7770517,3.1354225,1.0214113,-3.8326116,0.0218398458601938,1358028.65,26064.93095382184,1.8750789662589398,0.7128492412475134
Z285919592,Z285919592,CN(CC(=O)O)C(=O)OC(C)(C)C,-4.5598793,0.95041794,3.1351073,0.8048932,-5.035088,0.00764677494868,1377733.6,7501.529240094982,2.0857575384703644,0.7015083927503307
Z728133916,Z728133916,CCOc1cc(CC#N)cc(Cl)c1OC(F)F,-2.521165,0.8150251,3.1341236,0.6865451,-2.9286776,0.0674092627939639,1294762.35,72073.66449700958,2.40188765207467,0.8156645342402078
Z1269139261,Z1269139261,O=S1(=O)CCN(Cc2ccco2)CC1,-3.5789971,0.7551547,3.1335537,0.63080597,-3.9565744,0.0157135448554038,1366534.1,11264.50657996168,2.3639748164613685,0.7209854067516084
Z285049416,Z285049416,COc1cc(C#N)ccc1OCCCC(=O)O,-3.8434634,0.6834142,3.133313,0.2977655,-4.1851707,0.0138509021500341,1369120.1,14421.484129242732,1.83059195008933,0.7604305517219876
Z3571158699,Z3571158699,COC(=O)COCC1CCNCC1.Cl,-5.1071444,1.6651478,3.13304,0.83098376,-5.9397182,0.0081444520473944,1377042.65,15608.138874558364,2.4540631767852545,0.7094727503701406
Z139298004,Z139298004,O=C1CCN(Cc2cscn2)CC1,-2.9822495,0.893624,3.1327312,0.75790226,-3.4290614,0.0421530954010156,1329826.75,59872.93923875377,2.4832899524379766,0.7146956904591564
Z1193486076,Z1193486076,CCOCC1CCN(S(C)(=O)=O)CC1,-3.634887,0.6170092,3.1324139,0.47032365,-3.9433916,0.0146198364965606,1368052.55,11085.197474447625,2.1715251201050947,0.70161110524434
Z3053054413,Z3053054413,COC(=O)Cc1nn(C)c(C)c1Br,-2.474278,1.2459589,3.1323807,1.1928414,-3.0972574,0.1035925018907335,1244527.35,174887.70465452253,2.566399026026925,0.7375107576984218
Z32022686,Z32022686,COCCN(CCOC)C(=O)c1cccs1,-2.6493812,0.7205448,3.1319444,0.97798026,-3.0096536,0.0496046025858033,1319481.45,43238.09417108368,2.123634629194486,0.7279154441561156
Z56893095,Z56893095,CC(=O)Nc1cc(OC(F)F)ccc1Br,-3.3118286,0.58884317,3.1317713,0.31036276,-3.6062503,0.023568876724169,1355628.15,24483.33837178868,2.0485931188039164,0.9238116870025999
Z409420948,Z409420948,N#Cc1ccc(OCCCN2CCOCC2)cc1,-3.8090084,0.6283694,3.1311464,0.55974555,-4.1231933,0.0136200525804011,1369440.6,15632.649431238457,1.8552131037858182,0.741200046562031
Z1289703588,Z1289703588,CCC(CO)N1CCN(CCC#N)CC1,-3.7381158,0.4453611,3.1310446,0.33674628,-3.9607964,0.0130689307451291,1370205.75,14473.81122881945,2.8934208051078905,0.7098505968214199
Z31489476,Z31489476,CSCC(=O)NCC1CCCO1,-4.0048347,0.5095741,3.130785,0.58852965,-4.2596216,0.0093079915007022,1375427.25,9113.807924654766,2.633459564453892,0.7052177764950401
Z317037946,Z317037946,COc1ccc(CCC(=O)O)c(OC)c1OC,-3.5789306,0.658605,3.1301713,0.78875583,-3.9082332,0.0157522598768321,1366480.35,14451.97786904962,1.8583328025763421,0.8198764387843313
Z27707071,Z27707071,COCCNC(=O)c1cc(OC)c(OC)cc1OC,-3.6516368,0.78705925,3.1297486,0.69887686,-4.0451665,0.0165704613389996,1365344.4,20797.84806031624,1.7528788251813214,0.7505153877830001
Z2681277116,Z2681277116,Cl.Cl.Cl.NCCN1CCN(c2ncccn2)CC1,-5.82609,2.6986854,3.1293716,0.99975723,-7.1754327,0.0081075377246372,1377093.9,15136.70992620259,2.4231722181359405,0.8946594777565828
Z1486022673,Z1486022673,CN(C)c1cccc(Br)c1C=O,-2.8680267,0.50415695,3.1287334,0.4337947,-3.1201053,0.0380315482407174,1335548.9,50703.301122214914,2.5170362729462994,0.7237459556110882
Z335455576,Z335455576,COc1cc(CN)cc(OC)c1O,-4.5873747,1.0850757,3.1284325,0.77860487,-5.1299124,0.0109091007310836,1373204.35,23562.750398192056,1.8832507390198163,0.72931350588711
Z851830084,Z851830084,CN(C)C(=O)c1ccc(Br)c(F)c1,-3.255445,0.9381931,3.1284153,0.84977883,-3.7245417,0.0322725177368818,1343544.45,49768.71577052697,1.8472094332667464,0.7439601349082954
Z1508927347,Z1508927347,COc1cc(OC)c(Cl)c(C(=O)O)c1,-4.3924026,0.9693687,3.1283267,1.1514211,-4.877087,0.0088338315266323,1376085.55,13574.148111299655,1.9021770513886036,0.8403910068421686
Z1717322588,Z1717322588,COC(=O)c1cc(Cl)c(OC)cc1C,-3.5695674,0.8293054,3.1282954,0.99862266,-3.98422,0.0191757842042712,1361727.3,23494.970732265232,1.749367903779456,0.709795538840722
Z1071390320,Z1071390320,C#CCNC(=O)N1CCCN(C(=O)C(C)(C)C)CC1,-3.1381607,0.63267416,3.1282926,0.7002373,-3.4544978,0.0280829401807901,1349361.05,28952.072874796024,2.427016364338998,0.7165067277514416
Z2365305290,Z2365305290,COCCOCCOc1ccc(C)c(Br)c1,-3.5169423,0.90248597,3.1279185,0.6525194,-3.9681852,0.0215531746317572,1358426.65,27453.996968155658,1.95134232150218,0.7223952683471149
Z8598074806,Z8598074806,COc1ncccc1OCC(=O)O.O=C(O)C(F)(F)F,-5.3191338,2.0158525,3.1279025,0.90116084,-6.3270597,0.0203180754132603,1360141.4,54722.97385870033,2.1846705465226606,0.8592005041753561
Z409193350,Z409193350,COc1ccc(OC(F)F)c(CO)c1,-4.3085694,0.5087605,3.1275628,0.48176384,-4.5629497,0.0075366442179565,1377886.5,8778.679339741258,1.9426117597812063,0.8120777628221072
Z409374390,Z409374390,CNCc1cccc(OC(F)F)c1,-4.141071,1.5221623,3.1273937,1.3179231,-4.902152,0.030176108330032,1346455.0,65846.2133603748,1.8844512884703644,0.7780219742995617
Z361997604,Z361997604,CC1CN(CCCC(=O)O)CC(C)O1,-4.64244,0.62829316,3.1273513,0.38542223,-4.9565864,0.0045288291857241,1382062.4,3506.80969543544,2.8072351165185534,0.735724756558852
Z1449588122,Z1449588122,CC(=O)COc1ccc(C#N)cc1F,-3.3641849,0.6011588,3.127193,0.61223054,-3.6647642,0.0239650664457808,1355078.1,34834.87121534972,2.037712974356106,0.7330857441708288
Z451350450,Z451350450,CCN1CCN(C2CCNCC2)CC1.Cl.Cl.Cl,-5.981926,2.4161816,3.1270144,1.0300442,-7.1900167,0.0076280476825006,1377759.6,15998.75740299852,2.5442050433790175,0.836650074625279
Z32925992,Z32925992,COCC(C)NC(=O)Cc1cccs1,-2.8120186,1.1241628,3.1268654,1.0307434,-3.3741,0.0684364533438974,1293336.25,118340.34563785716,2.484780106315638,0.8034815836555189
Z1813136831,Z1813136831,COc1ccccc1-c1cncs1,-2.7058232,1.360406,3.1268628,1.5852201,-3.3860261,0.0914693341016313,1261358.55,166890.46738249462,2.091983069846883,0.7278137841928597
Z57842703,Z57842703,Clc1ccccc1Cn1ccnc1,-2.4241657,1.4756479,3.126433,1.5616146,-3.1619897,0.1460800590629164,1185539.75,293792.14830248186,1.867970519239595,0.7153993578854191
Z2680628860,Z2680628860,COc1cc(C(F)(F)F)ccc1N.Cl,-4.404041,1.7774932,3.126343,1.154908,-5.2927876,0.0162432383764901,1365798.7,27641.313192574624,2.0253043219558737,0.7490499549147063
Z1459492964,Z1459492964,CCC(N)C(=O)NCCN1CCCC1.Cl.Cl,-4.9184585,1.8117746,3.126318,0.87851053,-5.8243456,0.0086407246011452,1376353.65,13503.27318199184,2.664789257337109,0.7772625881850094
Z253628888,Z253628888,CC(C)(C)C(=O)NCCCN1CCCC1,-3.1549118,0.6555587,3.1263006,0.5588026,-3.482691,0.0277674577736161,1349799.05,24483.952277920733,1.9212723308114192,0.7184434905140177
Z1696071073,Z1696071073,CC(CO)Nc1ccc(Br)cc1C#N,-3.3261178,0.82174915,3.126238,0.41538212,-3.7369924,0.0281725069326899,1349236.7,40548.18745159887,2.7630379076236427,0.8692078085791347
Z654937496,Z654937496,CCN(C)CC(=O)NC(C)CCC(C)C,-2.9197023,0.7570296,3.126142,0.49038738,-3.298217,0.0426806280836964,1329094.35,54351.84793387893,2.5843568997824473,0.7015635417375496
Z55672073,Z55672073,COc1cc(C(C)=O)ccc1OC(F)F,-3.35057,0.68844986,3.1259313,0.81043077,-3.694795,0.0207106997515035,1359596.3,19581.062698689264,1.7697246572654564,0.7251582775203004
Z1263613507,Z1263613507,Cc1cc(C#N)cc(C)c1OCC(N)=O,-3.4681382,0.9596422,3.1258464,0.3150485,-3.9479594,0.0260199517412756,1352225.2,27615.701710440026,2.1730977341885325,0.7986746577832962
Z53852787,Z53852787,CCOc1cc(C=O)c(Br)cc1OC,-3.258913,0.5696975,3.125678,0.5764037,-3.5437617,0.0251941513307163,1353371.7,30894.271550078665,2.042617427797401,0.7795963249454014
Z1721218214,Z1721218214,CC(C)(CF)NC(=O)c1cccs1,-2.8675947,0.9140259,3.125361,1.2347716,-3.3246076,0.0478944070299275,1321855.8,64409.60074134911,2.476198431327507,0.7978905054690969
Z3615386191,Z3615386191,CC#CC(=O)Nc1cc(Br)c2c(c1)OCCCO2,-3.5990963,0.44186246,3.125132,0.4469377,-3.8200276,0.0144691900457377,1368261.7,12555.097964970246,2.8318317155846753,0.8111255886165942
Z951221930,Z951221930,CNC(=O)N1CCN(CC(F)F)CC1,-3.8246777,0.6410532,3.124592,0.71008795,-4.1452045,0.0120954730435408,1371557.25,12666.63604859238,2.31489839945732,0.7021977276625909
Z727818918,Z727818918,COC(=O)C(C)Nc1ccc(Br)cc1,-3.9812508,0.9815273,3.1243513,0.70963573,-4.4720144,0.0120826880829761,1371575.0,14031.773779533363,2.216777988595302,0.8459566947457606
Z1269137936,Z1269137936,COC(=O)c1ccc(Br)cc1C#N,-3.5893521,0.6221753,3.1243308,0.73853564,-3.9004397,0.0146468109626534,1368015.1,10160.01711071394,2.0662335961626717,0.7060146479771877
Z19739450,Z19739450,CCNC(=O)COc1ccc(C#N)cc1,-3.6270928,0.7661205,3.1241012,0.590823,-4.0101533,0.0186726689955702,1362425.8,19267.455606799773,1.7242528990236963,0.7976015934038412
Z3919193743,Z3919193743,N#Cc1ccc(OS(=O)(=O)F)c(F)c1,-3.4123409,1.0421925,3.122519,0.8902304,-3.933437,0.0294251449562429,1347497.6,41608.38604944921,2.623303454715007,0.7026524726020436
Z1381260606,Z1381260606,CNCCCOc1cc(OC)cc(OC)c1.Cl,-4.748934,1.4529715,3.122304,0.9490398,-5.4754195,0.0087939280440811,1376140.95,16310.599340536202,1.9843749430445694,0.7635144224084431
Z5482821403,Z5482821403,CNc1ccc(C(F)(F)F)c(Br)c1.Cl,-4.934134,2.021927,3.122158,1.0596223,-5.9450974,0.0118105304858284,1371952.85,19979.650463096197,2.4283737725053243,0.8260956750380831
Z237732568,Z237732568,COCCNCCOc1ccc(C)cc1Br.Cl.Cl,-4.787626,1.7643541,3.1218195,0.9994999,-5.6698027,0.0093941009111535,1375307.7,14922.109854507838,2.1589286829477246,0.7570605708559447
Z1675167202,Z1675167202,COc1ccc(N)cc1OC(C)C.Cl,-4.5092154,1.5975233,3.121275,1.0280166,-5.307977,0.0114779414412791,1372414.6,16131.77704842216,1.921765201076754,0.791656395760379
Z425795726,Z425795726,OCCCOc1ccc(Br)cc1,-3.9457557,0.640907,3.1211646,0.4611431,-4.266209,0.0102126264990816,1374171.3,9264.463482037154,1.566677760502861,0.8047095510364776
Z45626615,Z45626615,COc1cc(NS(C)(=O)=O)c(OC)cc1Cl,-2.9982767,0.8659918,3.1211607,0.2968171,-3.4312725,0.0397837360896027,1333116.25,37545.55074689277,1.9059210028208593,0.9004585739986388
Z2026358500,Z2026358500,COC(=O)Cn1c(Br)nc(Br)c1Br,-2.535016,1.443567,3.120956,1.0912733,-3.2567997,0.1169156552742465,1226030.15,200554.4812726146,2.895970066750909,0.7441406235118185
Z1683068026,Z1683068026,Cl.Cl.NC1CCN(CCCC(=O)O)CC1,-5.5332427,1.8957548,3.1208806,0.96034557,-6.48112,0.0077856088162205,1377540.85,15729.259493933592,2.275954981152095,0.7935093241179049
Z104768076,Z104768076,N#Cc1ccc(NCC(=O)N2CCCCCCC2)cc1,-3.202537,0.621475,3.120579,0.740966,-3.5132747,0.0249492202974753,1353711.75,23725.8087509678,1.9025953709882533,0.9193250550137866
Z2018710821,Z2018710821,CC(C)N(CCSC(C)(C)C)C1CCOCC1,-2.9978569,0.84128666,3.1199906,0.5712385,-3.4185002,0.0435954910505276,1327824.2,66779.29039649942,2.866028789198417,0.7505853450092406
Z434566594,Z434566594,O=C(NCC(F)(F)F)c1sccc1Br,-2.6622128,0.5869635,3.1198788,0.74072576,-2.9556947,0.0462841502502971,1324091.4,40200.76504670029,2.36370303891459,0.8904571826315177
Z365059892,Z365059892,COCCN(Cc1ccco1)C(C)=O,-3.2095273,0.52590877,3.11967,0.6009832,-3.4724817,0.0236050347534844,1355577.95,21890.911581007767,2.1208794022601847,0.7136039352528178
Z940781212,Z940781212,Brc1ccsc1CNc1cnccn1,-2.048687,0.58308226,3.1195583,0.6946215,-2.340228,0.0924744840998307,1259963.05,72928.62754945755,2.525106476874127,0.9313930646415707
Z28173791,Z28173791,O=C(Cc1ccsc1)Nc1nccs1,-2.6944606,1.0144398,3.1195254,1.2934057,-3.2016807,0.0695904490942485,1291734.1,118862.86934358432,2.203689966555178,0.8693960816290195
Z1813143006,Z1813143006,COc1cc2cccnc2cc1OC,-2.553653,1.2751646,3.1194975,1.4866046,-3.1912353,0.0972417257896064,1253344.45,167842.91091776115,1.64946827799983,0.7256534593354161
Z5470466430,Z5470466430,CNCc1cc(C)c(C)cc1C.Cl,-4.9053383,1.961695,3.119374,1.0773574,-5.8861856,0.0099890877660533,1374481.65,15362.553470289373,2.081878910847987,0.7727122488788282
Z228585300,Z228585300,COc1cccc(CO)c1OC(F)F,-4.022251,0.67268074,3.1193707,0.5668219,-4.3585916,0.0106929448626067,1373504.45,13416.147824450203,2.056605686906712,0.8120777628221072
Z1619842055,Z1619842055,C=CCCN1CCCCC(N2CCN(C)CC2)C1,-3.330051,0.95210403,3.119247,0.53406096,-3.806103,0.0277159577916231,1349870.55,26757.145676388955,2.7454134673254753,0.7037645851215283
Z27986491,Z27986491,CC(=O)Nc1ccc2c(c1)OCCCO2,-4.7889605,1.4874139,3.1190085,1.2945718,-5.532667,0.0084566211690135,1376609.25,14130.9008200999,1.8263388433119676,0.7634941178244242
Z24062411,Z24062411,CCNC(=O)COc1ccc(C#N)cc1OCC,-3.5514255,1.0510232,3.118618,0.6083705,-4.076937,0.0254149169877913,1353065.2,29615.448540584355,1.9098978875303754,0.8271524281710806
Z1726073062,Z1726073062,COc1cc(Br)c(F)cc1C=O,-3.1239548,0.5978736,3.1183343,0.60287726,-3.4228916,0.0300675262001656,1346605.75,36225.39887823873,2.1994920421770683,0.7328496562776458
Z32016576,Z32016576,CNC(=O)c1ccc(N(C)C)cc1,-3.953879,1.75234,3.118207,1.9014711,-4.830049,0.0460989303849893,1324348.55,99762.69647191527,1.5788727170417918,0.7354631951616007
Z169105270,Z169105270,C=C(Cl)CN(C)Cc1ccsc1,-2.0342178,0.8365289,3.117576,0.84485114,-2.4524822,0.1103321568768681,1235170.35,113300.54468460203,2.6830982047644802,0.7243524065217783
Z247065244,Z247065244,CCC(C)(C)NC(=O)c1ccsc1,-2.9509556,0.9457801,3.117348,1.3318851,-3.4238458,0.0449369395325386,1325961.8,61394.92728768395,2.282455134624211,0.7926878943658942
Z238887254,Z238887254,N#Cc1cc(F)ccc1NC(=O)N1CCCCCC1,-2.8348632,1.0096861,3.1172535,1.282715,-3.3397062,0.054388086577592,1312840.3,69244.67591598649,1.973082276857852,0.844062394074917
Z104479456,Z104479456,CCN(c1ccc(N)cc1)C(C)C.Cl,-4.5903563,1.7407068,3.1170983,0.93328077,-5.4607096,0.0107726077718154,1373393.85,14415.805566374014,2.1705075087690613,0.7845097403009283
Z57900078,Z57900078,CCC(C)Oc1ccc(C#N)cc1,-3.4873798,0.8425903,3.1167054,0.6056194,-3.908675,0.025212410415241,1353346.35,38348.44174053882,2.2814620516974156,0.7072149229084865
Z236582030,Z236582030,C#CCNC(=O)Nc1cccc(OC)c1,-4.2323637,1.3368092,3.1166072,1.461769,-4.9007683,0.0151540317643246,1367310.9,20740.67360260992,1.9356605913313896,0.732003839457358
Z4327164213,Z4327164213,CC(C)(C#CC(=O)O)CNC(=O)OC(C)(C)C,-3.382192,0.5359047,3.1155427,0.3919893,-3.6501443,0.0206645658515503,1359660.35,20778.27904633827,2.998358889532865,0.7203051384442501
Z1029447044,Z1029447044,CCC(C)(C)NCc1cc(OC)c(OC)c(OC)c1.Cl,-4.3787093,1.3047746,3.1149495,1.0076586,-5.0310965,0.0103145100298914,1374029.85,13240.095159306824,2.1626326592967633,0.8377096127644437
Z56946200,Z56946200,CCOc1cc(C(=O)O)cc(Br)c1OC,-4.031671,0.66507953,3.114634,1.1502353,-4.3642106,0.0097230885583606,1374850.95,10948.788355224517,1.8638369649577626,0.9170053320790983
Z398429146,Z398429146,Nc1cc(Cl)c(OC(F)F)c(Cl)c1,-2.7739887,0.8081295,3.1146207,0.6804764,-3.1780534,0.0514696582273921,1316892.1,60405.8953529372,2.3113854513662915,0.7885473356039758
Z1741970104,Z1741970104,COc1ccc(CON)cc1.Cl,-5.147419,2.0861623,3.114379,1.0645031,-6.1905003,0.0102797565455395,1374078.1,18588.0527191527,1.889801176792453,0.7335528642635152
Z594137742,Z594137742,CC(C)N(CCC(=O)O)C(=O)OC(C)(C)C,-3.3970466,0.7936238,3.1138499,0.40586397,-3.7938585,0.024839017538805,1353864.75,30153.86704533102,2.189542321502179,0.8042333953147637
Z1618101706,Z1618101706,COC(=O)Cn1ccc(Br)cc1=O,-3.1994007,0.9411468,3.1135573,0.85637575,-3.669974,0.0318891850037815,1344076.65,42813.18909900896,2.337752717041793,0.7243832552469658
Z1414275826,Z1414275826,CCC(CC)(CC)CNS(C)(=O)=O,-3.0311522,0.8306938,3.113476,0.5826389,-3.446499,0.036768646234739,1337302.25,48591.224957676255,2.785800589169664,0.7210103333444232
Z1883240965,Z1883240965,Cc1cnc(NCC2CCSCC2)s1,-2.5026982,0.43011752,3.1132083,0.7560482,-2.717757,0.0508548636871106,1317745.65,32403.370928462056,2.8388400603638075,0.8606071416075467
Z1721221135,Z1721221135,CC(C)(CF)NC(=O)c1ccsc1,-2.883702,0.78417253,3.1131806,1.1150488,-3.2757883,0.0407031008031115,1331839.85,43517.81121940188,2.6334511785802537,0.7978905054690969
Z45826137,Z45826137,CCNC(=S)Nc1ccc(OC)c(OC)c1,-3.6750908,0.89147466,3.112962,0.87112814,-4.120828,0.0178974682176684,1363502.05,22339.270340534847,1.726842880942737,0.7880701319878978
Z1269245037,Z1269245037,COc1cc(F)c(Br)cc1C(=O)O,-4.536372,0.6589918,3.1129518,0.8523768,-4.865868,0.0055953469946339,1380581.7,5700.1596477642615,1.9404795690133518,0.8740751974533906
Z103967670,Z103967670,COC(=O)CN(C)CCOc1ccc(C#N)cc1,-3.7687263,0.6750204,3.111793,0.4968552,-4.1062365,0.0146461266971584,1368016.05,14986.197444565449,2.0134809644534535,0.7038470651486974
Z433969316,Z433969316,CCN(CC)C(=O)Nc1ccc(OC)nc1,-3.3994381,1.282882,3.1117687,1.3040301,-4.0408792,0.0380261821586774,1335556.35,68465.09214576069,2.0190722515721085,0.8485463427489456
Z86146273,Z86146273,COc1ccc(CNCC(C)O)c(OC)c1OC,-3.9717202,0.3474307,3.1117377,0.56565773,-4.1454353,0.0085361400223286,1376498.85,5514.687119637886,2.4814861578217915,0.765954529706736
Z169700222,Z169700222,COC(=O)c1cnc(NC(C)=O)s1,-4.146971,1.0991372,3.1116974,0.9014568,-4.69654,0.0131734432959988,1370060.65,19816.878675197564,2.1819676620967368,0.719629449606899
Z1650167480,Z1650167480,COc1cnc(C(=O)O)c(OC)n1,-5.1062555,1.1668266,3.1111782,0.88009393,-5.6896687,0.0040448013829366,1382734.4,5590.172711106518,2.4003175522066282,0.7217093394665438
Z433012312,Z433012312,COCCN(C)Cc1cc(Br)cs1,-2.7964146,0.35295758,3.110492,0.4389149,-2.9728935,0.0348651276695357,1339945.0,18768.863423233703,2.354278211547287,0.8101174315226511
Z646402404,Z646402404,COc1ccc(CNc2nccs2)c(OC)c1,-2.9078517,0.55204105,3.110231,0.8950778,-3.1838722,0.0329324017718875,1342628.3,20940.509203694164,2.006036126581531,0.8857960302143996
Z1763361080,Z1763361080,CCOC(C)(C)CNC(=O)N1CCCC1,-3.2242901,1.2492971,3.1099753,1.0039958,-3.8489387,0.0471017034609427,1322956.35,78832.61346693702,2.388995407734498,0.7721165626629105
Z1189013407,Z1189013407,Cn1ncc(N2CCCCC2)c(Br)c1=O,-1.954208,0.56643444,3.1098218,0.8384587,-2.2374253,0.1048606979508049,1242766.65,92390.29568265002,2.344244107814907,0.7778465293925717
Z2018724843,Z2018724843,CC(C)(C)SCCN1CCN(CCS(C)(=O)=O)CC1,-3.2229595,0.8330425,3.1097486,0.7598578,-3.6394808,0.0327873735009184,1342829.65,42446.56431358727,2.4454317489543804,0.7368462049072056
Z203037852,Z203037852,COc1cc(OC)c(C2=CCNCC2)c(OC)c1,-3.174112,1.1808802,3.109705,1.6391133,-3.764552,0.0534739799042028,1314109.4,119989.3520306698,2.421347552688747,0.8866333708137669
Z1266933882,Z1266933882,COc1cc(C)c(C(C)N)cc1OC.Cl,-4.279601,1.5153906,3.1095006,0.93025,-5.0372963,0.0121787013361184,1371441.7,14334.875353835483,2.484348335472262,0.8693271421034876
Z433981420,Z433981420,COc1ccc(NC(=O)N2CCCCCC2)cn1,-3.5258484,1.1286287,3.1094804,1.3102641,-4.0901628,0.032019555587568,1343895.65,60654.12403891017,1.8842876153410266,0.8757488037416735
Z1021330238,Z1021330238,CN(C(=O)OC(C)(C)C)C(C)(C)C(=O)O,-3.526233,0.970193,3.1093369,0.60983604,-4.0113297,0.0234289264234522,1355822.45,20758.06158935607,2.412944657265454,0.7643012042772288
Z909712588,Z909712588,CCC1CN(CCOC(C)(C)C)CCO1,-3.696197,0.5237763,3.1090899,0.41104165,-3.958085,0.0145491770807073,1368150.65,14608.379171814371,2.8510459458208377,0.7148396608753869
Z801466626,Z801466626,COc1ccc(CO)c(OC(F)F)c1,-4.213894,0.8296142,3.1089,0.6782376,-4.628701,0.0079192566715885,1377355.3,7204.339366659513,1.9931575087690625,0.8120777628221072
Z91150658,Z91150658,CC(C)C(=O)N(C)Cc1ccsc1,-2.2531352,0.6940516,3.1088662,0.63170725,-2.600161,0.0800032052436344,1277277.55,86835.1325786257,2.241328101657178,0.7281451347131649
Z1570070641,Z1570070641,CC1CN(S(C)(=O)=O)CCN1C1CCN(C)CC1,-3.3506618,0.5004947,3.1087673,0.4950534,-3.6009092,0.0201899737097993,1360319.25,20210.88990587748,2.9106519349018534,0.7139915789173431
Z991628468,Z991628468,CCN(C(C)=O)c1ccc(Br)cn1,-2.546667,0.35017714,3.108461,0.3812633,-2.7217557,0.0478586451543199,1321905.45,29920.10413831309,2.3459773324264077,0.7973596105431177
Z600615466,Z600615466,COc1ccc(CC#N)cc1OC(F)F,-3.2813163,0.7669896,3.108009,0.8391062,-3.6648111,0.0282277523679187,1349160.0,38980.05309385814,2.131456946196037,0.7705138356177674
Z596083816,Z596083816,O=C(c1cnsn1)N1CCCCCC1,-2.6550171,1.0744628,3.1078877,0.99474514,-3.1922486,0.0678519465552633,1294147.75,87993.98993617405,2.3683477526715,0.7077624653681085
Z9160052807,Z9160052807,COc1cc(OC)cc(N2CCNCC2)c1.Cl.Cl,-5.166241,1.9017725,3.107856,0.9294156,-6.1171274,0.0087923794432238,1376143.1,15981.16349300013,2.21820004137653,0.9240318456905358
Z1269143457,Z1269143457,CC(C)(C)c1cc(Br)cc(Br)c1O,-2.911819,0.5334011,3.1077912,1.1464628,-3.1785195,0.0336909640940685,1341575.15,29779.89021181072,2.272229959799036,0.7608291487037256
Z1426039196,Z1426039196,CCN(c1ccncc1)S(C)(=O)=O,-2.623277,0.6809704,3.1077209,0.9700626,-2.963762,0.0516307847444809,1316668.4,49382.839513742016,2.2011149148439912,0.727024715223372
Z3301410533,Z3301410533,COc1ccc(N2CCNCC2)cc1OC.Cl.Cl,-5.290845,1.8491578,3.1076913,0.91655517,-6.2154236,0.0074613750135051,1377991.0,13131.094242293748,2.0586808106072993,0.9240318456905358
Z1269157872,Z1269157872,Cl.Cl.NCc1ccnc(C(F)(F)F)c1,-5.061615,2.646345,3.1074142,1.094333,-6.3847876,0.0335986962941621,1341703.25,152018.0817310477,2.598271083429694,0.8294358359940727
Z1289213541,Z1289213541,Clc1cnccc1CN1CCCCCC1,-2.6387541,1.3248175,3.1073241,1.1006157,-3.301163,0.0958960276587316,1255212.75,174600.39354018506,1.8699890628598599,0.7676280928815931
Z1725925325,Z1725925325,COc1cc(Br)c(F)cc1C(=O)O,-4.626794,0.95528346,3.1070278,1.0100808,-5.1044354,0.0062201174055532,1379714.3,10301.879620244066,1.8917126006875584,0.8740751974533906
Z1272208030,Z1272208030,CCOCCNc1cncc(Br)c1,-2.9351058,0.8231539,3.1068761,0.69579273,-3.3466828,0.0400395073288436,1332761.15,41467.7247534453,2.243150768719845,0.807932659611167
Z608067062,Z608067062,CCOc1cc(CC#N)cc(Cl)c1OCC(F)(F)F,-2.6374738,0.8309084,3.106784,0.6873711,-3.052928,0.062889653185436,1301037.15,81952.48809845555,2.4139113869634308,0.8301652071318336
Z2755724195,Z2755724195,Cl.Cl.Cl.c1cnc(CN2CCNCC2)cn1,-5.6186285,2.2936702,3.106675,0.94547194,-6.765464,0.0069476356826448,1378704.25,13830.837045800952,2.646406717106574,0.8858063254065548
Z1798392881,Z1798392881,COCCN(CC(C)C)c1cnccn1,-2.3248,0.24828996,3.1059718,0.5265299,-2.448945,0.0599224979291964,1305156.6,30932.013861693515,2.4698386133094115,0.7127671356503054
Z1183150506,Z1183150506,CCNC(=O)N1CCCCC(SCC)C1,-2.9597266,0.34165192,3.105925,0.499339,-3.1305525,0.0284853603198039,1348802.35,17657.226085302867,2.9242713545584404,0.8067671518824782
Z1346385516,Z1346385516,COc1cc(NC(=O)CN)cc(OC)c1.Cl,-4.620534,1.4621264,3.1059027,1.0033668,-5.3515973,0.0090195916015414,1375827.65,11567.56776195843,1.935083640183496,0.83211488758665
Z1321379839,Z1321379839,COc1cc(NC(N)=O)ccc1Br,-3.4566097,0.5544082,3.1057138,0.4762342,-3.7338138,0.0193230813555659,1361522.8,22260.98903373343,1.8256546950637702,0.8357343964568945
Z1497158466,Z1497158466,CCOc1cc(Cl)ccc1CN.Cl,-4.647254,1.662923,3.1056151,0.9555032,-5.4787154,0.0087646486836892,1376181.6,10906.931137584028,1.9568261753481941,0.8525509573397599
Z1947306248,Z1947306248,OCCNCc1cc(Br)sc1Br,-3.0418515,0.7892443,3.1056046,0.56072205,-3.4364736,0.0377749486800879,1335905.15,46790.21775892372,2.851677225743501,0.8362531707341928
Z5594789851,Z5594789851,CNCc1cccc(OC)c1Cl.Cl,-4.4700103,1.9221909,3.1055827,0.8720916,-5.4311056,0.0121275254798861,1371512.75,14737.866001816545,2.058746084850455,0.8477308485678129
Z355129810,Z355129810,COc1cc(F)c(S(=O)(=O)N(C)C)cc1OC,-2.5403323,1.6576447,3.1052449,1.6028415,-3.3691547,0.1510478985846509,1178642.65,317858.6750996857,1.949437211211185,0.8157628262378488
Z1270531325,Z1270531325,COC(=O)C(C)c1ccc(Br)s1,-2.2601676,0.4289356,3.1051302,0.63493866,-2.4746354,0.0687366298123671,1292919.5,50293.17903901084,2.913679247711812,0.753125666034172
Z1204362670,Z1204362670,CNC(=O)c1sc(C)cc1OC(F)F,-2.6385903,0.4706324,3.1050866,0.9182476,-2.8739066,0.0431593258184175,1328429.75,21652.79362778623,2.51654960856116,0.8475186736199021
Z969560732,Z969560732,CC(N)Cc1ccc(N(C)C)cc1.Cl.Cl,-4.926167,1.9295832,3.1049814,0.79201716,-5.890959,0.0091474051932149,1375650.2,13648.263529108748,2.511688580575667,0.893797416547862
Z237479544,Z237479544,CCN(CC)CCOc1ccc(OC)cc1.O=C(O)C(=O)O,-4.5081444,0.5328476,3.104463,0.44808024,-4.774568,0.0058450678863398,1380235.0,6660.364494530311,1.8393018717756178,0.7375002938492807
Z1269191319,Z1269191319,OCc1cc(OC(F)(F)F)ccc1Br,-4.019372,0.4485492,3.1042447,0.4923126,-4.2436466,0.0082088810458458,1376953.2,5237.0484301751485,2.178811978623532,0.8957203604448909
Z1255637920,Z1255637920,CCc1csc(N2CCSCC2)n1,-2.5550265,1.2657616,3.104127,0.63286954,-3.1879072,0.099452983757698,1250274.45,166094.79934166363,2.591723555676843,0.7510361119204157
Z54843188,Z54843188,CC(C)C(=O)N(C)Cc1ccco1,-3.1061196,0.6168847,3.103985,0.61169124,-3.414562,0.027648899773112,1349963.65,24824.070059671925,2.112444145613221,0.7131207563631202
Z440609990,Z440609990,CNC1CCN(C2CCOCC2)CC1,-4.03535,0.7246815,3.103888,0.6113164,-4.397691,0.0099414412792162,1374547.8,8755.653188654745,2.323986026592701,0.7116898930923871
Z406457668,Z406457668,CSC(C)C(=O)Nc1ccc(C#N)cc1,-3.385622,0.3533766,3.103706,0.6519282,-3.5623102,0.0174782295530665,1364084.1,12004.261322130573,2.3896954767776837,0.849590915663545
Z5630128933,Z5630128933,Brc1ccc2c(c1)NCCSC2.Cl,-4.731135,2.34784,3.103517,0.94762534,-5.905055,0.0139803363705118,1368940.4,19623.154451820432,2.892143596162672,0.7801368886607134
Z2467651006,Z2467651006,COc1cc(Br)ccc1OCC(C)(C)C#N,-3.1845443,0.44042474,3.1034842,0.6867153,-3.4047568,0.0251491698779127,1353434.15,24250.436483236757,2.3436332696238242,0.8507145215124594
Z645139308,Z645139308,CC(CN1CCOCC1)Nc1cnccn1,-3.0876331,0.82063675,3.1033516,0.82316685,-3.4979515,0.0321693377030287,1343687.7,32010.497229971297,2.787072495531193,0.8085710142150273
Z1329097378,Z1329097378,COCCNc1ccc(Br)cc1C#N,-3.2105453,1.3870312,3.1029127,0.7969702,-3.9040608,0.0563136817085029,1310166.9,94286.86112863234,2.150861650780895,0.8398893466409142
Z5227217798,Z5227217798,Cl.Cl.NCc1cccc(N2CCCCC2)c1,-5.4557743,2.1625726,3.1026647,0.9730584,-6.5370607,0.007844815788526,1377458.65,15004.666405072125,1.9803584932374214,0.8883724694370009
Z33545729,Z33545729,COc1cc(C(N)=O)cc(Cl)c1OC,-3.062732,0.422649,3.1025457,0.77027875,-3.2740564,0.0264306911081499,1351654.95,20767.31896869454,1.784911354922908,0.8304461472512188
Z24062290,Z24062290,CCOc1cc(C#N)ccc1OCC(=O)N(C)C,-3.4345036,1.0554802,3.102519,0.6932259,-3.9622436,0.0273632009219576,1350360.3,26325.545540596115,1.9888154259919144,0.7902999420339814
Z818783112,Z818783112,COCCN(CCOC)c1cc(C#N)ccn1,-2.5611577,0.3205106,3.1022067,0.30487248,-2.721413,0.046542910649332,1323732.15,30697.518514164956,2.475620427994402,0.706744856599179
Z422429978,Z422429978,O=C(COCC(F)(F)F)N1CCCCCC1,-3.7513397,1.083206,3.102172,1.0456164,-4.2929425,0.0175820938524148,1363939.9,23356.1089544042,2.0819684054182606,0.7531699943926636
Z141137060,Z141137060,CCNCc1cc(OC)c(OCC(N)=O)c(OC)c1,-3.4048767,0.46313283,3.1015484,0.5640775,-3.6364431,0.0177107357654769,1363761.3,12109.419482782816,1.9984110737020337,0.7240721973456284
Z2596886171,Z2596886171,COc1cnc(NC(=O)CCl)cn1,-3.467154,0.83311814,3.1011446,0.7610363,-3.883713,0.0216255627183348,1358326.15,28448.03308714857,2.398024365393443,0.7302460702975284
Z4656798617,Z4656798617,COc1ccc(C(C)N)c(Cl)c1OC.Cl,-4.1823573,1.5790331,3.1007648,0.86705947,-4.9718738,0.0138552598408182,1369114.05,16393.79843866271,2.7105143273750976,0.8990543708403957
Z1329745247,Z1329745247,Cn1ncc(C#N)c1NC(=O)N1CCCCCC1,-2.7185392,0.75947547,3.10065,0.9266805,-3.098277,0.0503919400727481,1318388.35,61224.601234532354,2.3691339780281133,0.8203744757765269
Z54750387,Z54750387,N#Cc1ccc(CN2CCCC2)cc1,-2.9476588,0.8733823,3.1006036,0.8082873,-3.3843498,0.0415623221810063,1330646.95,53714.977203267066,1.6341706419773168,0.7072937616919384
Z135439684,Z135439684,CCN(CC)C(=O)c1ccc[nH]1,-3.1728942,1.6374893,3.1005895,1.776061,-3.991639,0.0935571361688335,1258459.95,201756.375951412,2.301208694274969,0.7253063120932587
Z801502674,Z801502674,CCOc1cc(CC#N)cc(Br)c1OCC(F)(F)F,-2.5045452,0.9118234,3.1005569,0.67555076,-2.9604568,0.0739037346490438,1285745.75,85574.7826756662,2.4687231516693124,0.8188844792277894
Z1137167161,Z1137167161,CC(C)C(C#N)NC(=O)OC(C)(C)C,-3.1463268,1.3863164,3.100099,0.71070695,-3.839485,0.071606799438182,1288934.7,142752.553673866,2.9294324478202878,0.7382984318952917
Z48864275,Z48864275,CCOC(=O)c1sc(N(C)C)nc1C,-3.0852027,1.0995013,3.0996528,0.9215715,-3.6349533,0.0475056722008139,1322395.5,81025.66602842584,2.1992107312222835,0.7180949003501049
Z51853287,Z51853287,CC(C)(C)NC(=O)CSCc1cccs1,-2.3027184,0.74306726,3.0996325,0.6982752,-2.674252,0.0794542802607412,1278039.65,90961.77557319064,2.2358670775281198,0.8807411718545115
Z1071279388,Z1071279388,COCC(C)(C)NCc1cc(OC)cc(OC)c1,-3.3576329,0.7312452,3.0992584,0.9330323,-3.7232554,0.0226043504879893,1356967.25,22433.01952674896,2.2193821449872058,0.8085385274165033
Z56828968,Z56828968,COc1ccc(OC)c(NC2=NCCS2)c1,-3.1713262,0.67155325,3.099012,0.59716904,-3.5071027,0.0283507040731804,1348989.3,34709.91644919359,2.273713692739637,0.8764830040156988
Z3035170093,Z3035170093,CCC(C)N1CCC(CN)CC1.Cl.Cl,-5.2767425,2.0858989,3.0988107,0.95337677,-6.3196917,0.0080920517160658,1377115.4,15150.564588159745,2.899821458809299,0.8236779068278598
Z425387672,Z425387672,Cl.Nc1cccc(OCC(F)(F)F)c1,-4.5492992,1.5082276,3.0986469,0.8093028,-5.303413,0.010474952281485,1373807.1,16436.5829748765,2.116349816461369,0.78867136250869
Z1082857968,Z1082857968,CCOc1cc(Cl)ccc1C#N,-2.6556106,1.1448225,3.0984635,1.1627842,-3.2280219,0.0683789750423163,1293416.05,79341.336229279,1.8613751278414021,0.7028566999933236
Z955113296,Z955113296,COc1ccc(Cl)cc1S(=O)(=O)Cl,-2.6252627,1.0514028,3.0984004,1.3506676,-3.1509643,0.0755385529585478,1283476.05,123593.8509876098,1.8425017409590527,0.7457210892621455
Z8753185699,Z8753185699,O=Cc1c(Br)cc2c(c1Cl)OCO2,-2.8910012,0.5193783,3.098283,0.47476417,-3.1506903,0.0370209241185579,1336952.0,42969.09449709175,2.9114551346242106,0.7307930051153678
Z3886028878,Z3886028878,CCN(CCF)c1ccccc1.Cl,-3.982946,1.2865202,3.097736,0.86036295,-4.626206,0.0165988763640292,1365304.95,21392.19924522722,2.188190519239596,0.7276112157339153
Z645688832,Z645688832,Cc1ccc(CNc2cnccn2)s1,-2.327265,0.64546347,3.0975266,0.91936284,-2.6499968,0.0684296467029207,1293345.7,50263.30152815272,2.314168765804707,0.8360271152373794
Z198018320,Z198018320,COCCN1CCN(c2nccs2)CC1,-2.970525,0.6914442,3.097264,0.5516616,-3.3162472,0.0341016674469694,1341004.95,31674.338874671088,2.093547804118602,0.7643000928497973
Z1509470442,Z1509470442,CCOc1c(OC)cc(C=O)c(Br)c1Br,-2.6471412,1.0136168,3.097097,0.46767524,-3.1539497,0.0728766521410307,1287171.7,101351.41705477038,2.462683118803918,0.7894703659826819
Z248486906,Z248486906,COc1cc(NC(=O)C(C)Cl)cc(OC)c1OC,-3.3827698,0.51823187,3.09661,0.46016943,-3.6418858,0.0195210861814384,1361247.9,17796.114151409573,2.346482919988196,0.836452125571812
Z1250089992,Z1250089992,Cl.NCc1ccc(OCC(F)(F)F)cc1,-4.4652495,1.5054618,3.096555,0.9319126,-5.2179804,0.0144438362084489,1368296.9,26953.542657506085,1.9997733554903085,0.882604266670229
Z412612854,Z412612854,N#Cc1cc(NC(=O)N2CCCCCC2)ccc1Cl,-3.0468726,0.6144551,3.0964036,0.92318195,-3.3541002,0.0294744480858574,1347429.15,22662.77985436694,1.97031304608862,0.8522304285340744
Z29190674,Z29190674,CSCC(=O)NCCc1cccs1,-2.1986742,1.238578,3.0962589,1.0811881,-2.8179631,0.1372259156552743,1197832.4,237978.4246355959,2.09839484356392,0.8108099492428625
Z644276718,Z644276718,N#CCN1CCCN(c2ccc(C#N)cc2)CC1,-3.1707501,0.58509356,3.0959144,0.55393547,-3.463297,0.0249978751755681,1353644.2,20727.411687424938,2.1306186804297855,0.7366548522427723
Z248486988,Z248486988,COc1ccc(NC(=O)C(C)Cl)c(OC)c1,-3.4822547,0.49496382,3.0954344,0.41287586,-3.7297366,0.0171637555371484,1364520.7,14913.69587694479,2.1799263226540937,0.8256459322274012
Z898562980,Z898562980,CCCOc1cc(Br)c(C=O)cc1OC,-3.1107993,0.6729639,3.094459,0.6068144,-3.4472814,0.0325428386213851,1343169.15,35670.50133692405,2.0875950324999764,0.7733095980367759
Z3002757594,Z3002757594,CNCCCOc1ccc(Br)cc1.Cl,-4.449617,1.5305526,3.0942001,0.9270931,-5.2148933,0.0112260236971944,1372764.35,17568.586768078418,1.8213449581617738,0.8375947365338317
Z635886274,Z635886274,COc1ccc(CNC2CCSCC2)c(OC)c1,-3.5107703,0.5220547,3.094073,0.8433702,-3.7717977,0.0172171642597327,1364446.55,19464.597556782417,2.1799775561694297,0.8883058157170002
Z359301552,Z359301552,CCOCCCNc1ccc(Br)cn1,-2.8277311,0.660421,3.094017,0.38313517,-3.1579416,0.0425850830122087,1329227.0,48537.94833838777,2.07808981646137,0.7973589363070149
Z1230588026,Z1230588026,COCC(C)NC(=O)N1CCCN(CC(C)C)CC1,-3.3572717,0.4092279,3.0930638,0.24496336,-3.5618856,0.0179780674901862,1363390.15,10899.18182376549,2.5675721327870704,0.8217625229248389
Z1171217561,Z1171217561,COc1cc(OC)c(N(CCO)CCO)cc1Cl,-3.4296234,0.7112585,3.0924165,0.27181607,-3.7852526,0.0225905211221953,1356986.45,24936.621396001105,2.3033293977344567,0.7816028447306697
Z166867840,Z166867840,CCC(C)(C)NC(=O)c1ccoc1,-3.2304027,0.6452607,3.0922751,0.88331926,-3.553033,0.0244382540425686,1354421.15,19359.98780545845,2.383951398360475,0.7762750604117286
Z3014363906,Z3014363906,CC(C)(C)OC(=O)NCCOCCN.Cl,-4.4761558,1.8687613,3.0922062,1.0607244,-5.4105363,0.0141600821118593,1368690.85,17785.91913361522,2.2626043738646455,0.7009194336096728
Z1172208387,Z1172208387,Brc1cncc(N2CCCCC2)c1,-2.5111303,1.3548641,3.0921278,1.1266121,-3.1885624,0.0824800302517375,1273838.85,79228.60052611998,2.0163794261221852,0.7510749317263502
Z1491228667,Z1491228667,CN(C)S(=O)(=O)N1CCCNCC1.Cl,-5.0617614,1.6604575,3.0916972,0.7902069,-5.89199,0.0079393884827312,1377327.35,14810.364422508314,2.5029344318459845,0.712347242448748
Z18888034,Z18888034,CC(C)CSCC(=O)N1CCOCC1,-3.3462436,0.6680914,3.0909224,0.40985295,-3.6802893,0.0239238664601865,1355135.3,31449.609287080184,2.1886936034436175,0.7092391796971672
Z509871184,Z509871184,COc1ccc(C(C)NC(=O)N2CCCCCC2)c(OC)c1,-2.9637907,0.68119633,3.0908172,0.8593344,-3.3043888,0.03586548780927,1338556.15,37409.69856103495,2.3503616638381253,0.9278135947332323
Z1272238661,Z1272238661,COCCOCCNc1cncc(Br)c1,-2.977611,1.118776,3.090747,0.9860743,-3.536999,0.0453507040731803,1325387.35,48454.26068394295,2.274484102703738,0.7719989997590107
Z1879932062,Z1879932062,O=Cc1c(Br)ccc2c1OCCO2,-3.9895413,0.8754972,3.0906444,0.9093143,-4.42729,0.0122447869773472,1371349.95,20457.774300922865,2.61450461487369,0.7076939032638722
Z5580873150,Z5580873150,CNCc1c(F)cc(OC)cc1F.Cl,-4.645607,1.8086444,3.0902202,0.97658706,-5.549929,0.0091769006374473,1375609.25,11244.182059514156,2.259526739538291,0.8477044531662762
Z446208134,Z446208134,CCCCCCNC(=O)N1CCCSCC1,-3.193078,0.4629242,3.0900238,0.4472029,-3.42454,0.0229077322000935,1356546.05,15318.957622746397,2.171902321502179,0.7542057286117535
Z2019044967,Z2019044967,CS(=O)(=O)CCN1CCOc2ccc(Br)cc2C1,-3.4643219,0.9256142,3.0899327,0.5102779,-3.927129,0.0245155400295313,1354313.85,39368.8798828148,2.2906865029149905,0.8439945097826138
Z114027064,Z114027064,CCNc1nnc(SCCS(C)(=O)=O)s1,-2.7109964,1.2101309,3.0895057,0.9948386,-3.316062,0.0798939388482731,1277429.25,145099.67806817318,2.5409518805299953,0.7784077096632511
Z68418907,Z68418907,CC(CC(=O)N1CCCCCCC1)n1ccnc1,-2.5886366,0.6101647,3.0892792,0.6525825,-2.893719,0.0494689739618972,1319669.75,38284.51231356487,2.755851337147959,0.8256026298557887
Z1454502602,Z1454502602,OCCCCCCOc1ccc(Br)cc1,-3.1979496,0.63567233,3.0892117,0.4352797,-3.5157857,0.0264978931825549,1351561.65,29917.02069771487,1.6327663925069587,0.7715866310930067
Z2433453901,Z2433453901,NC(CC(F)F)C(=O)N1CCCCCC1,-3.1679435,0.65544516,3.0891051,0.7290427,-3.495666,0.0262217740483307,1351945.0,23920.35362823886,2.7146208051078915,0.7804734495820593
Z1508944715,Z1508944715,CCc1c(OC)cc(C(=O)O)cc1OC,-4.0945344,0.85180306,3.0889552,1.0005684,-4.520436,0.0102719054993337,1374089.0,13288.88712044767,1.87726427265007,0.824928247786844
Z297569976,Z297569976,CNC(=O)NC(=O)CCN1CCCCCC1,-3.6334271,0.79526997,3.0888305,0.6295704,-4.031062,0.0171730471422911,1364507.8,16823.78920933094,1.9208161676560245,0.7461077177241755
Z600397656,Z600397656,Cl.Fc1ccc(NCc2cccs2)cc1,-3.6910405,1.4754235,3.0887218,0.80002075,-4.4287524,0.0210624842438866,1359107.9,20250.636308274363,1.819656195726992,0.8617018150126271
Z45975927,Z45975927,CS(=O)(=O)C(C#N)=Cc1cccs1,-2.303454,1.2900432,3.087894,1.0347735,-2.9484756,0.1088912017862931,1237170.9,119086.351602902,2.783674035723111,0.7018433569827529
Z54751547,Z54751547,NCc1ccccc1Br,-3.013248,1.6342462,3.0878587,1.5339459,-3.8303711,0.0849820290272626,1270365.2,146638.65960844024,1.769107391840942,0.7116306772337653
Z1041140330,Z1041140330,COCCN(CCOC)c1ccnc(C#N)c1,-2.7394767,0.24524857,3.0873427,0.47053516,-2.862101,0.0361708863038859,1338132.15,12797.539725568347,2.5148223510713255,0.706744856599179
Z3489903806,Z3489903806,COc1cc2c(c(OC)c1OC)CCN(S(=O)(=O)F)CC2,-2.726984,0.9324129,3.0869012,1.447802,-3.1931906,0.0550099758706378,1311976.9,66167.44256875885,2.567944025290469,0.7834361297106182
Z1147677815,Z1147677815,CC(SCCS(C)(=O)=O)C(=O)N1CCCC1,-2.747008,0.6891227,3.0868292,0.8478952,-3.0915694,0.0451599740699392,1325652.15,46139.80892599686,2.7872926911693003,0.736791080132404
Z5761291735,Z5761291735,COc1cc(CN)cc(O)c1OC.Cl,-5.148237,1.5655447,3.0866592,1.1037991,-5.93101,0.0076630892786401,1377710.95,12561.523321138244,2.195857508769061,0.8042844054193315
Z318778332,Z318778332,CCN(CC)CCn1cc(N)cn1,-3.0195153,0.94143385,3.0865052,0.6022738,-3.4902322,0.0417013001044405,1330454.0,52454.9123295426,2.4043012884703643,0.7326247303545314
Z534153764,Z534153764,CC(NC(=O)N1CCCCCC1)c1nncn1C,-2.9369788,0.87610716,3.0860257,0.94409186,-3.3750324,0.041888464724313,1330194.15,46053.31222537094,2.693528451662404,0.8652250500996599
Z5108535978,Z5108535978,COc1ccc(C(F)(F)F)cc1CN.Cl,-4.4056244,1.407192,3.0855696,1.1416048,-5.1092205,0.0104108113948212,1373896.15,14074.406290408842,2.019083321233067,0.8638814009235891
Z2755935002,Z2755935002,O=Cc1c(OC(F)(F)F)ccc(Br)c1Cl,-2.1980598,0.85727614,3.0854871,0.52620333,-2.6266978,0.0982417257896063,1251956.1,105172.2406587879,2.7204372608157517,0.7765618201969623
Z1525509235,Z1525509235,N#Cc1ccc(OCC(F)F)nc1,-3.8917115,0.55252767,3.085324,0.8580754,-4.1679754,0.0107355493931645,1373445.3,9600.00404218665,2.5255897500088267,0.7161695734974424
Z2285377938,Z2285377938,C=CC(=O)NC(C)(C)CCN1CCCCCC1,-3.0856826,0.8194988,3.0851467,0.89795333,-3.495432,0.0330082111859401,1342523.05,38323.078606076255,2.3870276293037325,0.7456072365129486
Z90566346,Z90566346,COc1ccc(CNC2CCN(C)CC2)c(OC)c1,-3.853001,0.49589148,3.0851145,0.81409216,-4.100947,0.0116067634242086,1372235.75,11433.045870961072,1.915061764037338,0.8803209899594971
Z432143930,Z432143930,O=C(Nc1nncs1)N1CCSCC1,-3.0938182,1.4807113,3.0850883,1.3954569,-3.834174,0.0846179277559693,1270870.7,188472.33719304804,2.664310979688386,0.785122004742886
Z2596885348,Z2596885348,COc1nn(C)cc1NC(=O)CCl,-3.3265274,0.813434,3.0850468,0.68317723,-3.7332444,0.0248682968991967,1353824.1,30112.7591261578,2.593079750008826,0.7326494256832089
Z900648236,Z900648236,CC(Cn1cncn1)NCc1ccsc1,-2.0445495,0.68692446,3.0847595,0.98256487,-2.3880117,0.0996272553750855,1250032.5,97584.72420799272,2.9914620638491503,0.8337262055736072
Z1154676308,Z1154676308,CCC(CC)(CN)NC(=O)OC(C)(C)C,-2.6671913,0.55042946,3.084536,0.49468893,-2.942406,0.0455526344221558,1325107.0,38889.35353538292,2.549547693702703,0.7553947594920403
Z136820778,Z136820778,COCCN(Cc1cccs1)C(C)=O,-2.404985,0.9167183,3.0833552,0.8054646,-2.8633442,0.0799199409370836,1277393.15,90686.11122783631,2.1285835442720202,0.7453681965338872
Z1416160493,Z1416160493,COc1ccc(C=O)c(OC)c1Br,-3.2999928,0.45991078,3.083243,0.8477451,-3.5299482,0.0211902978355602,1358930.45,19942.93081890172,2.3820208489099244,0.7660682846180933
Z26274371,Z26274371,CCNC(=O)COc1c(Br)cc(C#N)cc1OCC,-2.9169436,1.2354624,3.0831797,0.60486615,-3.5346746,0.0563162026866425,1310163.4,57314.53862537846,2.200932375477178,0.86971160368012
Z1021287250,Z1021287250,CC(C)(C)OC(=O)NC1CCCCNC1=O,-3.6705487,1.2451642,3.0831282,0.95113736,-4.293131,0.0284693341016313,1348824.6,50958.39073930808,2.641170687591483,0.7078368020132659
Z1269239272,Z1269239272,COc1ncc(Br)cc1C=O,-3.2644296,0.7279547,3.0825455,0.68218505,-3.628407,0.028428386213851,1348881.45,47529.73972732756,2.4670095670664605,0.7054171257972797
Z351829872,Z351829872,COc1cc(F)ccc1NC(C)=O,-3.6045933,1.3995904,3.082211,1.2406706,-4.3043885,0.0389559549105053,1334265.5,83177.96247594671,1.551386123635199,0.7586440503185553
Z32023319,Z32023319,CCNC(=O)c1cc(OC)c(C)c(OC)c1,-3.3927417,0.90120935,3.0821319,0.9847987,-3.8433464,0.0241005870277668,1354889.95,25961.244574316926,1.7939635021819633,0.8457173283727067
Z2890417499,Z2890417499,C=CC(=O)N(CC)CC(=O)N1CCCCCCC1,-2.9672132,0.7373363,3.082069,0.820568,-3.3358812,0.0359118017790902,1338491.85,33827.80978466533,2.212295118299606,0.716003992827459
Z52529092,Z52529092,CCOc1ccc(NS(C)(=O)=O)cc1OC,-3.289151,0.5408985,3.0817897,0.86027455,-3.5596,0.0213501998775524,1358708.45,17035.59116519001,1.6904844324145198,0.8527064197682437
Z1162913611,Z1162913611,COCCN(C)c1ncc(Br)cn1,-3.1462147,0.44036856,3.0815883,0.47336385,-3.366399,0.0252323621565168,1353318.65,23426.94150817601,2.4619128269319024,0.8026412482232529
Z126961592,Z126961592,COc1ccnc(NCc2ccco2)n1,-3.172457,0.57255346,3.0812812,0.736375,-3.4587338,0.0247884899340945,1353934.9,21434.29774426958,2.2003457062165044,0.822531664881727
Z5068477767,Z5068477767,CC(=O)N1CCCN(CC2CCCNC2)CC1.Cl.Cl,-5.181201,1.8661741,3.081102,1.049923,-6.114288,0.0098835668239277,1374628.15,17703.445154192446,2.8617131004167273,0.8367622191532447
Z402803128,Z402803128,CC(Cn1cccn1)NC(=O)C(C)(C)C,-2.6256928,1.2325642,3.0810833,1.0501852,-3.2419748,0.0924960924838836,1259933.05,166994.27126445837,2.821301958954045,0.818336575963468
Z2670763775,Z2670763775,FCCOCCNc1nccnc1F,-2.6895995,1.1566256,3.0809414,1.2425368,-3.2679124,0.0775877840602153,1280631.0,133762.72758620017,2.8544748164613676,0.7008684172275294
Z228588260,Z228588260,Cc1nc(CN2CCCNCC2)cs1,-3.097197,1.304898,3.0807056,1.0268636,-3.7496462,0.06543205963914,1297507.4,129861.52617900349,2.240210041602081,0.7977041589165944
Z1698628218,Z1698628218,CNC(=O)c1cc(OC(F)F)n(C)n1,-3.127514,0.81250966,3.080646,0.69286907,-3.5337687,0.0289143947851766,1348206.7,23400.27981905345,2.684166656378208,0.7756769853608583
Z1126746309,Z1126746309,CCN(C)C(=O)CNC1CCCOC1,-4.141986,0.48789886,3.080602,0.36785537,-4.3859353,0.0077975654553966,1377524.25,6839.866123507097,2.885430993889603,0.7062427872062136
Z135505736,Z135505736,CNC(=O)c1ccc2c(c1)OCCCO2,-4.586877,1.7258766,3.0803118,1.2447144,-5.4498153,0.0188116109050312,1362232.9,42644.20985186617,1.8807381277484598,0.7524982734598687
Z1688198406,Z1688198406,CC(N)c1ccc(C#N)cc1F.Cl,-4.245726,1.6579313,3.0798724,0.97545356,-5.074692,0.0152414376778189,1367189.55,19410.273464006117,2.7747861775715403,0.7552869769052468
Z166703568,Z166703568,CN(C)C(=O)NCc1cccnc1,-3.1320033,1.3874246,3.0786724,1.0960416,-3.8257155,0.0631182338747433,1300719.8,118737.1066316676,1.9195782115472895,0.731230165511319
Z725146538,Z725146538,COc1ccc(C(C)(C)CN)cc1OC,-2.554228,0.4533801,3.078553,0.7165876,-2.7809181,0.0481622789642381,1321483.9,28806.26853985084,1.9685242726500718,0.8238303113001431
Z1201043237,Z1201043237,CC(C)c1nc(S(=O)(=O)Cl)cn1C,-1.94268,1.1001692,3.0783534,1.025792,-2.4927645,0.1417239528937227,1191587.55,181395.5359325237,2.8929698199388962,0.7125172232483539
Z317041968,Z317041968,COc1ccc(C(=O)CC#N)cc1OC,-3.253027,0.6464618,3.0783262,0.62587965,-3.576258,0.02760467461375,1350025.05,51098.953953554665,1.922592781092849,0.7030230773171009
Z409637636,Z409637636,CSc1cccc(NC(=O)N2CCCCCC2)c1,-3.5269299,0.82075626,3.0775008,1.0931971,-3.937308,0.0207984297907588,1359474.5,25027.32048682,1.82482903545937,0.823636160030751
Z2218011714,Z2218011714,Cn1c(NCC(C)(F)F)c(C#N)c(=O)n(C)c1=O,-2.3627574,0.58593124,3.0771813,0.7625489,-2.655723,0.0678783808117549,1294111.05,63107.87629089969,2.921973954420009,0.828648854697603
Z28173636,Z28173636,O=C(Cc1cccs1)Nc1nccs1,-2.786262,0.8379716,3.076952,1.1960151,-3.2052479,0.0489268556199806,1320422.4,65146.46121348418,2.1013939065176537,0.8693960816290195
Z3016191993,Z3016191993,O=S(=O)(F)c1ncc(Br)cc1F,-1.7768147,1.4470198,3.0767229,1.6532998,-2.5003247,0.2057449490402275,1102704.0,324683.5647015414,2.9639852338644133,0.7191853261849329
Z1368472397,Z1368472397,CCC(=O)NCC(C)(C)CC(C)C,-2.8318386,0.5053104,3.0766318,0.5061126,-3.0844939,0.0382382324341844,1335261.95,38286.12202936594,2.4046663234354,0.7005129937131805
Z1269179057,Z1269179057,CCOc1ncc(C(F)(F)F)cc1Cl,-2.1404371,0.7668855,3.0766253,0.7464076,-2.52388,0.089988223430691,1263414.85,76469.26235833258,2.1551911886027426,0.7714370216811479
Z56968817,Z56968817,COc1cc(NC(=O)CCl)cc(OC)c1OC,-3.4622421,0.74846315,3.0765853,0.47510052,-3.8364737,0.0226991752800085,1356835.6,29401.169101585063,1.8514157457201552,0.8207430196720077
Z850759744,Z850759744,c1cnc(N2CCCN(c3nccs3)CC2)nc1,-2.6614337,0.98383164,3.0761962,0.77032757,-3.1533494,0.0656972305254438,1297139.25,88471.92538815632,2.2342872208637097,0.8222499331426881
Z1153284253,Z1153284253,N#CCCN1CCCC(N2CCCCCC2)C1,-2.817159,0.48187476,3.0760896,0.4949558,-3.0580964,0.0375092375841826,1336274.05,35472.9660762601,2.643326883529147,0.7513095878969966
Z1763360064,Z1763360064,CCOC(C)(C)CNCc1cncnc1,-2.134622,0.6989659,3.0757842,0.83851904,-2.484105,0.0908903734649043,1262162.35,87717.26759154949,2.674877074847874,0.7686159940512229
Z9422106781,Z9422106781,CC(N)CN1CCN(c2ncccn2)CC1.Cl.Cl.Cl,-5.425152,2.2956574,3.0756795,0.9714103,-6.5729804,0.0091979327979255,1375580.05,16392.243670330794,2.9496772891691503,0.9026063378904631
Z380844522,Z380844522,CC(N)c1ccc2c(c1)OCCCO2.Cl,-5.2484407,1.8850261,3.0756364,1.0098343,-6.1909537,0.0081235279288364,1377071.7,16486.57677961074,2.6179375030441,0.8038065225361416
Z103815860,Z103815860,COc1ccc(CN(C)C(C)C)c(OC)c1,-3.3445313,0.5099923,3.0751681,0.8586895,-3.5995274,0.0192133107645766,1361675.2,16892.381947493373,1.8507874735594232,0.7653959764866377
Z1473259597,Z1473259597,N#Cc1ccncc1N1CCCNCC1,-2.5453987,0.9746443,3.0750575,0.8998788,-3.0327208,0.0682560593510281,1293586.7,84807.1154928052,2.493179272650071,0.7299133197792055
Z27710922,Z27710922,CCC(C)NC(=O)c1cc(OC)c(OC)c(OC)c1,-3.3114438,0.7508778,3.0750332,1.0101576,-3.6868827,0.0241159649944178,1354868.6,20973.24964186523,2.190636177339803,0.8584687572816643
Z1245753107,Z1245753107,COc1cccc2c1OC(C)(C)CC2=O,-2.917178,1.146186,3.0749629,1.1817033,-3.4902709,0.0476249504807866,1322229.9,52818.52186108581,2.2423477529502573,0.707555887480803
Z2658863753,Z2658863753,Cl.NCc1cnccc1C(F)(F)F,-4.355722,1.729567,3.0747943,1.4183949,-5.2205057,0.0126243742572118,1370822.95,13310.92371879202,2.52331527448435,0.7732679402238926
Z435731634,Z435731634,COc1ccc(NC(=O)N2CCCCCC2)cc1F,-3.6287014,0.8170668,3.0747619,1.1507243,-4.037235,0.0182692764792739,1362985.85,22479.942253651367,1.7125745845501594,0.8924372169259451
Z132909014,Z132909014,N#Cc1ccc(CS(=O)(=O)Cl)cc1,-2.9099102,1.4486697,3.07476,1.267607,-3.634245,0.0631505023949292,1300675.0,78507.53039868214,2.1529856840747605,0.7049090143915249
Z44611053,Z44611053,O=C(Nc1ccccc1F)N1CCCCCCC1,-3.5066388,1.6709483,3.0747335,1.7683761,-4.342113,0.0776884071019555,1280491.3,175634.36078600909,1.6361485620865892,0.8107417957796965
Z448259674,Z448259674,CCS(=O)(=O)CCn1cc(N)cn1,-2.8792336,0.836362,3.0746446,0.7045189,-3.2974145,0.0432210897828357,1328344.0,46754.18209422554,2.6610248049538807,0.7408621089900946
Z4561893765,Z4561893765,CCOc1nnc(NCc2ccco2)s1,-3.2854085,0.73163694,3.0741725,0.7965343,-3.651227,0.0234826592717973,1355747.85,24852.33448446041,2.507258293629091,0.844333985924632
Z1201001406,Z1201001406,CCCN(C(=O)OC(C)(C)C)C(C)C(=O)O,-3.2654214,0.50974196,3.0738313,0.48369116,-3.5202923,0.0243036338099181,1354608.05,27015.54150017172,2.7352434693446135,0.8042333953147636
Z1193660278,Z1193660278,CCS(=O)(=O)CC(C)NCc1ccco1,-3.085359,0.46858433,3.0737703,0.68678564,-3.3196514,0.0273732848345157,1350346.3,29181.08809331825,2.8802478219934446,0.7986992818274024
Z2211231716,Z2211231716,CN1CCN(CC2CNC2)CC1.Cl.Cl.Cl,-6.682419,2.9769409,3.0737586,1.0726287,-8.170889,0.0065342312817373,1379278.2,14488.003039066496,2.6546291686999677,0.8029683385196591
Z1152160861,Z1152160861,N#CCCCN1CCCCC(N2CCCC2)C1,-2.6359975,0.70694715,3.0736933,0.4966158,-2.9894712,0.0527285266683472,1315144.35,48297.6807054697,2.6675936527599156,0.7000943106626261
Z2290839156,Z2290839156,O=C(Nc1ccc(Cl)cn1)N1CCCCCCCC1,-3.607595,1.1809298,3.073197,1.2478144,-4.19806,0.0322582922173804,1343564.2,62416.54900553218,2.319943063394925,0.8477686424074798
Z1737881367,Z1737881367,Cc1ccc(CNCCOCCN(C)C)s1,-2.836244,0.8869327,3.0731714,0.8105648,-3.2797105,0.046477761371412,1323822.6,56658.95052716737,2.2780777061175623,0.7026279087758528
Z31817576,Z31817576,COCCCNC(=O)Cc1cccs1,-2.6935728,0.8688091,3.0729213,0.9509673,-3.1279774,0.0572076565707494,1308925.75,74245.64789391699,1.9019355856921383,0.726190931287236
Z27707002,Z27707002,COCCNC(=O)c1cc(OC)c(OC)c(OC)c1,-3.67673,0.7886838,3.0728035,0.80412596,-4.0710716,0.016461194943638,1365496.1,18416.182136642765,1.7500243873114982,0.750515387783
Z606640536,Z606640536,CCONC(=O)CN1CCCCCCC1=O,-3.6263263,1.4384365,3.0727782,1.1486664,-4.345545,0.0419913926603522,1330051.25,85776.93963349065,2.2954992445791014,0.7255464876488044
Z905094782,Z905094782,COc1ccc(N(C)C(N)=O)cc1,-3.7996628,0.5145855,3.0727,0.47953415,-4.0569553,0.011933050023409,1371782.75,11366.225142390063,1.78961513462421,0.7432614394607348
Z168325358,Z168325358,CCOCCCNC(=O)c1ccoc1,-3.3778508,0.8535486,3.0725608,0.9462743,-3.804625,0.0228960276587315,1356562.3,24497.638974195044,2.1109709703075232,0.7018290243025597
Z116443558,Z116443558,COc1cc(C(=O)N(C)C)ccc1C,-3.2411227,0.8270328,3.0724874,0.98000616,-3.6546392,0.0256258148161487,1352772.4,19477.314230663324,1.6086722696838223,0.7151707879815373
Z168553230,Z168553230,COCC(=O)N(C)C(C)c1cccs1,-2.4244487,0.6392468,3.0723028,0.63371843,-2.7440722,0.062837901105629,1301109.0,57058.18587722536,2.6628536970973276,0.7643583968419294
Z98976531,Z98976531,CCOC(=O)COc1ccc(C#N)cc1Cl,-3.461544,0.6740811,3.0721183,0.4090606,-3.7985845,0.0215680484027802,1358406.0,23609.653299021567,1.8940603634602216,0.7557408362782732
Z90165620,Z90165620,CC(Nc1ccccn1)c1ccco1,-2.9400418,0.8092527,3.0711005,1.2776477,-3.3446681,0.0390633845932221,1334116.35,48439.09104976578,2.5141622682437657,0.8043772153693034
Z196126326,Z196126326,N#Cc1ccc(N2CCNC(=O)C2)cc1,-3.2338595,0.6813611,3.0709076,0.58356905,-3.5745401,0.0245282889761228,1354296.15,19888.07231552369,2.1353656769434526,0.7192318749356398
Z123636398,Z123636398,CCCNC(=O)C(C)N1CCCCC1,-2.9599123,0.6623291,3.0708494,0.7577404,-3.291077,0.0360112723736809,1338353.75,42294.04282268958,2.185376556019781,0.7400427993051141
Z135125448,Z135125448,Cl.Clc1cccc(Cl)c1Cn1ccnc1,-2.7890248,0.94883776,3.0705793,1.0094663,-3.2634437,0.0522790002520978,1315768.45,69008.51987216869,2.2058580718996,0.8083892580852887
Z414834438,Z414834438,COc1ccc(N2CCCNCC2)cc1,-3.9583602,1.1250615,3.0703914,0.815356,-4.520891,0.0163310764576656,1365676.75,26874.501433282443,1.7218824195032187,0.7932337504579559
Z416847700,Z416847700,C=CCN1CCCN(c2ccc(C#N)cc2)CC1,-3.1036663,0.7704293,3.070345,0.73395556,-3.4888809,0.0311607303633809,1345088.0,27066.40293980713,2.053128147885406,0.7603850339302828
Z3582691749,Z3582691749,CC(C)(C)OC(=O)NCC(C)(C)OCC(=O)O,-3.827303,0.96874,3.0702424,0.7981362,-4.311673,0.021298663881586,1358780.0,42402.42269021901,2.495315240158982,0.7664895066337684
Z1505733421,Z1505733421,CCNC(=O)N(C)CCc1nccs1,-2.0115316,1.1192499,3.0701106,1.073678,-2.5711565,0.1456510606115172,1186135.35,234275.1805367515,2.482629698118174,0.8201806359129381
Z3023946189,Z3023946189,C=CS(=O)(=O)CCN1CCN(C)C(C)(C)C1,-3.490291,0.78239226,3.0698667,0.71103805,-3.8814874,0.0200459178161126,1360519.25,16814.161521987946,2.993262761062617,0.7270457652723109
Z905189426,Z905189426,CN(C)c1ncc(Br)cc1C(=O)O,-3.9231973,0.43079334,3.0696628,0.9597921,-4.138594,0.0101938992329023,1374197.3,10873.296175033583,2.2430302477463826,0.8593971079072003
Z416912434,Z416912434,CS(=O)(=O)Cc1cc2c(cc1Br)OCCO2,-3.3061397,0.603565,3.0695071,0.4313945,-3.607922,0.0213404761047286,1358721.95,19546.30640165809,2.371330992830849,0.8353589453402479
Z923982848,Z923982848,CC(c1ccco1)N(C)S(C)(=O)=O,-3.115244,0.76115006,3.0694847,1.0064511,-3.4958189,0.030365613858177,1346191.9,28544.756779310625,2.997108884276601,0.7420841093697431
Z4526306954,Z4526306954,CCC(CC)CN1CCNCC1.Cl.Cl,-4.9595675,1.7765088,3.0692146,0.7990908,-5.847822,0.0082059999279721,1376957.2,11748.070218550787,2.6289075087690605,0.8136804473658769
Z744045096,Z744045096,O=C(NC1CCOCC1)OCC(F)(F)F,-4.4969254,0.71247506,3.0685325,0.5113245,-4.853163,0.005672308855836,1380474.85,5961.051604163479,2.343711730436187,0.776301245655957
Z2489380840,Z2489380840,COc1cc2c(cc1OC)C(C)NCC2.Cl,-3.7853951,1.2100482,3.068523,0.8174257,-4.390419,0.0174859005294054,1364073.45,17547.480971566834,2.778369972027976,0.8650341502258961
Z3500474583,Z3500474583,CCOc1ccc(Br)nc1C#N,-2.5825777,1.5597692,3.0681696,1.5785289,-3.3624623,0.1270568660640327,1211950.6,234861.20618258772,2.5661275753938515,0.7265532870335556
Z978948092,Z978948092,N#Cc1ccc(NC(=O)CC(F)(F)F)nc1,-3.0505812,0.38823682,3.0680313,0.39132693,-3.2446997,0.0276275795008463,1349993.25,26339.51844638584,2.329977097888582,0.8409185368576384
Z1262433903,Z1262433903,COC(=O)c1sc(C)c(Br)c1O,-3.9680932,0.37109303,3.0678594,0.53512967,-4.15364,0.0098574206792235,1374664.45,9241.714388981083,2.7072730750554808,0.7788210684520789
Z281886926,Z281886926,COc1ccc(NC2CCCCNC2=O)cc1,-3.725729,1.3330952,3.0677018,1.0776119,-4.392277,0.0348688010948248,1339939.9,75260.48602414152,2.390644692006383,0.8377723195679482
Z203884184,Z203884184,Nc1ccc(OCC(F)(F)F)cc1,-3.874667,1.0275334,3.0674126,1.0274818,-4.3884335,0.0151801058810818,1367274.7,19965.668699294794,1.856132057701135,0.7271062521804686
Z56872847,Z56872847,CCOc1ccc(CC#N)cc1OCC,-3.070121,0.8526055,3.0674052,0.5605982,-3.4964237,0.0399192206576152,1332928.15,58277.58378079431,1.8936342177050154,0.7414335390334826
Z1498929961,Z1498929961,CC(C)(C)Nc1ccc(C#N)nc1,-3.1646028,1.1201826,3.0672886,1.4023472,-3.724694,0.0380185111823387,1335567.0,45798.26324108808,2.554670519239595,0.7111335568846734
Z4927155537,Z4927155537,COc1cc(C)cc(CCN)c1.Cl,-4.669714,1.6524936,3.067204,1.0209305,-5.4959607,0.01121197824756,1372783.85,20029.579549443868,1.949821650461315,0.8113824432903026
Z1682072427,Z1682072427,Cl.NCCc1cc(F)c(F)c(F)c1,-4.545622,1.9036108,3.0671415,1.2931372,-5.4974275,0.0143563222530342,1368418.4,22291.208611019727,2.248913875882952,0.7446761295907195
Z1470739236,Z1470739236,COc1cc(CN2CCCN(C)CC2)cc2c1OCO2,-3.7305298,0.6324352,3.067065,0.72392046,-4.046747,0.0139336622609572,1369005.2,18975.077624610654,2.1516996150200853,0.8380292930889083
Z4927326966,Z4927326966,CC(C)c1cccnc1CN.Cl.Cl,-5.0446286,2.4701173,3.0670152,0.92853355,-6.2796874,0.0107639644181941,1373405.85,15870.712130446447,2.6052782115472883,0.8360522896759626
Z404208462,Z404208462,CNC(=O)CCSCc1csc(C)n1,-2.3282142,0.8013196,3.0665574,0.83989954,-2.728874,0.0814282781719306,1275299.05,97966.25618521668,2.4078178637986465,0.7845814618390814
Z409674800,Z409674800,CCN(CCO)C(=O)Nc1nccs1,-3.4328465,1.0992239,3.0661864,1.2203649,-3.9824586,0.0333173551337918,1342093.85,56790.34629606954,2.3467918282956894,0.7867817062517957
Z1848954493,Z1848954493,N#Cc1ccc(CNc2cnccn2)s1,-2.324582,0.5207222,3.0661821,0.67444396,-2.5849433,0.0665779522454712,1295916.5,51007.399792089,2.616765636286434,0.8522152240960392
Z988067564,Z988067564,CCN(CC)C(=O)Nc1cc(OC)ccc1Br,-2.9268925,0.744535,3.0661612,0.6355247,-3.29916,0.0395696690315843,1333413.45,37787.10483150965,1.9634160801683151,0.9265052213419066
Z1558574655,Z1558574655,Cl.O=C(CCl)Nc1cccnc1,-4.1738405,1.6510794,3.066029,1.0872813,-4.99938,0.0142848345157922,1368517.65,16062.601038670542,2.028072330638608,0.7492596735748821
Z19635865,Z19635865,O=C(CSCc1ccco1)c1cccs1,-2.2174587,0.89386916,3.0659337,0.97224027,-2.6643934,0.0921653041380055,1260392.3,100752.3277964832,2.2796999020207007,0.7472238679022294
Z2079692041,Z2079692041,CNCCC(=O)N1CCOCC1.Cl,-5.524536,2.1493077,3.065901,0.8748062,-6.5991898,0.0088132675478085,1376114.1,18580.753350981224,2.1581008489099247,0.7032488734191066
Z57986546,Z57986546,Cl.Cl.Nc1ccc(CN2CCOCC2)cc1,-5.478809,2.2306776,3.0657878,0.9236022,-6.5941477,0.0084031764324558,1376683.45,16180.733436636918,1.9507180638993162,0.8304760909640838
Z1269181902,Z1269181902,COC(=O)Cc1ccc(Br)c(C)c1,-3.5430827,1.0748224,3.0655506,0.8871242,-4.080494,0.0300835524183382,1346583.5,64395.56557830671,1.805929859898935,0.7456128362985421
Z940265062,Z940265062,CCCN(C)C(=O)Nc1cc(OC)c(OC)cc1Br,-2.9827647,0.69102466,3.065371,0.52503586,-3.328277,0.0374294306190801,1336384.85,42290.564381756594,2.0628407987281374,0.9002597906763462
Z331853002,Z331853002,CCN(CC)c1ccc(CN)cc1,-3.3867848,0.95034885,3.065207,1.1186664,-3.8619592,0.0269775632945583,1350895.7,36847.19729518108,1.811970519239594,0.7636697395724623
Z29679133,Z29679133,COc1cc(OC)c(NC(=O)C(C)(C)C)cc1Cl,-2.7379575,0.32254392,3.0650055,0.44899076,-2.8992295,0.0375611337198833,1336202.0,22933.084779418576,1.9299132983323393,0.9171356842459364
Z1416377813,Z1416377813,CC(C)(C)c1cnc(S(C)(=O)=O)s1,-1.5610944,1.2674482,3.0648675,1.3318496,-2.1948185,0.2217522598768322,1080480.25,346959.7090849131,2.958806183575261,0.7238187139328977
Z1641212634,Z1641212634,CNCc1ccc(OCC(=O)OC)cc1.Cl,-4.6855383,1.4587688,3.064803,0.8747903,-5.4149227,0.0092558072532142,1375499.7,15383.34606676974,1.8021488331300866,0.7966215832277689
Z1074712988,Z1074712988,C=C(Cl)CN1CCCN(C(=O)C(C)(C)C)CC1,-2.899225,0.46449262,3.0644696,0.36993137,-3.1314714,0.032621241041524,1343060.3,20774.567704527573,2.368263504917479,0.7590505528849079
Z3766060907,Z3766060907,COc1ccc2c(c1)CN(S(=O)(=O)F)CCO2,-3.6989694,0.4889794,3.0643644,0.5257158,-3.943459,0.0137376382036229,1369277.35,14622.353491401444,2.415303243051685,0.7481373306239156
Z1147472440,Z1147472440,CN(C)CCN(C)c1ccc(Br)cn1,-2.8767667,0.2879133,3.064284,0.5184572,-3.0207233,0.0320998307343249,1343784.2,23836.475495760697,2.3000174277974015,0.8211021299854788
Z4663978865,Z4663978865,COc1ccc(CCN)c(OC)c1Br.Cl,-4.2266,1.8148776,3.0640445,0.73904675,-5.134039,0.0138513343177152,1369119.5,14296.876429835997,2.4611485034193024,0.9276745802310552
Z1449589365,Z1449589365,CN(C)C(=O)COc1ccc(C#N)cc1F,-3.3066075,0.5465766,3.0639918,0.40513232,-3.5798957,0.0223517484784097,1357317.95,21313.75855281044,2.0241735200710522,0.7708062594158562
Z147651912,Z147651912,COc1cc(OC)c(OC)cc1CNC(=O)CCl,-3.4146926,0.8787682,3.063542,0.5750778,-3.8540769,0.0277011560485467,1349891.1,38029.070256712825,1.9129893663372837,0.7995652957627697
Z2732539082,Z2732539082,COc1ccc(C)cc1OCC#N,-3.6393242,1.2857723,3.0635192,1.0630155,-4.2822104,0.0296748298339756,1347150.95,50102.11497379626,1.8099666730857482,0.707742073274454
Z56913131,Z56913131,CCOc1ccc(N)cc1OCC.Cl,-4.5236306,1.5036236,3.0634632,0.8603914,-5.2754426,0.0106617927755969,1373547.7,16702.837498760502,1.8059874463989996,0.7885923286589629
Z2010161982,Z2010161982,CNC(=O)N1CCOc2cccc(F)c2C1,-3.476738,1.4483417,3.0632608,1.1007724,-4.2009087,0.0358659920048979,1338555.45,49903.38570024584,2.347157706117562,0.7225594521176031
Z56889679,Z56889679,COc1cc(NC(=O)C(F)(F)F)cc(OC)c1,-3.8545537,0.92604357,3.0632458,0.7434357,-4.3175755,0.0160045017466777,1366130.15,20051.26091614939,1.9471127356867086,0.8928660313001328
Z30279873,Z30279873,CCNC(=O)c1cc(Cl)c(OC)c(OC)c1,-3.1267538,0.78847855,3.0632424,0.93313766,-3.520993,0.031345806172795,1344831.05,41162.46990581955,1.766638278568367,0.8811810266976254
Z415728138,Z415728138,COc1cc(CN)ccc1OCC(N)=O.Cl,-4.5805697,1.354894,3.0631776,0.8118247,-5.2580166,0.0100556415889364,1374389.25,16350.399603297165,1.9162759478758051,0.7892402368096134
Z594038066,Z594038066,COc1cc(C#N)ccc1OCCN(C)C.Cl,-4.5386086,1.5384643,3.0630627,0.83068734,-5.307841,0.0114732956387078,1372421.05,17394.49975272356,2.0238481203020946,0.8076585304949867
Z2940717078,Z2940717078,O=C(O)C(F)(F)F.c1cnc(NC2CCCNCC2)nc1,-4.11813,1.547017,3.0628028,1.0205289,-4.8916388,0.0263800554615191,1351725.25,55442.32550306219,2.8371353553191394,0.7701693448123111
Z1692587323,Z1692587323,CC#CCCn1cc(Br)cc(Br)c1=O,-1.9627216,0.74761784,3.0627975,0.34341067,-2.3365304,0.1160772499729896,1227194.15,113415.62376951202,2.9306077111982116,0.7685666564667034
Z18633406,Z18633406,COC(=O)CNC(=O)c1cccs1,-3.6165836,1.2804031,3.062749,1.1126454,-4.2567854,0.0306140742608131,1345846.95,53178.59363265919,1.8611012884703655,0.7270964248988144
Z1601601498,Z1601601498,CCOC(=O)Cn1cc(C(F)(F)F)cc(Br)c1=O,-3.183279,0.7142652,3.0625644,0.53096646,-3.5404117,0.0267323801635033,1351236.1,25267.864438650133,2.382700205042651,0.7994819855585402
Z3613369124,Z3613369124,CN(C)C1CCN(CCC(=O)O)CC1.Cl.Cl,-5.3704586,1.9628986,3.062246,0.74145687,-6.3519077,0.0068143119530377,1378889.35,12694.08682133142,2.283561167656025,0.8389547633420511
Z31385291,Z31385291,CC(C)NC(=O)CN1CCCCCC1=O,-3.475001,1.252265,3.0622113,1.154856,-4.1011333,0.0387559693160947,1334543.15,73816.29491668828,1.9600077904737123,0.7557559176454002
Z403712198,Z403712198,CC(Cn1ccnc1)NC(=O)c1ccsc1,-2.569304,0.7563783,3.0619495,1.1920494,-2.947493,0.0589709367234487,1306477.7,67641.96105162831,2.805929138240934,0.8774574436528708
Z1421621771,Z1421621771,COC(=O)[C@@H](NCC(=O)N(C)C)C(C)(C)C,-3.0283883,0.5971128,3.061866,0.42032945,-3.3269446,0.0334074981092664,1341968.7,46318.76758086294,2.8990227001138447,0.7034391295040223
Z3242323934,Z3242323934,COc1ccc(CNc2nnc[nH]2)c(OC)c1,-2.7702086,0.94713306,3.0616639,1.1661787,-3.2437751,0.0576052148233514,1308373.8,88669.32002254219,2.5769497843523315,0.8184940470460565
Z56855204,Z56855204,N#CCCNc1ccc(Br)cc1,-3.1883671,0.649809,3.0614705,0.45395106,-3.5132716,0.0274340043937048,1350262.0,30181.261716502177,1.9529813804123624,0.802497795974189
Z5013561710,Z5013561710,CNCc1ccccc1OC(F)F.Cl,-4.428102,1.4937077,3.0611846,0.851868,-5.174956,0.0105034033204882,1373767.6,14410.82161224682,2.0454061574177107,0.8467019245065485
Z433864772,Z433864772,CC(C)CNC(=O)CN1CCSCC1,-3.4860675,0.43500814,3.0611196,0.29163915,-3.7035716,0.0167146973025534,1365144.15,15337.329612011994,2.1701681596566367,0.7545200445796425
Z423190238,Z423190238,O=C(COCC(F)(F)F)Nc1nccs1,-3.0190005,0.9654986,3.0611157,1.1318586,-3.5017498,0.0426839053552777,1329089.8,64325.73171258917,2.3475447510740857,0.8703089555311057
Z33476364,Z33476364,O=C(NCC(F)(F)F)c1cnccn1,-2.9405744,0.9542351,3.0604663,0.95621777,-3.417692,0.0460146216732091,1324465.6,72586.6438288753,2.2235866585666315,0.77526808949559
Z1416181963,Z1416181963,NCc1cnc(Br)cn1,-2.6864939,1.6070509,3.060451,1.0222011,-3.4900193,0.1065090215003421,1240478.2,171355.3383056974,2.75957816107171,0.7050171722239243
Z52401946,Z52401946,C#CCNC(=O)c1cc(Br)c(Br)s1,-2.7828603,0.8742384,3.0603306,0.7171561,-3.2199795,0.0550189433500198,1311964.45,90253.050344282,2.795684585173662,0.8332541295270678
Z56989685,Z56989685,Cc1cc(C)c(NC(=O)CN)c(C)c1.Cl,-4.3465433,1.4956594,3.0603218,1.046606,-5.0943727,0.0132444988655597,1369962.0,17510.043543635176,2.0182744143504756,0.8129369122174672
Z26968809,Z26968809,COc1cc(NC(=O)C(C)C)c(OC)cc1Cl,-2.9407296,0.29777688,3.0602303,0.2618952,-3.089618,0.0301359887636403,1346510.7,24784.730035043754,1.777761966455941,0.9021666404999286
Z56860289,Z56860289,COc1ccc(NC(=O)CC#N)cc1,-3.8326511,0.66376144,3.060065,0.9740183,-4.1645317,0.0120848849353549,1371571.95,10867.926925016563,1.6937291064021984,0.7859903477097536
Z104757974,Z104757974,CNC(=O)Nc1ccc(OC)cc1,-4.449665,1.0317261,3.060021,1.2379308,-4.965528,0.008103684229481,1377099.25,12622.761848640732,1.440943596162672,0.7232240148053796
Z235342979,Z235342979,COc1ccc(C#CCNC(=O)OC(C)(C)C)cc1,-3.429278,0.71217763,3.059983,0.5161732,-3.7853668,0.0234354449526417,1355813.4,31688.715168652703,2.122872020447595,0.8322971177848478
Z1201621502,Z1201621502,CC(C)(C)OC(=O)Nc1ccsc1,-3.0777156,0.95686775,3.059797,1.1135942,-3.5561495,0.0367024165376166,1337394.2,43240.900821560135,2.1644542555033315,0.7543487073094891
Z90525536,Z90525536,CCOCCCNCc1ccc(Br)s1,-2.8419604,0.53598297,3.0597858,0.3547818,-3.109952,0.0371703100803111,1336744.6,34121.737342052205,2.2102271241536755,0.7740398930882041
Z102766826,Z102766826,CCN(CC)c1ccc(CNC)cc1,-3.387347,1.0535514,3.0597644,1.2087647,-3.9141226,0.0313881586055388,1344772.25,48628.627961186605,1.8176521833252721,0.7694798294268658
Z1267773749,Z1267773749,COc1cccc(CN)c1OC(F)F.Cl,-4.3475657,1.5151664,3.0596073,0.8473165,-5.105149,0.0129321136601001,1370395.7,16512.79864862404,2.229662112886757,0.8759725131226959
Z1192365785,Z1192365785,CCOC(=O)c1ncsc1NC,-3.3531594,1.2747403,3.0593946,1.1650097,-3.9905295,0.0415638347678898,1330644.85,71112.50551574946,2.54282827469455,0.724056716304019
Z1862017467,Z1862017467,COc1cc(C=O)c(Br)cc1Br,-3.3074188,0.6188633,3.0592916,0.7831657,-3.6168504,0.0230981020636006,1356281.75,24008.55004133944,2.3010319460232225,0.7836568727406436
Z3325760561,Z3325760561,COc1cc(OC(F)(F)F)c(Br)cc1C=O,-3.079844,0.82573205,3.0591533,0.5473841,-3.49271,0.0399906723808838,1332828.95,59012.27821519434,2.4124462775461346,0.8042171032908307
Z30272272,Z30272272,CCOc1cc(C(=O)NC)cc(OCC)c1OCC,-3.0647216,1.1980542,3.0590625,1.2650123,-3.6637487,0.0456099686678431,1325027.4,51913.61474834901,1.914093322222742,0.822843343153279
Z425795634,Z425795634,CCOc1ccccc1OCCO,-4.2741137,0.46721548,3.0587876,0.4492838,-4.5077214,0.006919040587748,1378743.95,6143.067503088339,1.5197079412770194,0.7487662766935902
Z1272134016,Z1272134016,CCOCCCNc1cncc(Br)c1,-2.6519132,0.7804161,3.0585144,0.7270597,-3.0421212,0.0536841214391184,1313817.65,52873.33164580703,2.213446354922908,0.7973589363070149
Z141045358,Z141045358,CCOc1ccc(Br)cc1CN1CCN(C)CC1,-2.959638,0.33870244,3.058288,0.3220865,-3.1289892,0.0294726473871862,1347431.65,20498.6878196508,1.8533348830054877,0.8496854160933367
Z1238836374,Z1238836374,C=C(C)c1ccc(OC)c(OC)c1,-3.0154605,1.3939024,3.0581899,1.5826356,-3.7124116,0.0620066265711095,1302263.1,99316.20880042692,1.7157637060527833,0.7081315785375945
Z1999727006,Z1999727006,C=C(Br)CNC(=O)NCCCSCC,-3.213076,0.72733575,3.0580838,0.39935404,-3.576744,0.0306572910289192,1345786.95,37653.25153087712,2.710883824558536,0.7032204883919548
Z1617995278,Z1617995278,COc1ccc(Cl)c(OC)c1B(O)O,-3.9794223,0.5344536,3.05798,0.5019069,-4.2466493,0.0101170454136204,1374304.0,10457.96670964294,2.652346697958251,0.7004697725801614
Z9421989113,Z9421989113,CCNC(C)c1ccc(C#N)cc1.Cl,-3.9963176,1.7911245,3.0579104,0.8695679,-4.89188,0.0205463679907804,1359824.45,26726.84816149297,2.4386410370688765,0.8328741765743143
Z446565972,Z446565972,O=C(NC1CCC(O)CC1)N1CCCCCC1,-4.20621,1.2086328,3.0578117,0.74521536,-4.8105264,0.0151224114956602,1367354.8,24524.72708838979,2.025790914650603,0.7349559549712114
Z52404484,Z52404484,C#CCNC(=O)c1ccc(OC)c(OC)c1,-3.724104,1.0995724,3.0577908,1.3092767,-4.27389,0.0239391363849172,1355114.1,39564.04521140375,1.857037636187492,0.7703528416103997
Z3235037644,Z3235037644,Cl.Cl.NCc1cc(C(F)(F)F)ccn1,-5.215217,2.3003333,3.0576391,0.8714422,-6.3653836,0.0086911801779089,1376283.6,14935.46186898818,2.523868368497567,0.8294358359940727
Z30885853,Z30885853,COc1cc(NC(=O)C(C)C)cc(OC)c1,-3.6897323,0.44413897,3.057622,0.5454141,-3.9118018,0.0131904418914537,1370037.05,11519.63924120456,1.6973720889440393,0.8515537044132071
Z4607559033,Z4607559033,COc1cc(CCN)cc(OC)c1Br.Cl,-4.3104043,1.5099689,3.0575852,0.84810907,-5.0653887,0.0126776749378759,1370748.95,16684.616526833935,2.183096432413384,0.9276745802310552
Z26283147,Z26283147,NC(=O)COc1ccc(F)c(F)c1,-3.176608,1.0099245,3.0572462,0.81087655,-3.6815703,0.034302841502503,1340725.65,43072.58066946419,1.7288423873714631,0.7614001627924143
Z409422534,Z409422534,N#Cc1ccc(OCCCN2CCSCC2)cc1,-3.3877857,0.5022374,3.0571318,0.510165,-3.6389043,0.0205820578384413,1359774.9,21913.23681225574,2.111246775774209,0.7633789398510195
Z53834334,Z53834334,COc1ccc(Br)cc1C=O,-3.4889226,0.42417702,3.0569696,0.4442538,-3.7010112,0.0162949184283501,1365726.95,13961.714112081654,1.828217259374151,0.7069899080208195
Z45306833,Z45306833,NC(=O)CSCCOc1ccc(Br)cc1,-3.043963,0.48238665,3.0568786,0.58754855,-3.2851562,0.0283186516368351,1349033.8,24413.58970245876,1.9787682836390807,0.8157556206218043
Z1079442692,Z1079442692,COc1ccc(Br)c(C=O)c1,-3.4041915,0.66496927,3.0568018,0.7209035,-3.7366762,0.020613714121079,1359730.95,24050.34870324129,1.9633787978356896,0.7069899080208195
Z3326002334,Z3326002334,COc1cc(C=O)cc(OC(F)F)c1OC,-3.1459224,0.42796913,3.0563176,0.7034244,-3.359907,0.0242165160082111,1354729.0,19084.90570319906,2.1543370263322306,0.7292053237490901
Z85935506,Z85935506,OCc1cc(Cl)c2c(c1)OCCO2,-4.7614126,0.9339532,3.0562224,0.7223831,-5.2283893,0.0047806388878884,1381712.8,5274.848733376153,2.1773815379506143,0.74867582369925
Z33594970,Z33594970,COCC(=O)Nc1cc(OC)c(OC)cc1C,-3.4355063,0.59510267,3.0561872,0.59225,-3.7330577,0.0181755321064572,1363116.0,13508.80412175704,1.6859692574258407,0.8474922489941017
Z184827800,Z184827800,Cc1nc(CSCC(=O)N(C)C)cs1,-2.1977081,0.9416616,3.0561564,1.1390809,-2.668539,0.1031326034501386,1245165.85,145009.24069530016,2.398609330631409,0.7901743576649619
Z1199260198,Z1199260198,CC(Nc1cnccn1)C(=O)NC(C)(C)C,-2.3840399,0.44995403,3.0558953,0.6968427,-2.609017,0.0601980768538192,1304774.0,43919.54897764776,2.792892333387547,0.8058793007020436
Z85921031,Z85921031,COc1ccc(CC(=O)O)c(OC)c1,-4.303857,0.7845846,3.0558374,0.7597006,-4.6961493,0.0068133755897288,1378890.65,4271.93372227379,1.6255093306314095,0.7888427869445112
Z280446560,Z280446560,COCC(=O)Nc1cc(OC)c(OC)cc1Cl,-3.1069283,0.5389861,3.0557168,0.54481095,-3.3764215,0.0257915511218352,1352542.3,16982.31929419536,1.7304816320077805,0.8780507772332513
Z441112396,Z441112396,COC(=O)c1cccc(OCC(F)(F)F)c1,-3.7697806,0.49670896,3.055475,0.6969213,-4.018135,0.0107600028811177,1373411.35,4774.268156220385,1.804306257101464,0.7531960634266854
Z104378212,Z104378212,Cl.c1csc(CCNCc2cccs2)c1,-3.1138098,1.0699478,3.0553646,0.6935661,-3.6487837,0.0326975546512046,1342954.35,26443.373705476766,2.1834955517198384,0.8099711207679198
Z29693707,Z29693707,CC(C)C(=O)NCc1cccs1,-2.9277272,1.2118471,3.0552764,1.1378977,-3.5336509,0.0645581085461158,1298720.75,106489.12845397647,1.899942960009236,0.7628434595123458
Z2218249029,Z2218249029,CNS(=O)(=O)c1sccc1F,-2.7383933,1.5840479,3.0550454,1.0854627,-3.5304172,0.1283633809918248,1210136.7,285717.1925007489,2.844155243459033,0.7581721866335123
Z1101772572,Z1101772572,O=C(NC1CCSCC1)c1cscn1,-3.2168186,1.1719915,3.054784,1.0338886,-3.8028142,0.048903842690964,1320454.35,90940.47627007184,2.691770266742795,0.8385226339260099
Z352249328,Z352249328,Cn1cc(CN2CCCNCC2)cn1,-3.1337726,1.3661437,3.0547054,0.82131565,-3.8168445,0.0567019843699354,1309627.8,99846.89457143872,2.250814169181819,0.7306544159003724
Z30272379,Z30272379,CCOc1ccc(C(=O)NC)cc1OCC,-3.4270444,0.8572271,3.0547042,1.0253837,-3.855658,0.0228556199805525,1356618.4,20094.492860980597,1.6108907830406416,0.8282078637352109
Z4322064887,Z4322064887,COc1cccc(CCN)c1OC.Cl,-4.6400833,1.7237513,3.0543177,0.7471077,-5.501959,0.011389275038715,1372537.7,17459.364352976885,1.919593267604819,0.8339680394586447
Z183313024,Z183313024,COc1ccc(CNC(=O)N2CCCCCC2)cc1OC,-3.2780964,0.75123,3.0541942,1.0194141,-3.6537113,0.0257687542766593,1352573.95,24738.560733144925,1.7315582358167845,0.9280960648401615
Z425810940,Z425810940,CCNC1CCCOc2ccccc21,-3.692178,1.9239038,3.054057,1.642909,-4.65413,0.0696999675874239,1291582.05,154442.9926055161,2.421632812333824,0.7751812072226184
Z1416170238,Z1416170238,COc1c(F)cc(Br)cc1C=O,-3.1553478,0.3905582,3.0538409,0.72559243,-3.350627,0.0236662224943278,1355493.0,22080.7535944768,2.2947535806386075,0.7328496562776458
Z1269192865,Z1269192865,COc1cc(Cl)c(C=O)c(OC)c1,-2.6834378,0.5891869,3.0537522,0.84379506,-2.9780312,0.0451690495912413,1325639.55,37714.14487625962,2.0915087609978364,0.7019313578615144
Z184826150,Z184826150,CN(C)C(=O)CSCc1ccc(Cl)s1,-2.225381,0.7338132,3.0535054,1.0960039,-2.5922875,0.0836455504735838,1272220.7,84143.3606002874,2.3963320026961856,0.8179906669558389
Z1450923175,Z1450923175,O=C(O)c1cc(Br)cc2c1OCCO2,-5.2292457,1.2316736,3.0534115,0.68120766,-5.8450823,0.0034119638419707,1383613.0,4402.371383697655,2.255989461431783,0.8365497705191047
Z2335774813,Z2335774813,CN(C)CCc1ccc(Br)cc1.Cl,-4.225153,1.7806561,3.053128,0.80849546,-5.115481,0.0160159541902258,1366114.25,18107.329921540066,1.7758528721807707,0.8112322237503219
Z959368376,Z959368376,Cc1nn(CC(F)(F)F)c(C)c1Br,-1.4939766,1.0129173,3.0530057,1.3273637,-2.0004354,0.197899232902366,1113596.6,161733.75697435584,2.502151638120715,0.7559057715410995
Z53836602,Z53836602,CCOC(=O)c1ccc(OC)c(OC)c1,-3.8852952,0.48301536,3.0529852,0.6423735,-4.126803,0.0096940612957827,1374891.25,6208.749172538701,1.403294469648193,0.7116150035305107
Z1763156016,Z1763156016,CN(CCN)c1cccc(Br)c1C#N,-2.3840592,0.89436567,3.052957,0.452662,-2.831242,0.0850362300572622,1270289.95,117562.22445772067,2.659547387311571,0.8929358288881684
Z384973218,Z384973218,NC1CCCOc2c1ccc(Cl)c2Cl,-3.0013015,0.6605102,3.052948,0.8224534,-3.3315566,0.0313041380055462,1344888.9,22220.235403568524,2.9007398696292483,0.7450781834557914
Z1366578017,Z1366578017,COCCN(C)C(C)Cc1cccs1,-1.9815419,1.2282321,3.0528278,1.1174955,-2.5956578,0.1580612957827636,1168905.6,232038.08487151412,2.7268996329428585,0.7184605766252299
Z1509342678,Z1509342678,CC(C)NCCN(C)C(=O)OC(C)(C)C,-3.4642425,0.95926976,3.0527039,0.852932,-3.9438772,0.027495012064681,1350177.3,35469.04270783185,2.223576438641974,0.7794900807448201
Z1517964619,Z1517964619,CCOCCC(=O)NC1(C#N)CCSCC1,-3.194732,0.5543613,3.0526893,0.21822917,-3.4719126,0.0251953397918391,1353370.05,24756.638664154307,2.8771053984252557,0.7385395859421592
Z18535510,Z18535510,CCOC(=O)CSCC(=O)Nc1sccc1C#N,-2.6249912,0.51543427,3.0525973,0.49948192,-2.8827083,0.048532322541146,1320970.15,42326.31694853097,2.3382065029149928,0.8064824228465544
Z32016756,Z32016756,CNC(=O)c1cc(Cl)ccc1OC,-3.1256332,1.3383707,3.052466,1.0963306,-3.7948186,0.0670819317895342,1295216.8,142798.96453322063,1.5673804093494859,0.7877197275814647
Z51312064,Z51312064,COc1ccc(SCC(N)=O)cc1,-3.2119853,0.94922286,3.052257,0.70207727,-3.6865969,0.0332711852198653,1342157.95,50535.56222055415,1.6796820577011324,0.7394829245654679
Z1117899489,Z1117899489,COc1ccc(Br)c2c1CCNC2,-3.2418265,0.9187955,3.0520241,0.92367643,-3.7012243,0.0282913530449815,1349071.7,29189.70171841432,2.4667698955389703,0.8137901780347547
Z1506114718,Z1506114718,CCN(C(=O)CCOC)c1ccc(C#N)cc1,-2.9520116,0.4530884,3.051867,0.6061012,-3.1785557,0.03227586703641,1343539.8,32437.97379245504,2.108610935359378,0.7792560265619417
Z5197774317,Z5197774317,Cl.NCc1ccc(C(F)(F)F)cc1F,-4.611341,1.6939852,3.0518205,1.1854138,-5.4583335,0.0129296647099074,1370399.1,19595.00901479762,2.1969768494284025,0.7365681021431074
Z799941672,Z799941672,C=CC(=O)NCc1cc(OC)c(OC)c(OC)c1,-3.4375412,0.61139184,3.0518193,0.7890688,-3.7432373,0.0190274426477473,1361933.25,16931.546559233742,1.9780634636685246,0.7786515149876317
Z1946422567,Z1946422567,C[C@H](O)COc1ccc(C#N)cc1F,-3.687725,0.5938652,3.0516372,0.5136107,-3.9846578,0.0144731515828141,1368256.2,15323.699835875146,2.5509330493240476,0.793825422551608
Z367680110,Z367680110,COc1ccc(N2CCCNC(=O)C2)cc1,-3.8335278,0.94797444,3.0513954,0.65667933,-4.307515,0.0149143947851765,1367643.6,14199.867271914902,1.9052404485924797,0.8087895244117751
Z56837101,Z56837101,COc1ccc(NC(=O)CC#N)cc1OC,-3.7436485,0.6569306,3.051319,0.8330295,-4.072114,0.0136379875391652,1369415.7,14430.852106164764,1.8090481256979825,0.8352580908887081
Z435663470,Z435663470,CCNC(=O)NCC#Cc1cccc(C(F)(F)F)c1,-3.1457977,1.0682703,3.0510933,0.9340203,-3.6799328,0.0465655994525876,1323700.65,86333.01383901467,2.3697196535836884,0.795882967995396
Z1119698160,Z1119698160,CN(CC(F)F)c1ccc(C#N)cn1,-2.8242202,0.56792426,3.0510564,0.9877276,-3.1081824,0.0413454820470342,1330948.0,54341.81467525721,2.7292591282022602,0.7392691992123611
Z432734158,Z432734158,Brc1cc(CN2CCOCC2)cs1,-2.9504616,0.67156845,3.0506124,0.73912096,-3.2862458,0.0337003997551049,1341562.05,25299.374888473038,2.2120437985918215,0.8107697851172846
Z1609267229,Z1609267229,COc1cccnc1NC1CCN(C)CC1,-3.2251935,0.55868095,3.050268,0.9923747,-3.504534,0.023693232974394,1355455.5,18911.327508929666,2.0999896124720774,0.8408935211519103
Z440634562,Z440634562,C=CC(=O)Nc1ccc(OCC)c(OC)c1,-3.810105,0.98110354,3.0502393,1.0793653,-4.300657,0.0158310944646523,1366370.9,18080.85974974641,1.7972537201035763,0.7753756694118225
Z1127188372,Z1127188372,CCCCS(=O)(=O)N1CCCN(CC)CC1,-3.0092947,0.77465403,3.0501883,0.68557656,-3.3966217,0.0384056974105952,1335029.45,54177.98431879411,2.0509530208028774,0.7324817272953729
Z403711540,Z403711540,CC(Cn1ccnc1)NC(=O)c1ccco1,-2.7936816,0.8472796,3.0499692,0.7160483,-3.2173214,0.0490982821334678,1320184.4,74208.22302979637,2.696866596434914,0.8425601464084559
Z2082999810,Z2082999810,COc1cccc(OC(F)(F)F)c1CN.Cl,-3.7618988,1.0801755,3.0498557,0.7353908,-4.3019867,0.0163907516116253,1365593.9,14929.45743454865,2.320319582290171,0.9047275602961489
Z382714204,Z382714204,O=C(O)c1cc2c(cc1Br)OCCO2,-5.218487,1.1844591,3.0497637,0.5542971,-5.810716,0.0033406201606223,1383712.05,4058.387567433648,2.109074668532374,0.8365497705191047
Z190661746,Z190661746,COc1cc(OC)nc(NC(N)=O)n1,-3.9704444,0.68097866,3.0496345,0.39141664,-4.3109336,0.0129409730975619,1370383.4,20804.08453020704,2.3954064966233126,0.7107601896202754
Z432794966,Z432794966,COCCNC(=O)CN1CCCCCCC1=O,-3.5461776,1.3522927,3.049481,1.0966729,-4.222324,0.0475740267223682,1322300.6,108182.83241087748,1.965375235686711,0.7159072136248953
Z787528374,Z787528374,CON(C)C(=O)CNc1ccc(C#N)cc1,-3.4522545,0.75212693,3.049393,0.6430676,-3.828318,0.0218853675225988,1357965.45,27153.199630015984,2.230603720103577,0.7667945637210577
Z3217400190,Z3217400190,COc1ccc2c(c1)CN(C(=O)CCl)CCO2,-3.5339508,0.7535347,3.04919,0.7258897,-3.9107182,0.019534123239817,1361229.8,23934.48425932759,2.128194466455941,0.7547100329537025
Z32448402,Z32448402,COCC(=O)Nc1ccc(OC)nc1,-3.7455578,1.1884879,3.0481582,1.0426025,-4.339802,0.0260688587171822,1352157.3,48326.585473318926,1.8480036626152163,0.768639867344954
Z2235409236,Z2235409236,COC(=O)C(N)c1ccc(OC)cc1.Cl,-4.593587,1.5403485,3.0480733,0.77708995,-5.363761,0.0102435625022507,1374128.35,15239.08060965293,2.3559060122084823,0.7967522690336353
Z44300010,Z44300010,COc1cc(C=C(C#N)C#N)cc(OC)c1OC,-2.806983,0.393032,3.0477438,0.75676966,-3.003499,0.0354349047430403,1339153.95,23772.159008964663,2.337037717985634,0.7582923926345889
Z763655886,Z763655886,O=C(O)CCNC(=O)N1CCCCC1,-4.14719,1.0715762,3.0477433,0.9140225,-4.682978,0.0130228328591494,1370269.75,16122.989793692112,1.7931409407217238,0.7026110618680054
Z31386164,Z31386164,COc1ccc(C(=O)NC(C)C)cc1OC,-3.7918212,1.031654,3.0474937,1.0474496,-4.307648,0.019470666618648,1361317.9,30509.68627813141,1.483439351913626,0.846879293901637
Z384973072,Z384973072,CCOc1ccc2c(c1)C(=O)CCO2,-3.5129185,0.84163254,3.0474505,0.8866236,-3.9337347,0.0201535275686965,1360369.85,22176.066953531237,1.9831952010767555,0.7189703803953333
Z1848954486,Z1848954486,N#Cc1csc(CNc2cnccn2)c1,-2.3154168,0.60443896,3.0470374,0.61452025,-2.6176362,0.0696150466380955,1291699.95,55792.491100035135,2.6295733285941267,0.8522152240960392
Z409906374,Z409906374,Cc1cc(NC(=O)N2CCCCCC2)ccc1Br,-3.17382,0.6196929,3.0468364,0.8216413,-3.4836664,0.025795368603018,1352537.0,21985.95591508361,1.7949964214670278,0.8294179582331695
Z1262254401,Z1262254401,COc1cc(C)cc2c1OCCC2N.Cl,-4.448984,1.5586405,3.0463982,0.9065981,-5.2283044,0.0111856880469621,1372820.35,15004.626960624511,2.9525081128001993,0.8032191381081196
Z6598628161,Z6598628161,COc1cccc2c1CN(C(=O)CCl)CCO2,-3.5183468,1.0363727,3.0463738,1.2489184,-4.0365334,0.0231556884071019,1356201.8,25494.33150839613,2.2964108126097873,0.7547100329537025
Z56939283,Z56939283,COC(=O)c1cc(CN)ccc1OC.Cl,-4.710349,1.3871398,3.0463738,1.0218209,-5.403919,0.0104060575503295,1373902.75,18920.13176453853,1.870031343655988,0.7984222338201742
Z594038162,Z594038162,Cl.NCCOCCOc1ccccc1,-4.822417,1.9770625,3.04591,0.8304113,-5.810948,0.0112181726509885,1372775.25,18430.636255634257,1.8042995206033812,0.7342921169541401
Z1491233439,Z1491233439,CCS(=O)(=O)N1CCC(CN)CC1.Cl,-4.5415726,1.3215109,3.0458522,0.9015798,-5.202328,0.0103291677170742,1374009.5,15529.48467754162,2.389922893384446,0.780811576469379
Z29693438,Z29693438,CSCCC(=O)NCc1cccs1,-2.4776165,0.9059646,3.0457273,1.1059206,-2.9305987,0.073953722044153,1285676.35,94799.16567949056,2.0734979620670373,0.8148697192936566
Z409363706,Z409363706,CCCNCc1cc(OC)ccc1OC(F)F,-3.0754056,0.637724,3.045359,0.45040107,-3.3942676,0.0315742428062089,1344513.9,28973.41636552376,1.961606025375744,0.7491920392997102
Z2065803366,Z2065803366,CN(C)S(=O)(=O)CCn1ccsc1=O,-2.3716478,0.81494343,3.0452814,1.0334625,-2.7791195,0.0713242338027154,1289327.0,61620.78804672982,2.9446502322617842,0.7272454092770434
Z27710991,Z27710991,CCC(C)NC(=O)c1cc(OC)c(OC)cc1OC,-3.2551785,0.3808933,3.0452356,0.72951967,-3.445625,0.0198429070479345,1360801.1,11632.126189566548,2.1945131004167244,0.8584687572816644
Z16107941,Z16107941,Cc1cc(Br)cc(Cl)c1OCC(N)=O,-3.0629158,0.5860227,3.0450952,0.4816919,-3.3559272,0.0306145784564411,1345846.25,33031.326889598306,2.087176635588188,0.9219733340463278
Z2379478169,Z2379478169,COc1cc(CNC(=O)CCl)sn1,-3.1849504,0.72425747,3.0450263,0.6219695,-3.547079,0.0268922461915224,1351014.15,25866.18822763609,2.894047442316518,0.7709157572460854
Z52404343,Z52404343,C#CCNC(=O)c1ccc(Br)s1,-2.9596937,1.0298073,3.0449889,1.2358414,-3.4745975,0.0454470774660568,1325253.55,54182.54227929417,2.5098450579113347,0.7904093222434626
Z103718930,Z103718930,CCN(CC)CCOc1ccc(C#N)cc1,-3.3315353,0.65945446,3.0447855,0.616702,-3.6612625,0.0241013793351819,1354888.85,23773.02809125291,1.8558961676560255,0.7346102224977514
Z756475456,Z756475456,O=C(NCC1CCCO1)OCC(F)(F)F,-4.3483896,0.65989137,3.0446901,0.57512635,-4.678335,0.0062430583066229,1379682.45,4568.250118754445,2.7368725874718685,0.7934120976702608
Z1517562503,Z1517562503,c1csc(CSC2CCOCC2)n1,-2.4774752,0.9179729,3.0436974,0.9243562,-2.9364617,0.0665149638059567,1296003.95,54972.76816158615,2.813476436399359,0.7733715884628627
Z716173210,Z716173210,CN(CCC(=O)O)c1ccc(C#N)cc1,-3.587574,0.5765228,3.0436683,0.38870606,-3.8758354,0.0162211978247559,1365829.3,19706.83911767689,2.0202790850328096,0.8061281691498863
Z1086484062,Z1086484062,CNC(=O)CN(C)C(=O)OC(C)(C)C,-3.5616436,1.0171275,3.043628,0.7511988,-4.0702076,0.027255195015666,1350510.25,43524.77110781285,2.1273069593185117,0.7129717533406849
Z2596887690,Z2596887690,COc1cncc(NC(=O)CCl)n1,-3.177519,0.7973769,3.0435393,0.71477866,-3.5762076,0.0296694997659091,1347158.35,32515.70615298859,2.463801288470366,0.7302460702975284
Z1255452887,Z1255452887,COc1cccc(OC)c1CC(=O)O,-4.2898326,0.6909088,3.043403,0.7217612,-4.635287,0.006978643713761,1378661.2,6110.833352334197,1.7757619622103569,0.7888427869445112
Z1203133412,Z1203133412,COc1cc(S(=O)(=O)Cl)ccc1F,-3.012445,1.1041739,3.043122,1.3454318,-3.5645318,0.0443235855511937,1326813.35,53707.03005778201,1.9313940486513594,0.7193735000927571
Z2865844689,Z2865844689,Cl.Cn1cc(Br)c(N)cc1=O,-4.416165,1.9714293,3.0430295,1.0440627,-5.4018793,0.0133229372996721,1369853.1,16528.260373977653,2.963041361938254,0.7382814582759025
Z9269851478,Z9269851478,Cc1nccc(N(C)CC(F)F)n1.O=C(O)C(F)(F)F,-3.3094597,1.3782899,3.0427299,1.1119692,-3.9986048,0.0423109086325494,1329607.65,67504.5407074776,2.7788490261606675,0.8662695790003019
Z1862915008,Z1862915008,CCN(CC)CC(=O)N1CCSC(C)CC1,-3.1425278,0.41099966,3.0426772,0.35424322,-3.3480277,0.0256946735333308,1352676.8,26323.26634671313,2.952083364449509,0.7516066547979576
Z169465986,Z169465986,CC(c1cccs1)N(C)CC(N)=O,-2.4312139,0.6015588,3.0421958,0.5966415,-2.7319932,0.0603462023265025,1304568.35,49901.13073796525,2.7466830407084046,0.7905271645856736
Z410516668,Z410516668,Cc1cnc(NC(=O)N2CCCC2)s1,-3.243538,0.9908321,3.0420632,0.88495064,-3.738954,0.0354338963517844,1339155.35,52219.83866527644,2.117765970307522,0.7726149030634006
Z30271924,Z30271924,CNC(=O)C(C)Oc1ccc(C#N)cc1,-3.4925408,0.91751355,3.0420086,0.44539195,-3.9512975,0.0259812007058738,1352279.0,34965.86523167988,2.3332301859709297,0.8006602575152272
Z62734485,Z62734485,COc1ccc(CC(N)=O)c(OC)c1,-3.566915,0.67007184,3.0418706,0.5870631,-3.9019508,0.017923650376346,1363465.7,24338.63685809047,1.720585039133434,0.7700224744720334
Z1509590655,Z1509590655,C#CC(=O)NCc1ccc(OC)c(OC)c1,-3.5846882,0.88937956,3.0417538,0.8639998,-4.029378,0.0202693124932472,1360209.1,26077.51946965048,2.110123300523158,0.7669630326600081
Z1245807421,Z1245807421,N#CCNC(=O)CSCc1ccco1,-3.1801076,0.46369374,3.041674,0.7180494,-3.4119544,0.0228124752403932,1356678.3,12845.135893014134,2.4365944318459842,0.740284126089799
Z2733346657,Z2733346657,Cl.O=C(O)CCN1CCC(F)C1,-5.5148287,2.1710145,3.0415423,0.7282778,-6.600336,0.0073834047610472,1378099.25,14257.954239213284,2.8790158482080894,0.7319211572485568
Z104510670,Z104510670,COc1cc(OC)c(C(C)=O)cc1C(C)=O,-3.2382622,0.7693278,3.0414596,0.6858394,-3.622926,0.027578960636727,1350060.75,29692.602379843705,1.8923682555681118,0.7319635213744283
Z808607072,Z808607072,Brc1ccc(N2CCCCC2)nc1,-2.6446927,0.7669278,3.041372,0.5913704,-3.0281565,0.0525582526020095,1315380.75,52691.7136178688,1.8298025030452632,0.7510749317263502
Z3774876962,Z3774876962,N#Cc1ccc(CNC(=O)CCl)s1,-2.903232,0.5451099,3.0412192,0.6341957,-3.175787,0.0344899340944286,1340465.9,30749.66453296686,2.5598166730857486,0.7752869622728957
Z102795596,Z102795596,c1coc(CNCCCN2CCCCC2)c1,-3.2912421,0.4060234,3.0411098,0.67035395,-3.4942539,0.0196067634242086,1361128.95,11656.758325001852,1.9235311676560247,0.7482882861837338
Z394004422,Z394004422,CN(CC(F)(F)F)C(=O)c1ccoc1,-2.8005776,0.56967705,3.040897,0.7207881,-3.085416,0.0381489537940721,1335385.9,27584.75185478383,2.5432652010767534,0.7417306562641581
Z1568423258,Z1568423258,O=C1CCN(Cc2csnn2)CCN1,-2.9389074,1.4335909,3.0406346,1.135885,-3.6557028,0.0864798141678971,1268285.75,173714.8718365457,2.751744375560806,0.7410457383310776
Z8808672232,Z8808672232,COc1cc(C=O)c(Br)c(O)c1OC,-3.7992122,0.7235652,3.0405495,0.29622474,-4.160995,0.0157281305146396,1366513.85,22269.993480634428,2.4879965940081465,0.8450871697961431
Z33545995,Z33545995,CCOc1cc(C(N)=O)ccc1OC,-3.3988369,0.5366304,3.0404515,0.76558286,-3.667152,0.0181569128821982,1363141.85,12342.853212588248,1.521120261805498,0.7845751299899891
Z1230587902,Z1230587902,CCN(CC)C(=O)C(C)NC(=O)NC(C)COC,-3.3247197,0.7220125,3.0403743,0.56850564,-3.685726,0.0264544243166348,1351622.0,29587.570011746488,2.9701512385824778,0.7022548479187765
Z5590138558,Z5590138558,CCCOc1ccc(CNC)cc1.Cl,-4.573941,1.4292405,3.0403202,0.84791964,-5.2885613,0.0096780710915835,1374913.45,13886.336491224023,1.6938073063399113,0.8156045681820776
Z874090894,Z874090894,CC(C)N(C)CCCCNC(=O)C(C)(C)C,-3.170315,0.46036878,3.0401661,0.6430332,-3.4004993,0.0243995030071668,1354474.95,23124.77179233343,2.2090066366991756,0.7073412558039921
Z56153440,Z56153440,CCS(=O)(=O)NCc1cccs1,-2.5207953,1.0093734,3.0401287,0.9393325,-3.0254822,0.0727224763208125,1287385.75,82464.6650674548,2.1931793236456,0.8021834836876199
Z412800822,Z412800822,C#Cc1cccc(NC(=O)N2CCCCCC2)c1,-3.5699623,0.806653,3.039996,0.9219519,-3.9732888,0.0191584614830553,1361751.35,22894.4885753646,1.9739095088321523,0.7540765859405523
Z2738282362,Z2738282362,C=CC(=O)Nc1cncc(OC)c1,-3.3659148,0.67271924,3.039699,0.65247697,-3.7022743,0.020900241293622,1359333.15,18559.556646846388,2.2063320577011325,0.707691383755276
Z1203863640,Z1203863640,CCCN(CCC)CCNC(=O)OC(C)(C)C,-2.949449,0.9537801,3.0393121,0.46213317,-3.4263391,0.0493214247127884,1319874.6,68483.08195269835,2.099091197225171,0.7482726035725364
Z4605712956,Z4605712956,CNCCn1cncc1C(=O)OC.Cl.Cl,-4.9439516,1.8469399,3.0392604,0.79327613,-5.8674216,0.0081185940144775,1377078.55,12870.347875931717,2.8946995155650512,0.8068423745251747
Z1203159531,Z1203159531,COc1cc(Cl)cc(C=O)c1OC,-2.6600223,0.81600714,3.0389946,1.1611066,-3.0680258,0.0545945186732452,1312553.7,63401.48756070318,2.0081628269319047,0.7019313578615144
Z1016873732,Z1016873732,CC(C)(C)CNC(=O)NC1CCSCC1,-3.6361718,0.6384933,3.0389702,0.33526072,-3.9554186,0.0155181330356178,1366805.4,15103.99744570953,2.552663700417426,0.7635419988060579
Z2310677274,Z2310677274,Cl.Cl.c1ccc(CN2CCCNCCC2)cc1,-5.367468,1.8894118,3.0389485,0.9501748,-6.312174,0.007527460654734,1377899.25,14490.722531588965,1.9287965327407193,0.8938435422222888
Z87654571,Z87654571,C#CCNC(=O)c1ccc(OC)c(F)c1,-3.60253,1.4230186,3.0389323,1.4414909,-4.314039,0.0430793027694744,1328540.85,89282.2782232146,1.977629554075964,0.7561005688924958
Z1272198642,Z1272198642,COCCCCNc1cncc(Br)c1,-2.4851933,0.79696876,3.0388112,0.71134007,-2.8836777,0.0654478697734721,1297485.45,65919.76315224062,2.1499894318459845,0.7973589363070149
Z1230720612,Z1230720612,N#Cc1cc(Br)ccc1N1CCNC(=O)C1,-2.4889233,0.72902673,3.0378232,0.7115087,-2.8534367,0.0662956387078186,1296308.45,80429.35576732851,2.419853090732948,0.8421343427354101
Z87539849,Z87539849,CNC(=O)c1ccc(OC)c(F)c1,-3.9359164,1.4025486,3.0378232,1.2769419,-4.637191,0.0283957215399575,1348926.8,58873.82672512464,1.5591043653934413,0.747561299626318
Z3024768222,Z3024768222,C=CC(=O)NCc1nc(OC)cc(OC)n1,-3.327994,0.51717925,3.0376925,0.72882074,-3.5865836,0.0203226852018583,1360135.0,18072.346897954343,2.620001622201478,0.7264382549009414
Z5002975466,Z5002975466,COc1ccc(NC(=O)C(F)Cl)cc1OC,-3.708669,0.553154,3.037547,0.75084835,-3.985246,0.0135027190549933,1369603.5,13613.994838033395,2.39672811156286,0.8299102537804275
Z1255451126,Z1255451126,CCc1nsc(N2CCNCC2)n1,-2.556421,1.1535008,3.037282,0.70743215,-3.1331716,0.0935028631108869,1258535.3,161767.76005870267,2.629734891709232,0.7515374536072398
Z32016575,Z32016575,CNC(=O)c1cccc(N(C)C)c1,-3.7128303,1.6469164,3.0371385,1.5708455,-4.5362883,0.0555509057514316,1311225.9,126428.81561926458,1.6913786511077262,0.7354631951616006
Z1726152055,Z1726152055,COc1cc(CO)c(I)c(OC)c1,-3.5943565,0.76447123,3.0370767,0.8899878,-3.976592,0.0159097849965786,1366261.65,14380.914909264293,2.296281508250585,0.8640187646796463
Z300089524,Z300089524,N#Cc1ccc(NC(=O)OCC(F)(F)F)cc1,-3.6352737,0.52464086,3.0369608,0.36928678,-3.8975942,0.0145639428098103,1368130.15,14386.69724180988,2.0391003611047704,0.8693517586187935
Z1176821571,Z1176821571,CCN(c1cccnc1)S(C)(=O)=O,-2.4500175,0.7861011,3.036764,1.0561261,-2.8430681,0.0689656066553822,1292601.6,76268.58769795072,2.2099289807780558,0.727024715223372
Z802597400,Z802597400,C=CC(=O)NCc1cnc(C)s1,-2.5207114,1.0676509,3.036723,1.0216355,-3.0545368,0.0881092303813879,1266023.55,150831.8053898033,2.541351351617628,0.7148101959046268
Z1449833966,Z1449833966,CCN(CC)C(=O)CN(C)C(=O)C(C)N.Cl,-4.1731997,1.2330486,3.036689,0.8599295,-4.789724,0.0125433068030396,1370935.5,16133.459088180687,2.8597000669777497,0.7528000216306139
Z1841258780,Z1841258780,C[C@H](NCc1ccsc1)C(=O)N(C)C,-2.5336895,1.0278404,3.0365398,0.8908377,-3.0476098,0.0785906651780892,1279238.65,104674.8625627352,2.7627719157208084,0.8159884358825151
Z212228210,Z212228210,Cn1c(CN2CCCCCC2)cc(=O)n(C)c1=O,-2.9739463,0.7170666,3.036406,0.602533,-3.3324797,0.0352235387330285,1339447.4,39162.36774174922,2.17577727214576,0.7669662500922158
Z90566368,Z90566368,COc1cccc(CNC2CCN(C)CC2)c1OC,-3.5386205,0.3911921,3.036117,0.6366421,-3.7342165,0.0154687578780566,1366873.95,14268.619461864557,1.9612797127552852,0.8803209899594971
Z53111048,Z53111048,c1cc(CCN2CCCCCCC2)ccn1,-2.8841608,2.0480711,3.036054,1.4335693,-3.9081964,0.1724617351532394,1148912.75,382932.2518550605,1.7445869368867921,0.7752354949469871
Z1343137604,Z1343137604,CCN(CCO)c1cncc(Br)c1,-2.7711,0.46980965,3.0360339,0.40031376,-3.0060048,0.0387787661612706,1334511.5,30689.737792135013,2.4863205192395963,0.8759171191156516
Z237528986,Z237528986,COC(=O)c1ccoc1CN1CCCCCC1,-3.4708207,0.77852273,3.035952,0.87838095,-3.8600821,0.021093348219109,1359065.05,25108.111234170923,2.109243661903351,0.7572175205102805
Z915780916,Z915780916,Cc1ncc(C(=O)NC(C)(C)C)s1,-2.7786286,1.0682219,3.03591,0.93356866,-3.3127396,0.0686806280836964,1292997.25,124776.35108500128,2.3682483472938927,0.7493752447157307
Z1562146212,Z1562146212,COCC(NC(=O)CCl)c1ccco1,-3.3319564,0.7476563,3.03586,0.71375114,-3.7057846,0.022398674685778,1357252.8,22082.29156269793,2.911440461345224,0.757330156326588
Z281093562,Z281093562,COCC(C)NC(=O)Nc1nccs1,-3.2374413,0.9867185,3.035813,1.018129,-3.7308006,0.0349573594554687,1339816.95,55420.88715319793,2.6730558459606097,0.7953577426616596
Z82438312,Z82438312,CC(C)CNC(=O)c1ccsc1,-3.0638056,0.99024034,3.0357974,1.3140157,-3.5589256,0.0413444016278315,1330949.5,58992.70978561673,1.972236666302944,0.7638721027176845
Z2511802298,Z2511802298,CC(N)c1ccc(OCC(F)(F)F)c(Br)c1.Cl,-3.8916874,1.229457,3.0356972,0.8062861,-4.506416,0.0172194331400583,1364443.4,22058.918383275275,2.7711077565166224,0.911532136693806
Z1269205290,Z1269205290,COC(=O)c1cnc(CCN)s1.Cl,-4.419553,1.2223071,3.0355344,0.769713,-5.0307064,0.0107286347102676,1373454.9,15614.812899615545,2.656166899330092,0.770659930884412
Z1269137060,Z1269137060,COc1ccc(Br)c(F)c1C=O,-2.9020844,0.77840203,3.035268,0.7191216,-3.2912853,0.0457479021860482,1324835.9,65583.44787894275,2.4258853114078374,0.7328496562776458
Z1232636006,Z1232636006,Cc1ccnc(Sc2cccs2)n1,-1.8101603,1.4125215,3.0351815,1.2341563,-2.516421,0.2029654625994886,1106562.9,277588.94035351987,2.5812697095229957,0.7094705780292736
Z204692060,Z204692060,COc1ccc(CN2CCCCC2)cc1,-3.4950223,1.3711272,3.0351198,1.3741343,-4.180586,0.0445390571541758,1326514.2,86278.24283537536,1.389197104817903,0.7519269379703745
Z1614318851,Z1614318851,CC(C)(C)OCC(=O)NC(C)(C)C(=O)O,-3.9275596,0.65418404,3.0348358,0.5833014,-4.2546515,0.0124456729210933,1371071.05,13040.570242420385,2.4855938256646226,0.7293218821344608
Z30518185,Z30518185,C=CCNC(=O)c1cc(Br)c(Br)s1,-2.6807203,0.5094162,3.0347009,0.6203156,-2.9354284,0.0450718118630028,1325774.55,46122.88077134276,2.613552277481352,0.8499749938168203
Z90664474,Z90664474,COc1ccc(OC)c(C2CCCN2)c1,-3.1018052,1.0353034,3.0343268,1.0397259,-3.6194568,0.0432470198436993,1328308.0,68920.75013738606,2.434860876664242,0.8232390287038889
Z975823266,Z975823266,CC(C)C(CN)NC(=O)OC(C)(C)C,-3.3394706,0.6156015,3.0340657,0.54121184,-3.6472714,0.0239446105088774,1355106.5,28198.98335667441,2.627250030237871,0.7285056851889016
Z1552013576,Z1552013576,CCOCCCn1cc(Br)c(OC)cc1=O,-2.4861114,0.4222314,3.0340493,0.5692515,-2.697227,0.0529438902294089,1314845.35,38547.49694244102,2.3841135103133677,0.7528152011181762
Z1263820303,Z1263820303,C#CCOc1ccccc1CNC.Cl,-4.662202,1.3774792,3.033976,0.80660045,-5.3509417,0.0089702524579537,1375896.15,14596.868373986936,2.2412660107933533,0.7679305172980129
Z18887148,Z18887148,CC(C)CSC(C)C(=O)NCC(F)(F)F,-2.6498475,0.43580422,3.0339665,0.30384493,-2.8677497,0.0453824683977382,1325343.25,37435.00744206551,2.941967363812344,0.8032246087122946
Z355410732,Z355410732,COC(=O)C(C)Nc1ccc(F)cc1OC,-3.3999062,1.4639475,3.033934,1.1088773,-4.13188,0.0559706846256347,1310643.1,124143.3601812437,2.3391120113839694,0.7967502461289178
Z54831244,Z54831244,COC(=O)COc1ccccc1Br,-3.8033028,1.2455523,3.033781,1.0272334,-4.426079,0.0275358158965679,1350120.65,54311.107859511576,1.6590320577011344,0.7637742653412111
Z805550098,Z805550098,CCCCS(=O)(=O)N1CCCCCC1,-3.1264577,0.88525116,3.0337677,0.7489382,-3.5690832,0.0327794144127921,1342840.7,31456.92208576675,1.9109397572897713,0.7248939011722522
Z3299503408,Z3299503408,N#Cc1ccc(NCC(F)(F)CN)cc1.O=C(O)C(F)(F)F,-4.083921,1.0586157,3.0337245,0.7833802,-4.613229,0.0111009111535275,1372938.05,15349.852137642887,2.615973906637306,0.7371307643027728
Z821927252,Z821927252,Cc1csc(N2CCCN(CCS(C)(=O)=O)CC2)n1,-2.8825743,1.1348364,3.0336118,0.91741544,-3.4499927,0.0610943926243381,1303529.6,92419.81989887236,2.325931091565156,0.8307155449412542
Z283715312,Z283715312,CN(Cc1ccsc1)C(=O)CC(F)(F)F,-1.900348,0.5795151,3.0334835,0.7781531,-2.1901054,0.108620052580401,1237547.35,81577.41860850649,2.4335127341885325,0.7910319159193094
Z56921779,Z56921779,CCOc1ccc(CCN)cc1OCC,-3.1277452,0.9305276,3.033388,0.97568935,-3.593009,0.0340537688623185,1341071.45,35175.69555740867,1.711530921001719,0.7788416380904458
Z55671955,Z55671955,COc1ccc(OC(F)F)c(C=O)c1,-3.2232285,0.8107757,3.0329015,0.44689518,-3.6286163,0.0307557892462275,1345650.2,37022.04995485798,2.044756294194162,0.7011950124093579
Z1785737087,Z1785737087,CNC(=O)COc1ccc(OC(F)(F)F)c(Br)c1,-3.5057778,1.0196806,3.0326715,0.6787023,-4.0156183,0.0297104476536896,1347101.5,49310.24509622721,2.1603058106072996,0.9237358051122229
Z5122698103,Z5122698103,Br.COc1ccc(CCN)cc1Br,-3.3375397,1.487201,3.0321243,1.054563,-4.08114,0.0430936723448698,1328520.9,60677.12719130661,1.959733867655883,0.9309313478765147
Z3919177543,Z3919177543,N#Cc1ccc(F)c(OS(=O)(=O)F)c1,-3.122839,0.69315636,3.0320992,0.9459773,-3.469417,0.0287426081319552,1348445.2,29883.12745279516,2.725787446398998,0.7026524726020437
Z2768512544,Z2768512544,COCCC(N)c1cccnc1.Cl.Cl,-5.0879717,2.599667,3.0320845,0.7731019,-6.387805,0.0098365685886124,1374693.4,12808.077581745045,2.859314425842266,0.8731747744055719
Z404922602,Z404922602,Cc1nc(CSCCC(=O)N(C)C)cs1,-2.040028,0.75279206,3.0319006,0.9267494,-2.416424,0.1055345193935247,1241831.15,119915.40035803366,2.4294734565149856,0.7442478787624612
Z28880966,Z28880966,CC(NC(=O)c1cccs1)c1cccs1,-2.64483,0.650274,3.0317242,1.0719415,-2.969967,0.04999863146901,1318934.4,55075.88023300217,2.4418097138735444,0.8715720532711597
Z433872340,Z433872340,COC(=O)c1ccoc1CN1CCSCC1,-3.4414132,0.50766486,3.0317047,0.53133273,-3.6952455,0.017606367270501,1363906.2,14425.934256054268,2.5133605154821126,0.7521790002892114
Z2733495174,Z2733495174,COc1cc(F)c(Br)c(C(=O)O)c1,-4.2702274,0.71820605,3.0313663,0.79433304,-4.6293306,0.0069450786905318,1378707.8,5799.989479300803,2.1847379400540756,0.8740751974533906
Z4934286453,Z4934286453,Cc1c(CN)ccc(Cl)c1Cl.Cl,-3.9082923,1.5199546,3.0312564,1.0889077,-4.6682696,0.0228956315050238,1356562.85,38771.375068824935,2.3686000229463,0.7819597105986511
Z432897426,Z432897426,COC(=O)N(C)CC(=O)N(C)Cc1ccco1,-3.138511,0.41027674,3.0311608,0.71883696,-3.3436494,0.0233305002340907,1355959.1,10130.50330881936,2.312697351071325,0.7852275972002604
Z422794548,Z422794548,COCC(=O)NC(C)c1cc(OC)c(OC)c(OC)c1,-3.3269844,0.3286371,3.0310247,0.47116044,-3.491303,0.0192320740447293,1361649.15,17388.175485872576,2.376908609900539,0.8218743111012268
Z2210787725,Z2210787725,O=C(OCCO)N1CCSSCC1,-4.4623375,0.9254782,3.0309443,0.71194524,-4.9250765,0.0090660136132819,1375763.2,18163.83831573052,2.9060110597801376,0.7021347387867833
Z381542208,Z381542208,COc1cc(NC(=O)OCC(F)(F)F)c(OC)cc1Cl,-3.3144124,0.64720833,3.0307865,0.31450495,-3.6380165,0.0243296358987287,1354571.95,24662.44922848297,2.1249677547528307,0.9244649738954408
Z8389410267,Z8389410267,CNC(=O)CCC(C)(C)C(F)(F)F,-2.8294883,1.1086788,3.0306883,0.77565545,-3.3838277,0.0530311160730363,1314724.25,61564.21219740817,2.7569758077011333,0.7371015032836061
Z4876961979,Z4876961979,Cc1cc(C(C)N)ccc1C#N.Cl,-3.8099124,1.2660841,3.0305743,0.79828733,-4.4429545,0.0197837000756293,1360883.3,34563.07936816395,2.7503414223267857,0.7496066440931444
Z995039600,Z995039600,CCOC(=O)C(C)NC(=O)C(C)(C)CC,-3.1173828,0.5854275,3.0304275,0.48889533,-3.4100966,0.0276574710987863,1349951.75,24752.227972194745,2.6417098739338023,0.7068343848025582
Z1255429917,Z1255429917,COc1ccc(N2CCNCC2)nc1,-3.4528155,0.93366635,3.0300803,0.9652483,-3.9196486,0.0247221161810782,1354027.05,31262.705900921308,2.0425511297821934,0.7418769141938218
Z18744574,Z18744574,NC(=O)CSc1ccc(Br)cc1,-2.6525378,0.7364928,3.030069,0.4803926,-3.0207841,0.0526077718154643,1315312.0,58883.510291931474,1.8504156872819628,0.8289562801020331
Z2018528918,Z2018528918,CC(C)(C)SCCN(CCO)C1CC1,-2.6789238,0.34252447,3.030055,0.41763833,-2.850186,0.0414280620880901,1330833.35,33306.44181877584,2.764249816461369,0.7356912831649297
Z275027138,Z275027138,CN(CC(=O)O)c1ccc(C#N)cn1,-3.5251217,0.51324546,3.029883,0.35622692,-3.7817445,0.0158196060071307,1366386.85,15647.63178974697,2.3808571039107616,0.7511316632536232
Z224851930,Z224851930,COC(=O)CN1CCN(c2nccs2)CC1,-3.0691898,0.73839897,3.0297725,0.5007641,-3.4383893,0.0323199121259049,1343478.65,36647.31599350081,2.1256170372212413,0.718502810997853
Z728795438,Z728795438,CCOc1cc(CC#N)cc(Br)c1OC(F)F,-2.3369992,1.0734167,3.0297027,0.7446751,-2.8737075,0.0935844347606871,1258422.05,88611.26822841156,2.475522100235205,0.8356789310524435
Z4768873205,Z4768873205,COc1ccc(CN)cc1C(C)C.Cl,-4.531479,1.9450477,3.0295658,0.91841733,-5.5040026,0.0136601001188461,1369385.0,20173.361777353817,1.948811354922908,0.8417464743568581
Z1220685021,Z1220685021,Cc1cc(N(C)CC#N)ccc1Br,-3.1270466,0.4789749,3.0295513,0.4140009,-3.366534,0.0269160514279539,1350981.1,30674.13098182245,2.5228283214373963,0.7416749946496012
Z332625984,Z332625984,CCN(CC)C(=O)c1csc(Br)c1,-2.4006736,0.5828081,3.0295365,0.8432423,-2.6920776,0.0650644650124248,1298017.75,63141.516162406966,2.289908321437398,0.8195834849284276
Z736945370,Z736945370,COc1ccc(CNC(N)=O)c(OC)c1,-3.7134404,0.47812235,3.0294964,0.6740099,-3.9525015,0.0129116937371699,1370424.05,13715.018503359735,1.7475537567026045,0.7740370570509497
Z433194350,Z433194350,Cc1ccc(CNC2CCSCC2)s1,-2.695691,0.8421754,3.029451,0.9540478,-3.1167789,0.053660856412288,1313849.95,56212.35928287924,2.5491683905701876,0.8515982550782426
Z818979836,Z818979836,CC(Cn1cccn1)NCC(=O)N(C)C,-2.6453488,1.1227272,3.0293424,0.8994335,-3.2067122,0.0806299204091187,1276407.45,136942.63380024314,2.8793731503236515,0.7410188696728747
Z177083134,Z177083134,CNC(=O)NCC(C)(C)N1CCCCC1,-3.1439388,0.61719906,3.0293384,0.4747901,-3.4525383,0.0276644217956566,1349942.1,28821.21058682303,2.3662708298733346,0.7391525970857888
Z26714544,Z26714544,CCC(=O)Nc1ccc(OC)cc1OC,-3.7674642,0.45795846,3.0292253,0.39336023,-3.9964433,0.0117663053264667,1372014.25,9095.918028846783,1.5241038505112332,0.8251460908128478
Z56758501,Z56758501,O=C(Nn1cnnc1)c1cccs1,-2.947751,1.034096,3.0289874,1.2314045,-3.464799,0.0513261425433066,1317091.35,84148.75335991319,2.687786713571578,0.7660008124905519
Z1025076016,Z1025076016,CCN(Cc1ccoc1)C(=O)NC(C)C,-2.9311721,0.5997076,3.0288818,0.69196475,-3.231026,0.0363938127993662,1337822.65,41793.33184405737,2.3791511300609525,0.8277923098200083
Z511521426,Z511521426,CC(Cn1cccn1)NC(=O)N1CCCN(C)CC1,-2.87985,1.0848391,3.0288694,0.82238567,-3.4222693,0.062073288435913,1302170.55,110219.3034229826,2.7487084247002844,0.8714040987379303
Z1689283414,Z1689283414,COC[C@H](O)COc1ccc(OC)cc1Br,-3.94535,0.86070144,3.0287426,0.5856175,-4.3757005,0.0138942269600604,1369059.95,13819.379680271471,2.411979518295663,0.8685926759858029
Z3682241198,Z3682241198,Cl.Cl.Cn1c(CCN)nccc1=O,-4.639125,2.4112067,3.028386,0.7883021,-5.8447285,0.0133708718982965,1369786.55,15617.687090203211,2.8095479230857485,0.7788856517828563
Z1098234474,Z1098234474,Brc1ccc(NCc2ccoc2)cc1,-2.9100885,0.63759845,3.0282655,0.7175138,-3.2288878,0.0367471098786329,1337332.15,39962.1172665751,2.001674581939792,0.9012984312944976
Z92506883,Z92506883,CCCNc1nnc(SCC(N)=O)s1,-2.4689713,0.937286,3.028199,0.9899633,-2.9376142,0.0739454028162928,1285687.9,79857.68091354771,2.3241267395382916,0.713312144608374
Z18887397,Z18887397,CC(C)CSCC(=O)Nc1sccc1C#N,-2.1077347,0.83433163,3.028068,0.4152588,-2.5249004,0.1033463823963697,1244869.05,95621.96609381917,2.443768405418261,0.8785979247711029
Z414834388,Z414834388,COc1cc2c(cc1OC)CCNCC2.Cl,-4.741714,1.5816302,3.0278943,0.9056667,-5.532529,0.0103600316922967,1373966.65,16184.798748439844,2.1031719019217583,0.8596529601813138
Z2737070852,Z2737070852,CSCCC(N)C(=O)N1CCCN(C)CC1.Cl,-4.3527803,1.3225738,3.0276768,0.8828912,-5.014067,0.0106970504555767,1373498.75,15555.8341045249,2.778148114298377,0.8222373953627856
Z30849337,Z30849337,CCC(=O)Nc1ccc(OC)c(OC)c1,-4.0560417,0.5803095,3.027424,0.703029,-4.3461967,0.0089922569957142,1375865.6,10184.499199273374,1.4623533814680822,0.8251460908128478
Z56886603,Z56886603,COc1ccc(NCCC#N)cc1,-3.8594227,0.6526894,3.027412,1.0818793,-4.185767,0.0113218208664961,1372631.35,10695.764148834807,1.7792110597801365,0.7136596852049946
Z4136668841,Z4136668841,Cc1nc(N2CCCCC2)sc1CN.Cl.Cl,-4.3720727,1.67874,3.0273967,0.80880594,-5.211443,0.0120835524183382,1371573.8,14471.981839402644,2.5540792445791016,0.9076643847364585
Z1333767821,Z1333767821,COCCC(=O)Nc1ncc(Cl)s1,-2.9971442,0.7555379,3.027212,0.84342253,-3.3749132,0.0351650160262182,1339528.65,37992.04761561951,2.3112089807780567,0.8416345328556062
Z285220906,Z285220906,COc1cc(NC(=O)C(Br)C(C)C)cc(OC)c1OC,-2.8618858,0.8191914,3.027158,0.37605274,-3.2714815,0.0474522994922028,1322469.6,56357.56626789344,2.511377066601071,0.8046583106246847
Z56346843,Z56346843,COc1ccc(OC)c(NC(=O)C(C)Cl)c1,-3.2420197,0.5458664,3.0270345,0.28886235,-3.514953,0.0241689775632946,1354795.0,24093.787101657555,2.17506406862905,0.8256459322274012
Z103709420,Z103709420,CCN1CCN(CC(=O)NC(C)COC)CC1,-3.6479142,0.40917134,3.0268185,0.29958692,-3.8525,0.0129459070119205,1370376.55,9706.155126902722,2.377845266507869,0.7001063832101557
Z103796384,Z103796384,COc1ccc(Br)cc1CN(C)C(C)C,-2.866136,0.6916843,3.0267692,0.5941357,-3.2119782,0.0413833327331004,1330895.45,39646.342446025206,1.9388381188039165,0.8334793297869248
Z2059039363,Z2059039363,CCN(CC)C(=O)c1c(Cl)c(OC)cc(OC)c1Cl,-2.2374945,0.90385216,3.0267167,0.52986664,-2.6894205,0.1001723268628227,1249275.75,137304.20231110006,2.330877251216826,0.8355900042827383
Z1230795916,Z1230795916,CC(C)CNC(=O)c1nccn1C,-3.1342092,0.913307,3.026425,0.9491455,-3.5908628,0.0347332444988655,1340128.1,41968.689635131566,2.2650564533055295,0.7495764956344667
Z1219743139,Z1219743139,COCC(O)CNc1ccc(C#N)cn1,-3.550436,0.45532438,3.0263464,0.33060884,-3.778098,0.0154144848201102,1366949.3,13241.662007089595,2.7908076182947035,0.7290610318982365
Z234895845,Z234895845,CC(C)COCC(N)c1ccco1,-3.3126373,0.73989654,3.0262737,0.726621,-3.6825857,0.0233710159541901,1355902.85,20546.45081096733,2.9111197440051058,0.7586178698224908
Z2235676566,Z2235676566,COc1ncc(NC(=O)CCl)cn1,-3.2827182,0.60164154,3.0262723,0.5912766,-3.583539,0.0210564338963517,1359116.3,12765.329416431056,2.3318089807780567,0.7302460702975284
Z1947750070,Z1947750070,COc1cc(C#N)ccc1NC(=O)CN(C)C,-3.4200127,0.7820706,3.026081,0.29065442,-3.811048,0.0260100118846112,1352239.0,38043.28097180893,1.9410876520746694,0.8443345838544293
Z32733129,Z32733129,CCOC(=O)Nc1cccc(C#N)c1,-3.9346638,0.52880555,3.025961,0.6654219,-4.1990666,0.0092551590016926,1375500.6,6201.54111007901,1.7636734851004228,0.776471691618191
Z422359532,Z422359532,CN1CCC(NC(=O)COCC(F)(F)F)CC1,-3.9707513,0.558416,3.0258632,0.31939492,-4.2499595,0.0087315878560881,1376227.5,4352.009104999666,2.270586983178349,0.8056252474182483
Z3244881482,Z3244881482,COc1cc(OC)c2cnccc2c1,-2.4035358,0.93623316,3.0256853,1.3635617,-2.8716524,0.077627975654554,1280575.2,82858.03501930274,1.9046182779998304,0.7256534593354161
Z1024841810,Z1024841810,CCN(Cc1ccoc1)S(C)(=O)=O,-2.720738,0.6736283,3.0256724,0.7090636,-3.057552,0.0460824719991357,1324371.4,48725.55546055889,2.5399738159428917,0.7348816642185239
Z955172610,Z955172610,Nc1ccc(OC(F)F)cc1Cl,-2.9487736,0.832309,3.0256598,0.6252455,-3.3649282,0.0399246227536285,1332920.65,50604.25803059956,2.067468965253992,0.7329299493371582
Z432071494,Z432071494,CN(C)C1CCN(C2CCNCC2)CC1,-3.8661647,0.82924736,3.0254536,0.6244816,-4.2807884,0.0128802895523463,1370467.65,12443.02679123934,2.371275158159909,0.7275159596888887
Z1813183570,Z1813183570,CC1(C)CNc2ccc(Br)cc2O1,-2.8173678,0.2987527,3.0251703,0.6159478,-2.9667442,0.0338712860589908,1341324.8,21978.736935047014,2.846908980778057,0.7544917656715231
Z2327029974,Z2327029974,COc1cc(NCCCN)ncn1.Cl.Cl,-4.6301026,2.1168141,3.0247245,0.78120536,-5.68851,0.0113118449958584,1372645.2,14648.93162179413,2.5849686217624974,0.7703077695427586
Z2050688273,Z2050688273,CNCc1ccc(OCC(F)(F)F)cc1.Cl,-4.177308,1.1520689,3.0246873,0.8484615,-4.7533426,0.011548636871106,1372316.45,14164.907788174973,1.9980341896340477,0.8933363576900234
Z1204349525,Z1204349525,CCC(C)(C)C(=O)NC(C)CC(=O)OC,-3.1855407,0.8191915,3.024392,0.75038683,-3.5951364,0.0287482623257823,1348437.35,24162.190147573543,2.7698050156342067,0.7068343848025582
Z2474571533,Z2474571533,COc1cccc(CNc2cnsc2)c1OC,-2.643993,0.40079105,3.0241895,0.4823049,-2.8443885,0.0431690856052148,1328416.2,26474.44007264365,2.56469169957996,0.8857960302143996
Z123647630,Z123647630,CC(C)CNC(=O)C(C)N1CCCCCC1,-3.1016269,0.52555996,3.0241454,0.6247876,-3.3644068,0.0264658047322361,1351606.2,18190.95942384568,2.2692256721418147,0.7951983919369516
Z2596883868,Z2596883868,Cc1ncc(NC(=O)CCl)s1,-2.9259915,1.0978363,3.0239377,1.0795089,-3.4749098,0.0587137969532178,1306834.7,100276.59192458626,2.778455720912614,0.720747674767727
Z1839231152,Z1839231152,C#CCNC(=O)CNC(=O)C#Cc1ccc(C(F)(F)F)cc1,-3.1159132,0.9234516,3.0238435,0.710752,-3.5776389,0.0354936075197176,1339072.45,40888.54177697586,2.66340951103291,0.8160572124859717
Z1994170005,Z1994170005,OCCCCCN1CCC=C(Br)C1,-3.28954,0.42725086,3.0237153,0.60458153,-3.5031655,0.0205149638059566,1359868.05,17675.85376290209,2.8398152177842935,0.7532748312023544
Z1259162121,Z1259162121,COc1ccc(CN)c(OC(F)F)c1.Cl,-4.453952,1.7840983,3.0236309,0.7877323,-5.346001,0.0123664421795656,1371181.05,15942.065661246665,2.1642585625908985,0.8759725131226959
Z27493118,Z27493118,CC(=O)Nc1cc2c(cc1Br)OCCO2,-3.4320607,0.6757632,3.023501,0.7916985,-3.7699423,0.0206068714661289,1359740.45,24343.51274051261,2.093493558364356,0.8519170665204836
Z1265814069,Z1265814069,CNC(=O)Cc1cc(Br)ccc1OC,-3.1459537,0.6879599,3.0234349,0.49854732,-3.4899335,0.0283093960456657,1349046.65,30532.445447875616,1.825910545206309,0.8964202324453511
Z2689829501,Z2689829501,Cl.Cl.NCC1CCN(Cc2ccsc2)CC1,-4.7924843,1.7288356,3.023182,0.7486773,-5.6569023,0.0106138941909461,1373614.2,16351.698332589183,2.4147348796417134,0.9239280071142281
Z1330858987,Z1330858987,Cn1cncc1NC(=O)OC(C)(C)C,-3.1572804,0.7089362,3.0231705,0.59155697,-3.5117486,0.0271394100911153,1350671.0,21490.889113761677,2.5287641615757135,0.745988233259238
Z595541750,Z595541750,Cc1ccc(Br)cc1NC(=O)N(C)C,-3.2058601,0.8562121,3.0231624,0.6826796,-3.6339662,0.0287919832895163,1348376.65,27917.927262379275,1.8579629141744682,0.8238266806611614
Z505759118,Z505759118,CN(Cc1ccsc1)C(=O)NC1CCCCNC1=O,-2.7591205,1.0230243,3.0229487,0.7144213,-3.2706327,0.066231533835128,1296397.45,114239.46628178678,2.9415212452131065,0.8829566139306515
Z1650104444,Z1650104444,Cl.NCc1cc(Cl)cc2c1OCC2,-4.3192644,1.4626149,3.022853,0.90117115,-5.050572,0.0110660136132819,1372986.5,12276.07134835897,2.5723065631956388,0.7864614891835207
Z641394998,Z641394998,O=C(Nc1c(F)cccc1Cl)N1CCCCCCC1,-2.9776237,1.0667491,3.0228162,1.2183233,-3.5109982,0.0559559909244786,1310663.5,98312.22632994333,1.8970053537809264,0.8201775570155879
Z1456201900,Z1456201900,CC(C)(O)CN1CCC(N)CC1.Cl.Cl,-5.783904,2.1045823,3.0227804,0.9020733,-6.836195,0.0078738070371304,1377418.4,17189.28911677269,2.67532900198173,0.7633904863667694
Z816184852,Z816184852,CCOC(CC)C(=O)NCc1cc(OC)c(OC)cc1OC,-3.2133758,0.9944765,3.0226226,0.48610547,-3.710614,0.0322184967767493,1343619.45,30174.041629312767,2.5432848896445766,0.7567011550075404
Z1224553431,Z1224553431,COc1cc(Br)c(CNC(C)C(OC)OC)cc1OC,-3.0889392,0.5902548,3.0223744,0.20201655,-3.3840666,0.0302441027118521,1346360.6,31803.675640403577,2.8378573278492585,0.7320691574334899
Z56346846,Z56346846,COc1cc(NC(=O)C(C)Cl)cc(OC)c1,-3.531258,0.53685254,3.022335,0.4452274,-3.7996843,0.0164166816724889,1365557.9,14130.86762693643,2.307497700113844,0.8256459322274012
Z236704542,Z236704542,O=C(Cn1cccn1)NCC(F)(F)F,-2.5448613,1.127445,3.0220966,0.9782549,-3.108584,0.0908642633341736,1262198.6,164167.5621206577,2.308915403505903,0.7867835202616562
Z147647824,Z147647824,CN(CC(=O)NC(C)(C)C)C(=O)CCl,-3.1161394,0.5475307,3.0220408,0.3779257,-3.3899047,0.0278919940937084,1349626.15,22990.29515094358,2.312706959318513,0.7085540232026187
Z2418629294,Z2418629294,N#Cc1cncc(NCc2cscn2)n1,-2.1212811,0.5065906,3.02195,0.777124,-2.3745766,0.0807745885403535,1276206.6,55641.48216699479,2.9145051467759444,0.8410367566373015
Z1267881707,Z1267881707,Cl.N#CCOc1cccc(CN)c1,-4.84348,1.6459224,3.021946,0.8817762,-5.6664414,0.0094769330500233,1375192.7,16326.387120548132,2.133913596162671,0.8003876502845657
Z295382788,Z295382788,C1CCC(CN2CCCNCC2)CC1,-3.8997636,1.0258474,3.0218732,1.0596913,-4.4126873,0.0162531782331545,1365784.9,25614.39791386868,2.059012453824007,0.725027214151665
Z2327229367,Z2327229367,CCNc1cccc(C(F)(F)F)c1.Cl,-4.7263155,2.021373,3.0216591,0.8396197,-5.737002,0.0133608960276587,1369800.4,19094.67706561177,1.92474981646137,0.8116618480003617
Z1272128029,Z1272128029,Brc1cncnc1N1CCCC1,-2.2196789,1.2188139,3.0210795,1.1260021,-2.8290858,0.105021860481867,1242542.9,101586.83548171978,2.2783138691001454,0.7338406241388791
Z635825674,Z635825674,COc1cccc(CNC2CCSCC2)c1OC,-3.2502456,0.3965872,3.0208583,0.62913954,-3.4485393,0.0223946771347282,1357258.35,24238.05238519589,2.227973118299607,0.8883058157170002
Z1272129543,Z1272129543,Brc1cnn(-c2ncncc2Br)c1,-1.5266356,0.28574586,3.0207922,1.0319734,-1.6695086,0.1444591781611264,1187790.1,63632.15918770948,2.7722422448113218,0.8109316713131989
Z8776657283,Z8776657283,O=Cc1c(Br)cc2c(c1Cl)OCCO2,-3.1975725,0.5462562,3.0206735,0.75920916,-3.4707005,0.0259954262253754,1352259.25,35561.76854977126,2.8574592839169917,0.7404616968982444
Z1455758520,Z1455758520,COCCC(=O)N1CCNCC1.Cl,-5.003663,1.7811348,3.0205138,0.84361476,-5.8942304,0.009742932257716,1374823.4,17730.997198127352,2.2529193104483873,0.7032488734191066
Z1901677903,Z1901677903,Clc1csc(CN2CCCC2)c1,-2.7936895,1.0581425,3.0201914,0.79291487,-3.3227608,0.0623776425252998,1301748.0,97973.6128281488,2.282024638330915,0.7113680900041784
Z2706995011,Z2706995011,C=CC(=O)N(C)CC(=O)N(C)Cc1nccs1,-2.0422046,0.30078506,3.0199528,0.84035826,-2.1925972,0.0819046710123528,1274637.65,41095.898495196576,2.7244578861883824,0.727488250427007
Z1411053566,Z1411053566,CCOc1ccc(Br)cc1NCCCO,-3.0951185,0.7044354,3.019946,0.5314995,-3.4473362,0.0311224114956603,1345141.2,36351.72983036708,1.9286419100127077,0.7834790483031837
Z1262555915,Z1262555915,COCc1ccc(C(=O)O)cc1OC,-4.7860136,0.88568515,3.019625,0.8603778,-5.228856,0.0045930060863614,1381973.3,4320.913376822082,1.7076607476354564,0.7931186246635629
Z102800572,Z102800572,c1coc(CNCCSCc2cccs2)c1,-2.3420842,0.7171163,3.019588,0.6793704,-2.7006423,0.0717174343645333,1288781.1,67368.50302990263,2.3131302061175614,0.7659578464583688
Z2940294467,Z2940294467,O=C1NCCOc2c1ccc(Br)c2F,-3.5643108,1.4353274,3.0195565,1.6664991,-4.2819743,0.0357218280692908,1338755.6,63681.997051286016,2.800498337171428,0.7707075577839028
Z228587394,Z228587394,COc1ccnc(N2CCNCC2)n1,-3.1968117,0.79187274,3.0193183,0.60120976,-3.5927482,0.0283022652789282,1349056.55,28777.440302214163,2.2901068521086483,0.7118669860956923
Z422523538,Z422523538,CCOC(C)C(=O)Nc1cnn(C)c1,-3.2829463,0.53361124,3.019262,0.3684764,-3.549752,0.0207984297907588,1359474.5,12336.72069676541,2.6388816323199986,0.7757494136581589
Z239604782,Z239604782,COc1ccc(OC(C)C)c(N)c1,-3.5708072,1.400345,3.0188794,0.5141182,-4.27098,0.0440860373825044,1327143.15,75480.85917123294,1.7935870027560803,0.7257957554590142
Z281174858,Z281174858,CC(NC(=O)C(C)(C)C)C(=O)N1CCCC1,-3.0157018,1.132424,3.0180478,1.090314,-3.5819137,0.0444513271149206,1326636.0,45292.410991246645,2.4757053924215366,0.7678349050170268
Z402800232,Z402800232,CC(Cn1cccn1)NC(=O)c1cccs1,-2.2137287,0.8614569,3.0179214,0.879617,-2.644457,0.094955594770771,1256518.4,123183.14003645144,2.6535612452643456,0.8774574436528708
Z56987648,Z56987648,Cl.c1csc(CNCCCN2CCOCC2)c1,-4.156979,1.4912502,3.0176244,0.924722,-4.902604,0.0147113480030252,1367925.5,20585.97283467556,2.1469843212440107,0.8044685314499591
Z32020678,Z32020678,CN(C)CCNC(=O)c1cccs1,-3.068121,0.9328074,3.0176165,1.0752045,-3.5345247,0.0386637015161882,1334671.25,54008.678074801086,1.895251288470364,0.7837114360297317
Z90519872,Z90519872,OC1CCC(NCc2ccco2)CC1,-4.341187,1.1843376,3.0174723,0.9546262,-4.933356,0.0090389311052687,1375800.8,10751.310378739883,2.1683890284688747,0.7708513153726627
Z29325276,Z29325276,Cc1cnc(NC(=O)C(C)C)s1,-3.1529815,0.9668362,3.016969,0.8102121,-3.6363997,0.0368249000612238,1337224.15,51613.289486599286,2.1470843498693757,0.7639002251879796
Z839810644,Z839810644,COC(=O)CNc1ccc(OC)cc1C(=O)OC,-3.82537,0.6445755,3.0167775,0.8870894,-4.147658,0.0114935354917707,1372392.95,8611.271511658426,1.8717617368239399,0.7910397961618885
Z352258010,Z352258010,N#Cc1ccc(CN2CCSCC2)cc1,-3.1160712,0.88556963,3.0167227,0.7886105,-3.558856,0.0360787625598731,1338260.05,50938.10708641911,2.0595240278948257,0.7604334261802108
Z361233390,Z361233390,CC(=O)N(C)CC(=O)N(C)CC(=O)NC(C)C,-3.344624,0.6483996,3.0165677,0.6317374,-3.6688237,0.0263133215687687,1351817.9,39087.636013066855,2.234592163235906,0.7039554596471495
Z220565320,Z220565320,NCCc1ccc2c(c1)OCCCO2,-3.9040737,1.3739011,3.0163593,1.2738913,-4.5910244,0.0294166456585155,1347509.4,61012.58614122172,1.9939443755608064,0.7706810737098532
Z2732523070,Z2732523070,CCOc1nc(C(=O)O)ns1,-5.034257,1.5915793,3.0160816,0.8787671,-5.8300467,0.0054350127849605,1380804.3,9356.61774948619,2.933334182451075,0.7273166694778382
Z100469786,Z100469786,CC(C)NC(=O)CN1CSCC1=O,-3.4854355,0.55819,3.0158825,0.2753502,-3.7645304,0.0171019555587568,1364606.5,13590.3536543388,2.5391707390198146,0.702929516794399
Z3256606421,Z3256606421,Cc1ccc(OCCOCCC(=O)O)cc1Br,-3.7519944,0.6793712,3.0154545,0.74515843,-4.09168,0.0126236539777433,1370823.95,9694.546804647449,2.0074043887145336,0.7867779955991062
Z397587464,Z397587464,COc1ccc(CCO)cc1OC,-3.8986888,1.2684176,3.0154183,0.9631761,-4.5328975,0.0191512226743977,1361761.4,25343.645902671546,1.5458320577011335,0.7609619641134895
Z496037684,Z496037684,COc1ccc(OC)c(CNC(=O)N2CCCCCC2)c1,-3.058761,0.7551712,3.0153563,0.87749326,-3.4363465,0.0335174847840962,1341816.0,35688.17220592839,1.8043820819706315,0.9280960648401616
Z1497549950,Z1497549950,CN(C)C(=O)c1ccc(N(C)C)cc1F,-3.0948565,0.8411801,3.0152485,1.0987166,-3.5154467,0.0332784600424964,1342147.85,41027.38269531095,1.9702845980938566,0.7397763041811418
Z2376810534,Z2376810534,COc1ccsc1CNC(C)(C)CCN,-2.385732,0.60423815,3.0152087,0.57491434,-2.687851,0.0685132351352325,1293229.65,70841.38824040294,2.9035218617682688,0.7823607897474383
Z1258578307,Z1258578307,CCN(CC)CCOc1ccccc1.Cl,-4.15993,1.3957964,3.0148637,0.7985961,-4.8578286,0.0123708718982965,1371174.9,13209.740080334665,1.698953756702604,0.7440264353500238
Z1272075031,Z1272075031,Cc1nc(C(C)C)nc(Cl)c1Br,-1.3339494,0.576886,3.014663,0.84802634,-1.6223924,0.1922831778730147,1121393.65,109882.281397992,2.6277336209611875,0.7136570142688847
Z415691728,Z415691728,CN(CCOc1ccc(C#N)cc1)CC(N)=O,-3.4192562,0.69432163,3.0145552,0.35482138,-3.766417,0.0215768718262685,1358393.75,21446.67727615399,2.0384993150647794,0.7687137913575792
Z283696806,Z283696806,O=C(CC(F)(F)F)NCc1ccco1,-3.0250201,0.5783425,3.0144994,0.6766078,-3.3141913,0.0300736125616738,1346597.3,24781.292067000868,2.1679542699026637,0.8212595486926794
Z838921892,Z838921892,COc1cc(NC2CCCNC2)cc(OC)c1,-3.4746451,0.83443254,3.01376,0.79102516,-3.8918614,0.0226740015125868,1356870.55,33426.36845886044,2.54490497458095,0.8372137180301575
Z31790676,Z31790676,CSCC(=O)Nc1cccnc1,-2.9331558,1.1601293,3.0136719,1.2234702,-3.5132203,0.0624754564771131,1301612.2,111169.89985765032,1.901982737878427,0.7675650059761371
Z3786485910,Z3786485910,CSCCC(N)C(=O)N1CCN(C)CC1.Cl.Cl,-4.9198856,1.6194029,3.0136657,0.8092525,-5.729587,0.0072200813915799,1378326.0,10882.634221547649,2.8667653593788778,0.8298970600847623
Z316444518,Z316444518,O=C(CC(F)(F)F)NCc1cccs1,-2.3852704,0.9235983,3.0135274,1.1043782,-2.8470695,0.0852182446789354,1270037.25,115642.95812018776,2.1849558893358623,0.8366390603656572
Z89264991,Z89264991,COCCCNC1CCS(=O)(=O)C1.Cl,-4.8012953,2.0406961,3.0134184,0.7862215,-5.8216434,0.0104582778117909,1373830.25,15035.077122765284,2.9213965464243863,0.7024012975157983
Z645615730,Z645615730,N#Cc1cccnc1N1CCCSCC1,-2.4494438,0.9942,3.013291,0.9038094,-2.9465437,0.0708466164871969,1289990.1,56670.30030086306,2.4498061957269943,0.7229364791809377
Z645562380,Z645562380,N#Cc1ccc(NCc2nccs2)nc1,-2.2823212,0.4141209,3.0132842,0.65184337,-2.4893818,0.064206684193467,1299208.65,32949.151971295105,2.4541205313913306,0.8522152240960392
Z28880832,Z28880832,CC(NC(=O)c1ccco1)c1cccs1,-2.7501721,0.72329354,3.0131865,0.598511,-3.1118188,0.0459872510534086,1324503.6,53585.75074719024,2.4524036315837403,0.8655245847272156
Z510684836,Z510684836,CC(C)CCCNC(=O)N1CCCCCC1,-3.1491504,0.76250386,3.0130877,0.8513699,-3.5304022,0.0305748190297835,1345901.45,35535.53594006287,1.8442407830406395,0.7342729172120557
Z3616596183,Z3616596183,CN(C)C1CCN(CC(=O)O)CC1.Cl.Cl,-6.051428,2.3223844,3.0128887,0.7927338,-7.21262,0.0068402780278747,1378853.3,15191.093641012156,2.2998495429203416,0.8188700986375381
Z438312070,Z438312070,CC(Cn1ccnc1)NC(=O)NCC(F)(F)F,-2.7088287,0.589583,3.0125556,0.5760148,-3.0036201,0.0436371952317499,1327766.3,38840.539203389024,2.9390967430609187,0.8412588135493171
Z422342002,Z422342002,CN1CCN(C(=O)COCC(F)(F)F)CC1,-4.147616,0.6427056,3.0124133,0.6945535,-4.468969,0.0078587171822666,1377439.35,6174.088404574395,2.186311981609512,0.7128206034078055
Z82466292,Z82466292,CCOCCCNC(=O)c1ccsc1,-3.1273272,0.85548455,3.012143,1.1942154,-3.5550694,0.0322402132027226,1343589.3,37847.47768094989,2.0221617395382925,0.7329464545072788
Z2417561122,Z2417561122,Cl.O=S1(=O)CCC(NCC(F)(F)F)CC1,-5.0206337,2.4296484,3.0118093,0.948585,-6.235458,0.0102968631829148,1374054.35,15578.889861845098,2.7468590297350914,0.8160867180936245
Z1708090078,Z1708090078,COC(=O)C(N)c1ccc(OC)cc1OC.Cl,-4.3380723,1.5132476,3.0117211,0.77912027,-5.094696,0.0111786293081715,1372830.15,13442.040668272806,2.580045177235439,0.8274970572243948
Z3036819871,Z3036819871,C=CC(=O)N[C@@H](C)c1ccsc1,-2.4931245,1.0565323,3.0116534,0.94072634,-3.0213907,0.0854976410847407,1269649.35,132758.6351836577,2.8807621148446785,0.7108574495974826
Z1505695980,Z1505695980,CN(CCCCC(=O)O)C(=O)OC(C)(C)C,-3.283046,0.47535688,3.0115428,0.5186041,-3.5207245,0.0217649367954767,1358132.65,19355.344492607204,2.0434775560237544,0.735735771341037
Z1763731771,Z1763731771,COC(=O)c1ccc(NC(C)C)c(OC)c1,-3.7466576,0.53140384,3.0114856,0.8548842,-4.0123596,0.0126035941945474,1370851.8,11259.850885335916,1.775754199856383,0.7955516332997148
Z140667794,Z140667794,CCN(C)Cc1ccc(OC(F)F)c(OC)c1,-3.1887236,1.0072273,3.0109458,0.72397846,-3.6923373,0.0435700291713184,1327859.55,81633.23186758872,1.9928060467234978,0.7688473294108851
Z56968773,Z56968773,CCN(CC(=O)NC(C)(C)C)C(=O)CCl,-2.9736547,0.54652,3.01082,0.18984267,-3.2469149,0.0339147549249109,1341264.45,31878.877713111226,2.294428665362622,0.7379222579289607
Z1610969627,Z1610969627,N#Cc1csc(CNc2nncs2)c1,-2.3587215,0.7089323,3.010777,0.87024105,-2.7131877,0.069920481146685,1291275.9,74957.21200785151,2.901509103515778,0.8633152252470111
Z33030614,Z33030614,CCCNC(=O)c1cc(OC)cc(OC)c1,-3.5823605,0.953955,3.0106668,1.1070747,-4.059338,0.022349731695898,1357320.75,31571.606994061927,1.6247369368867943,0.8282078637352109
Z79988157,Z79988157,N#Cc1ccsc1NC(=O)c1ccsc1,-2.3884304,0.91541857,3.0103965,1.2300836,-2.8461397,0.0801367090431087,1277092.2,109404.86957745528,2.34062041755168,0.8681432846079393
Z3023980681,Z3023980681,COc1cccc(C(C)(C)N)c1.Cl,-4.083057,1.3224702,3.0099928,0.7217908,-4.7442923,0.0133026614326358,1369881.25,14294.73398449583,2.0295488409179168,0.7973019518981072
Z3951013367,Z3951013367,Brc1ccccc1N1CCCCC1.Cl,-3.7977176,1.4655273,3.009544,1.2292976,-4.5304813,0.0233493715561639,1355932.9,31471.557894232054,1.8050557336211313,0.7527054998856123
Z57313875,Z57313875,CCOc1c(Cl)cc(C=O)cc1Cl,-2.375279,0.5769076,3.009432,0.6828248,-2.6637328,0.0668848633269709,1295490.4,59928.87564972332,2.0588793104483862,0.7292636635658917
Z449369084,Z449369084,Cl.Cl.NCCNc1ncccc1C(F)(F)F,-4.404664,1.9314448,3.0093968,0.9345279,-5.3703866,0.0150482947383585,1367457.7,18090.28458068032,2.526557706117563,0.8916674441223347
Z2763288295,Z2763288295,Cc1sccc1NC(=O)CCl,-2.8532097,0.8525263,3.0093586,0.76827794,-3.2794728,0.0472534663449418,1322745.65,62880.52291868683,2.557711105528,0.7108010163025033
Z2517214336,Z2517214336,C=CC(=O)Nc1nc(COC)cs1,-3.375908,0.68899494,3.0091794,0.83717585,-3.7204053,0.0216693557100153,1358265.35,18310.913623506065,2.394039750008826,0.7441505851186031
Z31193512,Z31193512,FC(F)(F)c1ccc(N2CCCCCC2)nc1,-2.789867,0.846501,3.0089011,0.81044763,-3.2131174,0.0494874131162892,1319644.15,63703.94808901172,1.913538697225171,0.7514609516061217
Z19738663,Z19738663,NC(=O)COc1ccc(Br)cc1Br,-3.2881722,0.49403313,3.0088122,0.3258842,-3.535189,0.0206912161918824,1359623.35,15431.969045701848,1.8705004093494857,0.9292002072502783
Z425422632,Z425422632,CCC(NC(=O)OC(C)(C)C)C(=O)O,-4.111086,0.6275451,3.0086727,0.42535254,-4.4248586,0.0093034537400511,1375433.55,9324.184819462773,2.311308491776334,0.7260287500317746
Z1271725226,Z1271725226,CCC(C)(C)CNCc1cnn(C)c1,-2.3075817,0.88129884,3.0086007,0.7584172,-2.7482312,0.0842793964058055,1271340.7,84861.91287915916,2.5429226909552956,0.777919515652189
Z382590162,Z382590162,CCN(CC)C(=O)N1CCN(CCOC)CC1,-3.659514,0.34432226,3.0080984,0.39758965,-3.831675,0.013656930889185,1369389.4,13047.326884845035,2.0491962054084762,0.7133743707176365
Z52022482,Z52022482,CC(C)CNC(=O)CSCc1cccs1,-2.091124,0.57621384,3.0079737,0.62912303,-2.379231,0.0878596535455756,1266370.05,65740.93895243284,2.136696855067653,0.8321445514624977
Z733975752,Z733975752,CCCN1CCC(N2CCNCC2)CC1,-3.6037736,0.6974193,3.0078275,0.649871,-3.9524832,0.01711556884071,1364587.6,19777.416566376916,2.1639460558668535,0.7436081460992506
Z56900796,Z56900796,CCCOc1c(Br)cc(C(=O)O)cc1OC,-3.5412223,0.6877092,3.0077245,0.7411403,-3.885077,0.0201631072856267,1360356.55,28062.899416266668,1.8694186005719473,0.9050735375893771
Z1509391031,Z1509391031,COc1ccc(N)cc1S(C)(=O)=O,-3.1555543,0.6932569,3.007541,0.8895846,-3.5021827,0.0269814888176612,1350890.25,23187.77675603032,1.8655555871128993,0.7142717970720459
Z228474638,Z228474638,Cl.NCc1ccc(OCC(N)=O)cc1,-5.056979,1.7120968,3.007277,0.8211439,-5.913028,0.0080308999891958,1377200.3,14209.455408635476,1.819339629351182,0.7663911100962811
Z365009062,Z365009062,COCC(=O)NC(C)Cc1cccs1,-2.4977963,1.302883,3.0072742,1.0025225,-3.1492379,0.1144604386501961,1229438.85,220331.4675379518,2.5079173844221483,0.8034815836555189
Z425851370,Z425851370,CN(C)C(=O)c1cc(Br)ccn1,-2.500577,1.021662,3.0072563,1.1341771,-3.0114079,0.0803606799438182,1276781.25,134558.45813209773,2.216090119100146,0.7313617177188781
Z19725320,Z19725320,CN(C)C(=O)COc1ccc(Br)cc1,-3.3829963,0.7108556,3.006946,0.61108893,-3.738424,0.0209665430186911,1359241.1,20845.77470112349,1.6669712739512477,0.8284384721253268
Z381050432,Z381050432,CC(C)N(CCCN)C(=O)OC(C)(C)C,-2.8294234,0.71268344,3.0067012,0.5611812,-3.1857653,0.0439163395397413,1327378.75,45443.603887538455,2.2688752240670755,0.7814461920574131
Z409972714,Z409972714,COc1ccc(OC)c(NC(=O)N2CCCC2)c1,-2.9102807,0.8988807,3.0065472,0.9692408,-3.3597212,0.0510515720099398,1317472.55,88162.13121656883,1.667329453141237,0.8953584842079502
Z1230773204,Z1230773204,CN1CCN(CCCN(C)C(=O)OC(C)(C)C)CC1,-3.4006562,0.444847,3.0064428,0.4383624,-3.6230798,0.0192176324413873,1361669.2,16195.95150215016,2.1224254141127528,0.7760153680763743
Z364719578,Z364719578,CCCC(C)C(=O)NCC(C)N(C)C,-2.8887975,0.3949348,3.0059075,0.36662984,-3.0862648,0.033591853639212,1341712.75,29636.62848718625,2.987917707611672,0.7042839713461331
Z606312418,Z606312418,CN(C)C(=O)c1ccc(Br)cc1Cl,-2.797626,0.9268243,3.005889,0.8508948,-3.261038,0.0526153707638563,1315301.45,69455.4757132042,1.7990736866604102,0.761998090960054
Z410067504,Z410067504,Cc1ccc(NC(=O)N2CCCCCC2)c(Br)c1,-2.8031647,0.9363474,3.0056636,1.1634513,-3.2713385,0.0512304534159253,1317224.2,61286.35968435391,1.8081394078923676,0.8294179582331695
Z431745628,Z431745628,NC1CCN(Cc2cscn2)CC1,-3.0757673,1.1368531,3.0056534,0.7235899,-3.644194,0.0497208917059819,1319320.0,81589.50737625519,2.4378927864460724,0.7707660830448589
Z642458586,Z642458586,N#CCCN1CCCN(c2ccc(C#N)cc2)CC1,-3.036871,0.472791,3.0056071,0.52272075,-3.2732666,0.0283499477797384,1348990.35,18881.67489730453,2.0910095029650773,0.8273715064767093
Z1269200225,Z1269200225,COC(C)(C)c1ccc(Br)cc1,-2.6511922,0.68085444,3.0055158,0.78776014,-2.9916193,0.050218640832643,1318628.95,50382.29555158737,2.0723540614078377,0.7552397817725778
Z33545610,Z33545610,NC(=O)CCSc1ccc(F)cc1,-2.2900941,0.90772533,3.005507,1.3221072,-2.7439568,0.0887880937803867,1265081.05,103802.14678053388,1.841724365393441,0.7511613162318836
Z86558909,Z86558909,CC(C)(C)C(=O)Nc1ncc(Br)s1,-2.6555603,0.59861195,3.0053334,0.5066138,-2.9548662,0.0508838189217416,1317705.45,68845.71434916991,2.44173884503145,0.8460027948024084
Z1037335990,Z1037335990,Cc1cc(C)c(OCC#CCN2CCOCC2)c(C)c1,-3.2966971,1.042721,3.0052066,0.9740309,-3.8180575,0.0345831742716173,1340336.45,55691.37736443138,2.4094307751485218,0.7890109899509251
Z1104693019,Z1104693019,N#CCN1CCCC(CN2CCCCCC2)C1,-3.0914693,0.67885005,3.0049105,0.57130045,-3.4308944,0.0295744588900492,1347290.3,23905.41783383005,2.6773330373752984,0.7017923376272572
Z381172544,Z381172544,N#CCSCC(=O)NCc1ccco1,-2.8681529,0.39571014,3.004805,0.71856666,-3.0660079,0.034319083804516,1340703.1,28501.364872405677,2.377582124153676,0.740284126089799
Z403316754,Z403316754,O=C(NC1CCCCNC1=O)c1cccs1,-3.5360248,1.249857,3.00471,1.150462,-4.1609535,0.0369823171390498,1337005.6,68773.86763473463,2.641361579712507,0.8116166587778677
Z1856583904,Z1856583904,O=C(Nc1cnns1)N1CCCOCC1,-3.680214,1.2169702,3.004598,0.84297365,-4.288699,0.0286498361364209,1348574.0,55039.09755891715,2.824033118803916,0.7713977313269346
Z644421484,Z644421484,COCCN(Cc1cscn1)CC(C)C,-1.8705537,0.34512174,3.0044923,0.6354702,-2.0431147,0.1003752295890805,1248994.05,41151.41003474243,2.491893558364355,0.7154821846270021
Z367829390,Z367829390,CCNC(=O)CNC(=O)CSc1cccs1,-2.3944232,0.5126642,3.0044494,0.37652448,-2.6507554,0.0600468901933951,1304983.9,45410.18567557284,2.2198500138098716,0.7510735320580025
Z355129808,Z355129808,COc1cc(C)c(S(=O)(=O)N(C)C)cc1OC,-2.6031435,1.1800723,3.0042877,1.5302072,-3.1931796,0.0872235387330284,1267253.2,159164.10127085817,1.8750518965258696,0.8166223707233232
Z3036579927,Z3036579927,Cl.NCc1cccc(C(F)(F)C(F)(F)F)c1,-3.8538032,1.5429214,3.0039222,1.2372779,-4.6252637,0.0275069326898836,1350160.75,58156.4484892905,2.3812111676560246,0.8129884336290434
Z4371526952,Z4371526952,COc1ccc(C(CN)OC)cc1OC.Cl,-4.0134726,1.0642496,3.0039206,0.7092052,-4.5455976,0.0131939352468758,1370032.2,15480.882793303488,2.5612845133006577,0.8617867281252702
Z955369596,Z955369596,COc1ccc(Br)cc1CNC(C)=O,-3.3978639,0.8298083,3.0039,0.63511616,-3.812768,0.0272963589872869,1350453.1,43270.24256795887,1.72308827799983,0.9010515220927063
Z1255402467,Z1255402467,N#Cc1c(F)cccc1OC(F)F,-3.085428,0.90268856,3.0035796,0.7530783,-3.5367723,0.0359781035041595,1338399.8,49268.49269929008,2.1922454642945404,0.7111054138017793
Z104654026,Z104654026,CCN(CC)C(=O)Nc1ccc(OC)cc1,-3.638921,0.9123504,3.0034902,1.169208,-4.095096,0.0187192710771778,1362361.1,17433.349749546127,1.606098125697983,0.850267533164229
Z188880214,Z188880214,CONC(=O)COc1ccc(C#N)cc1,-4.1658525,0.99631244,3.0033116,0.7807135,-4.6640086,0.0134933194079301,1369616.55,21721.994225841696,2.039457294628093,0.7326424703965919
Z1287357569,Z1287357569,O=C(NCCC(F)(F)F)N1CCOCC1,-3.8100407,0.4859124,3.0033076,0.47174785,-4.052997,0.0112252313897792,1372765.45,9378.835441967194,2.21350047340054,0.7621919537800531
Z5410120977,Z5410120977,Cc1cc(Br)c(CN)nc1C.Cl.Cl,-5.294165,2.6421144,3.0032735,0.8788777,-6.6152225,0.0129565671480534,1370361.75,29928.02098681936,2.9675628269319017,0.8626203688394138
Z137612194,Z137612194,COc1cccc(NCc2cscn2)c1,-2.5502942,0.6664002,3.0032487,0.76586294,-2.8834944,0.0537673857456693,1313702.05,47788.838989323645,2.0208901118109104,0.8599084981593551
Z3919171831,Z3919171831,O=S(=O)(F)Oc1ccccc1Cl,-3.5168362,1.3081411,3.003204,1.1783886,-4.1709065,0.0364740159181762,1337711.3,68011.50133697977,2.294472330638607,0.7009672272218197
Z1333764659,Z1333764659,COC(C)C(=O)Nc1ncc(Cl)s1,-3.2645555,0.9475187,3.003034,0.7830266,-3.7383149,0.0288020672020744,1348362.65,29078.79685316261,2.903959524224888,0.8448876227776365
Z169505102,Z169505102,CC(=O)N1CCCN(CC(O)COC(C)C)CC1,-3.9703507,0.685815,3.003027,0.48852572,-4.313258,0.0111416429574674,1372881.5,12697.915886081464,2.6068362363147273,0.7717805278164148
Z3241270218,Z3241270218,Cl.Cl.NC1CCN(c2cnccn2)CC1,-4.9586253,1.774723,3.0023537,0.8391905,-5.845987,0.0089548744913026,1375917.5,14766.410848611791,2.5447596572654536,0.8156396751748847
Z1263843822,Z1263843822,COc1c(C(=O)O)sc(C)c1Br,-3.715639,0.4457141,3.002215,1.0654147,-3.938496,0.0130368422948103,1370250.3,13554.693327773964,2.6537688566931976,0.8779382250936429
Z214853328,Z214853328,CC(C)CSCc1cc(=O)n(C)c(=O)n1C,-1.7302086,0.5975483,3.0020738,0.63558394,-2.0289829,0.1328663881586055,1203884.95,110389.68275861428,2.603935288535146,0.7900919746730775
Z365015076,Z365015076,CC(Cc1cccs1)NC(=O)C(C)(C)C,-2.0613272,1.0096161,3.0018516,0.90381026,-2.5661354,0.1253355061763964,1214340.45,172549.2134834219,2.646975420492506,0.8417578913762995
Z1526503304,Z1526503304,Cl.Cl.NC(CN1CCCCC1)C(=O)O,-6.0322814,2.379081,3.00162,0.8724431,-7.221822,0.0071707422479921,1378394.5,15606.10064846437,2.728148931336772,0.7687204528450436
Z1266854896,Z1266854896,COCCNCCNc1ccc(F)cc1.Cl.Cl,-4.619399,1.9487357,3.0015893,0.8291018,-5.593767,0.0106584074620953,1373552.4,12149.381932427672,2.054168120302096,0.7542948717357014
Z332369884,Z332369884,N#Cc1ccc(NC(=O)N2CCCC2)cc1,-3.220775,1.070554,3.0014894,0.9134086,-3.756052,0.0389800122447508,1334232.1,61946.5694069494,1.7247136927396376,0.7802057571219713
Z608481852,Z608481852,COc1cc(CC#N)ccc1OCC(F)(F)F,-3.1377113,0.9126735,3.0013,0.39976004,-3.594048,0.0421299024021321,1329858.95,74931.90824707122,2.150471598562964,0.8185422613134409
Z1250621415,Z1250621415,COc1cc(OC)c(NS(=O)(=O)N(C)C)cc1Cl,-2.7371523,0.9925397,3.0012667,0.5274938,-3.2334223,0.0617338567364137,1302641.8,74448.68768259116,2.1495280282832407,0.8950310157802712
Z384973048,Z384973048,O=C1CCOc2c(Cl)cc(Br)cc21,-3.2008576,0.81584275,3.0012627,0.8887351,-3.608779,0.0273669103612201,1350355.15,23163.309669118964,2.4804705192395957,0.7172975655773957
Z57313870,Z57313870,COc1cc(Cl)c(C=O)cc1OC,-2.7999597,0.7622723,3.0011346,0.92783374,-3.1810958,0.0439073360463859,1327391.25,41374.19818543315,1.9038023873714636,0.7019313578615144
Z18212497,Z18212497,CNC(=O)CSc1ccc2c(c1)OCCCO2,-3.7882106,0.52692914,3.0004978,0.39453042,-4.0516753,0.0106339179601686,1373586.4,5189.068841324039,2.174368622656882,0.8327026949231439
Z2238072288,Z2238072288,COC(=O)COc1cccc(CN)c1.Cl,-4.8162565,1.5834492,3.000482,0.9025227,-5.607981,0.0102498649475996,1374119.6,18721.813617809574,1.8633177341885343,0.7892634226243734
Z259726284,Z259726284,COc1cc2c(cc1OC)NCC2,-3.0420313,1.4178545,3.0004153,1.5739641,-3.7509584,0.0769389923290236,1281531.75,146939.38002110767,2.038167816536893,0.7487307996844099
Z1661213704,Z1661213704,O=C1NCCOc2cc(Br)ccc21,-3.8493893,1.7613099,3.000268,1.5092807,-4.7300444,0.0508342997082869,1317774.2,122591.30312285616,2.343715009884086,0.7494108670849607
Z1269208845,Z1269208845,NC(=O)c1cccc(OC(F)(F)F)c1,-3.3054028,1.2259703,3.0001674,1.3047043,-3.918388,0.0385010263982424,1334897.1,60462.554935182816,1.809991604403157,0.7980446893331963
Z433865624,Z433865624,CCOC(=O)N(C)CC(=O)N1CCCCCC1,-3.179544,0.69816875,3.0000815,0.8649395,-3.5286283,0.0269454388302661,1350940.3,26449.509088260977,2.0045732921515214,0.7528479438777562
Z1155949702,Z1155949702,CS(=O)(=O)N1CCCC(N2CCCCCC2)C1,-3.1625,0.79172754,3.0000498,0.58507526,-3.5583637,0.0301100226888032,1346546.75,30691.675359737208,2.5341504219906845,0.7509282189968658
Z274555336,Z274555336,CCN(CC)C(=O)Nc1ccc(Br)cc1,-3.3379962,0.51548195,3.000042,0.7140676,-3.5957372,0.0201229517052615,1360412.3,17686.505047917184,1.7261867773405015,0.8981374159940168
Z2839839376,Z2839839376,c1cc(CN2CCCCCO2)[nH]n1,-3.3475788,2.281801,2.9998932,1.9523408,-4.488479,0.1540440811034682,1174482.9,350794.7459549388,2.9692953713106007,0.7478983825186016
Z5809943856,Z5809943856,Cl.Cl.NCc1ccc(CN2CCOCC2)o1,-5.479041,2.5114954,2.9998379,0.7511924,-6.734789,0.0080707674577736,1377144.95,13522.153805792184,2.461454378747259,0.9011214950732856
Z1027619178,Z1027619178,Cn1ccnc1CN1CCCN(CC(F)(F)F)CC1,-2.7782884,0.70802486,2.9997175,0.53686905,-3.1323009,0.0433683149061835,1328139.6,43324.35653117077,2.3461046764708158,0.8357585699597334
Z1269170587,Z1269170587,O=Cc1ncc(Br)cc1Br,-2.540659,0.6314242,2.9996543,0.5505211,-2.856371,0.0594642921453524,1305792.75,74163.88187512504,2.8653206487267955,0.7295841152894211
Z239604672,Z239604672,CCCCOc1ccc(CN)cc1OC,-3.5237565,0.38644412,2.9994812,0.6501783,-3.7169785,0.0151972845464039,1367250.85,13008.94504283495,1.6463188330896301,0.7312340128622121
Z2041655122,Z2041655122,COc1cnc(NCc2sccc2OC)cn1,-2.7240915,0.3834232,2.999447,0.52228224,-2.9158032,0.0395087333885547,1333498.05,28771.3807219518,2.682757005702408,0.8821901893799002
Z1201622380,Z1201622380,COc1cc(OC)nc(C(=O)O)n1,-5.2694006,0.70701706,2.9994402,0.5436833,-5.622909,0.0026772787841682,1384633.0,3080.7535928730163,2.3941500796791555,0.7217093394665438
Z30612234,Z30612234,CC(C)C(=O)Nc1ccc(C#N)cc1,-3.579762,0.38904378,2.9993055,0.48639822,-3.774284,0.0140409478877804,1368856.25,9538.052164226196,1.658700018890519,0.7726716983816694
Z114023914,Z114023914,CCNc1nnc(SCC(N)=O)s1,-2.6395946,1.2654803,2.9992402,1.2359649,-3.2723346,0.0891873446897396,1264526.75,162135.6705308474,2.3856743653934416,0.7052464038772384
Z28173627,Z28173627,O=C(Nc1nccs1)c1ccncc1,-3.114697,1.1185857,2.999059,1.0903276,-3.6739898,0.0491164691900457,1320159.15,91471.62065431823,1.927026927155552,0.8127494499659154
Z1450265570,Z1450265570,CCN(C)C(=O)C1CCNCC1.Cl,-4.8735676,1.4774016,2.999044,0.87369555,-5.6122684,0.0084890697590666,1376564.2,13772.415433031349,2.4922854513662926,0.7280353789085595
Z1011715230,Z1011715230,COc1ccnc(N2CCCN(C(N)=O)CC2)n1,-2.994844,1.0815072,2.9988794,0.8698757,-3.5355976,0.0470365901969964,1323046.75,63853.71075503365,2.2491068287068465,0.804038762735701
Z56795464,Z56795464,O=C(CN1CCCCC1)Nc1nccs1,-3.1465466,1.0224364,2.998829,1.1253297,-3.657765,0.0435189253430331,1327930.5,83010.8673834336,1.9000006013213984,0.8489263188367508
Z1911185259,Z1911185259,OCCc1cc(Br)ccc1OCCCOCC(F)(F)F,-3.201756,0.38298658,2.998567,0.30080166,-3.3932493,0.0218453920121007,1358020.95,15030.858955745012,2.291784886300528,0.7257730581670894
Z283699736,Z283699736,N#Cc1ccc(NC(=O)CC(F)(F)F)cc1,-3.2350388,0.40093434,2.9985652,0.5705607,-3.4355059,0.020756689595563,1359532.45,13173.808486823396,1.9684250406435009,0.8446898157182254
Z103727016,Z103727016,COc1ccc(Cl)cc1CN(C)C,-2.9853072,1.5087124,2.9985454,1.3716058,-3.7396634,0.0862682320740447,1268579.5,170449.34487480437,1.681207662096737,0.7415809704940062
Z409948008,Z409948008,Cc1ccc(F)cc1NC(=O)N1CCCCCC1,-3.1114764,1.2527575,2.998526,1.3680838,-3.7378552,0.061802715453596,1302546.2,120247.7878643096,1.7017276431864836,0.8119500026413135
Z219122718,Z219122718,CC(C)OCCCNc1c(C#N)c(=O)n(C)c(=O)n1C,-2.446698,0.4483543,2.9984498,0.53618705,-2.670875,0.0565178449238304,1309883.45,48147.3653271651,2.6031303091795372,0.7509700888489272
Z1263540637,Z1263540637,NC(=O)Nc1ccc(Br)c(F)c1,-3.147304,0.78352225,2.9980729,1.0226038,-3.5390651,0.0323294198148882,1343465.45,48027.89789744602,1.871844446023223,0.7659141354791438
Z1528704405,Z1528704405,CN(Cc1nccs1)CC(C)(CO)CO,-2.785752,0.93345684,2.9979336,0.8381204,-3.2524805,0.0523928044081103,1315610.45,67060.84275452778,2.982066702293597,0.7497943295290825
Z1432031477,Z1432031477,COc1cc(OC)cc(OCCNS(C)(=O)=O)c1,-3.6944175,0.6016596,2.99764,0.43701488,-3.9952474,0.0154685778081896,1366874.2,15375.45299039999,1.9778147980484295,0.7388875689535235
Z18430744,Z18430744,NC(=O)COc1ccc(F)c(Cl)c1,-2.9983401,0.8487885,2.9976392,0.6181854,-3.4227343,0.0350426405445312,1339698.55,31153.740519358184,1.7471944752835515,0.8062480502913831
Z1359539334,Z1359539334,N#Cc1ccc(N2CCCS(=O)(=O)CC2)cn1,-3.0724998,0.96771014,2.9975953,0.90270376,-3.5563548,0.0367716353945329,1337298.1,44505.04365563526,2.6426742741482485,0.7295129376960002
Z371965310,Z371965310,CNC(=O)CN(C)C(=O)CSc1cccs1,-2.3509226,0.5089036,2.9975893,0.60056573,-2.6053743,0.0622587243850613,1301913.1,40059.63748824994,2.40981071311057,0.8030268945001506
Z1633483558,Z1633483558,Nc1cc(OCC(F)F)ccn1,-3.5639312,0.493374,2.9972665,0.7358136,-3.8106182,0.014288507941081,1368512.55,10258.348192935351,2.45960030266658,0.7509835802991627
Z1269211869,Z1269211869,Brc1ccc(-c2cncs2)cc1,-2.238275,2.0931332,2.9971187,1.6478059,-3.2848415,0.2340059062916412,1063467.9,448051.329693697,2.1694395833858593,0.7419850982058163
Z1996670599,Z1996670599,CC[C@H](O)COc1ccc(C#N)c(OC)c1,-3.6147423,0.78127515,2.9970727,0.41989708,-4.0053797,0.0197551770086794,1360922.9,23561.561539719733,2.532636161652306,0.8218345213895629
Z968903112,Z968903112,CC(=O)N1CCCN(Cc2nccn2C)CC1,-3.159118,0.92490387,2.9970696,0.57533544,-3.6215699,0.0341836352504772,1340891.15,42489.562263307685,2.1209598510713263,0.7495081419090711
Z1431706234,Z1431706234,Cc1csc(Cn2cnccc2=O)n1,-2.0967011,0.8718526,2.997067,0.9127476,-2.5326273,0.1081740915475204,1238166.5,142331.81771884317,2.4755575087690627,0.7393410126057341
Z1250195103,Z1250195103,CCOCCNc1ccnc(N(C)C)n1,-2.9527829,0.5675436,2.9968698,0.8817528,-3.2365546,0.0315397774336442,1344561.75,21433.30970913032,2.39711993199073,0.7095578037836535
Z808603402,Z808603402,CCOCCCNc1ncccc1Br,-2.471938,0.74224734,2.9968212,0.95531994,-2.8430614,0.0626997515035833,1301300.8,59181.76178992984,2.1286767395382924,0.7973589363070149
Z1162956267,Z1162956267,CCCOc1ccc(CNC(C)CC)cc1OC,-3.201022,0.65539515,2.9968207,0.7048275,-3.5287194,0.0275878560881622,1350048.4,31290.044609108503,2.233208343065119,0.768093569924697
Z2732847627,Z2732847627,COc1cc(C#N)nc(N2CCCC2)n1,-2.7215493,0.74439675,2.9967637,0.705962,-3.0937476,0.0482932977995462,1321302.0,52728.63780906918,2.473379272650069,0.7175181456386862
Z57203203,Z57203203,Oc1ccc(Br)cc1Br,-3.7773292,0.7988892,2.9966266,0.5968753,-4.176774,0.0160453776065113,1366073.4,25070.82784712144,1.92627416107171,0.7520027539290286
Z62679110,Z62679110,CCNC(=O)c1ccc2c(c1)OCCCO2,-4.1163735,1.2772121,2.9965267,1.1132241,-4.7549796,0.0181633593834408,1363132.9,32334.532691690478,1.8674886091275962,0.8247132286504487
Z247612578,Z247612578,N#Cc1cccc(N2CCNCC2)c1,-3.4418216,0.4541896,2.9964786,0.33967116,-3.6689165,0.0165612417618036,1365357.2,11258.599653598132,2.0465901541724385,0.7116465702275296
Z33545847,Z33545847,CCOc1ccc(C(N)=O)cc1OC,-3.3978887,0.72898483,2.9963107,0.87837356,-3.762381,0.0211336118413945,1359009.15,22329.51376379477,1.5047745128176437,0.784575129989989
Z1491315666,Z1491315666,CCN(CC)C(=O)NC(CN)CC(C)C.Cl,-3.5589385,1.1064612,2.9962409,1.0060833,-4.1121693,0.0240766377354413,1354923.2,27910.1512761934,2.9709534693446145,0.7568710853383602
Z2805877171,Z2805877171,COc1ccc(F)cc1CCN.Cl,-4.2199097,1.4493257,2.9960923,0.81484586,-4.9445724,0.0135111823387474,1369591.75,18653.951862474078,1.8905641843979666,0.8163731457483068
Z4749943568,Z4749943568,COc1cc(Br)cnc1C(N)=O,-2.4008365,0.8485469,2.996004,1.0282258,-2.82511,0.0781833471386899,1279804.15,99825.82332406532,2.223194926792454,0.8234597372846385
Z1486008122,Z1486008122,Brc1cnccc1-c1cncnc1,-0.84173745,0.77137226,2.9958565,1.2628413,-1.2274235,0.3113604638599777,956072.7,217345.67119317103,2.4236093856363556,0.7619679093716096
Z1278645123,Z1278645123,CC(C)OCCS(=O)(=O)N1CCNCC1,-3.570568,0.44404218,2.9955325,0.37908384,-3.7925892,0.013775308819822,1369225.05,7518.428289709226,2.515414169460577,0.7084511674708055
Z1272134125,Z1272134125,CN1CCCN(c2cncc(Br)c2)CC1,-2.9605606,0.5731857,2.99488,0.5223379,-3.2471533,0.0323891309828212,1343382.55,26592.467819807545,2.1512694336518585,0.7775969331425391
Z534332696,Z534332696,CCn1cnnc1CNC(=O)N1CCCCCC1,-2.5524583,0.90952015,2.99482,0.73537856,-3.0072184,0.0728061007670977,1287269.65,110767.4300989578,2.276921934867655,0.8824888927453655
Z334882108,Z334882108,c1cncc(CNc2cccnc2)c1,-2.6020892,1.0839978,2.9947948,1.1466268,-3.144088,0.0799524615550834,1277348.0,132232.73059193778,1.8071838823954351,0.7951904397663039
Z169567478,Z169567478,CCN(CC)C(=O)c1cc(Cl)cn1C,-2.3975787,0.59612554,2.9946456,0.8350158,-2.6956415,0.0625107861850399,1301563.15,49073.51579444355,2.2913924360039886,0.7572306385568516
Z1138772834,Z1138772834,CCNCc1ccc(OC(F)F)c(OCC)c1.Cl,-3.9708545,1.3009734,2.994482,0.81120735,-4.621341,0.016713724925271,1365145.5,22526.564372979738,2.070689464453455,0.8323509168783577
Z32751303,Z32751303,CCOCCCNC(=O)c1ccco1,-3.5959382,0.5744577,2.994408,0.88249105,-3.883167,0.0138714301148844,1369091.6,8206.935307409216,1.8970790472305996,0.7018290243025597
Z29679170,Z29679170,CCC(=O)Nc1cc(Cl)c(OC)cc1OC,-3.048106,0.75173664,2.9944026,0.5150824,-3.4239743,0.0361090503115208,1338218.0,48116.38489433719,1.7453087615737353,0.8846022079960606
Z354375170,Z354375170,Cn1c(NCCCOCC(F)(F)F)c(C#N)c(=O)n(C)c1=O,-2.582477,0.56076974,2.9942992,0.7093318,-2.8628619,0.0500095076889832,1318919.3,38496.17176954093,2.718303463287553,0.7634610750201699
Z1273312064,Z1273312064,CN(C)C(=O)c1ccc(F)c(Br)c1,-3.0253308,0.9617183,2.994176,1.092767,-3.5061898,0.0413147981416789,1330990.6,52497.29114097222,1.8210687092848445,0.7439601349082954
Z872726794,Z872726794,CCOC(=O)CCNC(=O)CC(C)(C)C,-3.1972544,0.39898035,2.9940438,0.43603203,-3.3967445,0.0219910325206179,1357818.75,17809.464084792107,1.967213592176698,0.7068619550039509
Z1642742478,Z1642742478,O=c1ccccn1CCOCC(F)(F)F,-2.9660542,1.4715731,2.9939585,1.2596273,-3.7018409,0.0724628876003889,1287746.15,131155.47158402312,2.28597664600842,0.7199677574179126
Z990782234,Z990782234,COCCN1CCCN(c2nccc(OC)n2)CC1,-3.0719237,1.0199416,2.993938,0.8000176,-3.5818944,0.0445149638059567,1326547.65,75104.00145416688,2.155733978489552,0.7795039760748917
Z56347462,Z56347462,N#Cc1ccsc1NC(=O)CCCl,-2.4661078,0.8907408,2.993915,0.52508146,-2.9114783,0.0766650700471782,1281912.05,100533.0557809097,2.3837782115472876,0.7846343772094334
Z3326049594,Z3326049594,COC(=O)c1cc(Br)cc(CN)c1.Cl,-4.8689623,1.5701872,2.9938817,1.0012077,-5.654056,0.0087437605791046,1376210.6,14364.078405522576,2.1152805856921386,0.8443487271924907
Z1629187511,Z1629187511,CN(C)C(=O)c1cccc(Br)c1Cl,-2.657271,0.65707034,2.993811,0.91236556,-2.985806,0.0474811826988871,1322429.5,42378.421816415015,2.107105813357242,0.761998090960054
Z3919194315,Z3919194315,COc1ccc(OS(=O)(=O)F)cc1F,-3.3787086,0.73447585,2.9938073,0.5440385,-3.7459464,0.0246082399971189,1354185.15,30310.03964575929,2.321026947438499,0.7285535441144864
Z2681245448,Z2681245448,COc1cccc2c1OCCN(C(=O)CCl)C2,-3.4669068,1.0350243,2.9937615,1.2075067,-3.9844189,0.0257419598804337,1352611.15,35753.24965408739,2.2527492741482487,0.7547100329537025
Z56922108,Z56922108,COc1cc(CCC(=O)O)cc(OC)c1OC,-3.4646897,1.0706531,2.9937391,1.2255226,-4.000016,0.0302587243850613,1346340.3,50937.44570068272,1.7263729363556042,0.8198764387843313
Z763720066,Z763720066,CC(C)[C@H](NC(=O)N1CCCCCCC1)C(=O)O,-3.7156913,1.2248954,2.993537,0.86121607,-4.328139,0.02562635502575,1352771.65,42507.636328399865,2.319887413708763,0.811807737874428
Z2517218720,Z2517218720,C=CC(=O)NCC(C)(C)N1CCCCC1,-2.8560903,0.68309593,2.993389,0.5228908,-3.1976383,0.0439665070047177,1327309.1,66075.2633546776,2.5097676403799003,0.7140760013187689
Z1430530040,Z1430530040,FC(F)c1nnc(N2CCCCC2)s1,-2.4218757,1.2635567,2.9932456,1.1834759,-3.0536542,0.1149878272769835,1228706.65,200793.34057141317,2.5148252010767536,0.7647265577149887
Z1882007209,Z1882007209,CC1CN(S(C)(=O)=O)c2cc(Br)ccc2O1,-2.5119584,0.38313952,2.9929118,0.6641628,-2.7035282,0.0512192530701912,1317239.75,39518.58415843741,2.8597273959993554,0.7970398202775251
Z238355936,Z238355936,NC(=O)Cn1ncc(Br)c(Br)c1=O,-2.5807252,0.8774795,2.9928946,0.6513052,-3.019465,0.0612525299816328,1303310.05,68425.54337853298,2.6282221029500032,0.8505141880883992
Z2065464308,Z2065464308,C#CCOc1cccc(CN)c1.Cl,-4.910111,1.4355292,2.992576,0.83962834,-5.6278753,0.0074076781791334,1378065.55,12617.765208130164,2.243250739019814,0.7472729710899456
Z734950012,Z734950012,COc1cc(C)c(NC(=O)C(C)(C)C#N)cc1OC,-3.0233655,0.47898507,2.992464,0.62370354,-3.262858,0.0290437929916806,1348027.05,26392.22220745157,2.1974307896783625,0.9045244732518773
Z331871190,Z331871190,N#Cc1ccc(SCC(=O)O)cc1,-3.5815048,0.8898421,2.99229,0.5098276,-4.026426,0.0170410559297007,1364691.05,13675.660720692804,1.938070519239595,0.7425021048232219
Z397770634,Z397770634,CCN(CC(C)C)c1c(C#N)c(=O)n(C)c(=O)n1C,-1.6795056,0.67334837,2.9922898,0.5485122,-2.0161798,0.1480969136024778,1182739.65,143738.4654430661,2.7557443909342503,0.7907586163490778
Z28277858,Z28277858,COc1ccc(C(=O)NC(C)(C)C)c(OC)c1OC,-3.1038318,0.63557005,2.992247,1.0572503,-3.4216168,0.0277671336478553,1349799.5,19010.646571066434,1.9594070973706703,0.9086283978724822
Z5217800933,Z5217800933,COc1cccc2c1N(C(=O)CCl)CCO2,-3.1317575,0.48753375,2.992199,0.6465362,-3.3755243,0.0252283285914934,1353324.25,19765.529964751768,2.4630223215021783,0.7395623377678446
Z1416168457,Z1416168457,COc1cc(OC)c2ccncc2c1,-2.353397,1.1678302,2.9920857,1.3818952,-2.9373121,0.1021002268880326,1246599.15,134882.20166622245,1.873848662615213,0.7256534593354161
Z416848196,Z416848196,N#Cc1ccc(N2CCCN(CC(N)=O)CC2)cc1,-3.2105408,0.7975072,2.9920757,0.6255441,-3.6092944,0.028403284474376,1348916.3,26634.74556871156,1.954895097370672,0.8592360490264113
Z32013963,Z32013963,CC(Oc1ccc(C#N)cc1)C(=O)N(C)C,-3.2562041,0.86374855,2.9920208,0.50023264,-3.6880784,0.0307911549681275,1345601.1,32350.350880477323,2.3902526196129497,0.7704454928240243
Z2120061162,Z2120061162,CNCCOCc1ccc(C#N)cc1.Cl,-4.960741,1.9136835,2.9920115,0.78798544,-5.917583,0.0094836676630531,1375183.35,16201.25588118094,2.1087526309990388,0.7780284305544976
Z422348386,Z422348386,CN(Cc1ccco1)C(=O)COCC(F)(F)F,-3.1420894,0.47990257,2.9915776,0.6180702,-3.3820407,0.0233552418338315,1355924.75,13806.248124943286,2.3498592239810243,0.8011989269524579
Z1999525522,Z1999525522,COc1cccc(OC)c1NC(=O)CCl,-3.4820187,0.66471833,2.9911463,0.49315053,-3.8143778,0.0198481290740806,1360793.85,22907.41106994633,1.9148186722748353,0.8023960013701612
Z297588574,Z297588574,COC(=O)CNc1ccc(Br)c(C)c1,-3.579062,0.8007671,2.9908674,0.59881115,-3.9794455,0.0168866280116685,1364905.45,15467.796318399722,1.916949006744769,0.8454956553704597
Z54988984,Z54988984,CC(C)(C)C(=O)NCCCn1ccnc1,-2.8288944,0.786055,2.9908576,0.716941,-3.221922,0.0418237116001007,1330284.05,33509.25389422301,2.2432460643949117,0.7625837583233835
Z1383890485,Z1383890485,COc1cc(CNc2nncs2)cc(OC)c1OC,-2.5492225,0.7262396,2.990542,0.8563862,-2.9123423,0.057726617927756,1308205.25,65243.182587052725,2.223828430704005,0.8751337438919837
Z1374991750,Z1374991750,O=C(Nc1ccc(Cl)cn1)N1CCCCCCC1,-3.5209785,1.207146,2.9901278,1.311431,-4.1245513,0.0370995066085642,1336842.9,73685.00149141614,1.8935672011398452,0.8459562101532598
Z1269208118,Z1269208118,COc1cc(C=O)c(Br)cn1,-3.028713,0.6156044,2.9899957,0.74780905,-3.3365152,0.032687074584939,1342968.9,47000.978156736266,2.6166357209126136,0.7054171257972797
Z2380439453,Z2380439453,Brc1cccc(CN2CCCC2)c1.Cl,-4.0070734,1.11186,2.9897418,1.0957681,-4.5630035,0.0138885007382865,1369067.9,16546.453731540183,1.7156592839169917,0.7994127075206185
Z445226106,Z445226106,CCOc1ccc2c(c1)C=C(C#N)CO2,-2.952273,0.36335656,2.9897277,0.6267108,-3.1339512,0.0296475312421218,1347188.85,20511.16489445444,2.6070043173727893,0.7373102167488612
Z90122002,Z90122002,CCNCc1ccc2c(c1)OCCO2.Cl,-5.021168,1.9450115,2.9895349,1.1259677,-5.993674,0.0082800086433536,1376854.45,13148.197866913168,2.014435316606116,0.8601229463929069
Z5025782753,Z5025782753,COc1ccc(CNCCN(C)C)cc1.Cl.Cl,-5.0422163,2.0312498,2.9895196,0.8872626,-6.0578413,0.0088117189469514,1376116.25,14863.272778479846,1.8851060923300675,0.8089550134709957
Z1829021452,Z1829021452,CCc1nsc(N(CC)CC(N)=O)n1,-2.0537453,0.8975328,2.9894748,0.9471018,-2.5025117,0.1135781323153383,1230663.8,127833.17777658504,2.8121720836678463,0.7703240926266297
Z137707410,Z137707410,COc1ccc(OCCN(C)CCO)cc1,-4.2090473,0.70675015,2.9893615,0.70751184,-4.5624223,0.0094123960096517,1375282.3,10336.68193425724,1.7491146291944872,0.7513785224622871
Z31723316,Z31723316,CCN(CC)C(=O)c1ccc(Cl)s1,-2.4164064,0.8355849,2.989322,1.1687886,-2.834199,0.0733629128101702,1286496.6,82577.4781870941,2.073663046712122,0.7626687599034312
Z188745072,Z188745072,Cl.NCCc1cc(Cl)c2c(c1)OCCO2,-4.2787566,1.2433977,2.9893098,0.8888985,-4.9004555,0.0120724601145244,1371589.2,15984.222735560214,2.3645113552016657,0.872954529134084
Z1362472803,Z1362472803,CS(=O)(=O)CCSc1cccc(C#N)c1,-2.7780204,0.6488508,2.9893012,0.6832388,-3.1024458,0.0403047862570676,1332392.85,28804.874700777647,2.287790154451196,0.7527290297906124
Z1505709998,Z1505709998,COC(=O)C(NC(=O)OC(C)(C)C)C(F)(F)F,-3.6669457,0.8024773,2.9892547,0.75920975,-4.0681844,0.0194693341016314,1361319.75,30129.74036541802,2.8102213011115644,0.7632357371188044
Z1147183047,Z1147183047,N#Cc1cc(F)ccc1N1CCCOCC1,-2.8305337,1.2694308,2.9891245,1.3202109,-3.465249,0.065728850794108,1297095.35,100164.7434551075,2.109392956953684,0.7251194511657431
Z91150778,Z91150778,CN(Cc1ccsc1)C(=O)c1cccs1,-1.9296014,0.60161084,2.989071,0.6638013,-2.2304068,0.1058568804696221,1241383.6,78490.9051077894,2.168924889823595,0.803042196179738
Z32203018,Z32203018,CC(=O)NCC(c1cccs1)N(C)C,-2.2590396,0.7202722,2.9890423,0.8054499,-2.6191757,0.0785083372348471,1279352.95,68925.53098270262,2.6241318347491482,0.8197704226476717
Z30519309,Z30519309,C=CCNC(=O)c1cc(OC)c(OC)cc1OC,-3.5102425,0.49427846,2.9889526,0.7202065,-3.7573817,0.0157546007851046,1366477.1,12320.694768964937,1.9156173098223697,0.7806328958263473
Z1537053437,Z1537053437,CNC(=O)c1c(Cl)ccc(Cl)c1Cl,-2.4041638,0.8849922,2.9882605,1.317557,-2.84666,0.0728734829113695,1287176.1,66504.20388434101,1.98012436539344,0.7488586876305156
Z1198728486,Z1198728486,CC(C)(C)OC(=O)Nc1cocn1,-3.3801506,0.8621214,2.987895,0.77022666,-3.8112113,0.0230364461411026,1356367.35,21383.29475846741,2.728123266492343,0.7246928867781542
Z1091813902,Z1091813902,Cc1ccc(CN(C)CCS(C)(=O)=O)s1,-2.6932616,0.6403535,2.9876351,0.64714265,-3.0134385,0.0452610652933337,1325511.8,38301.25605068325,2.4073400418808397,0.7917143675637585
Z403316426,Z403316426,O=C(NC1CCCCNC1=O)c1ccco1,-3.7857807,1.366358,2.987624,0.95855796,-4.46896,0.0351711023877264,1339520.2,75597.87123299175,2.657925793759329,0.772487656148777
Z751081400,Z751081400,COCC(C)NC(=O)N(CC(C)C)CC(C)C,-2.6874146,0.7616995,2.9876206,0.5274125,-3.0682645,0.0546297043252781,1312504.85,64975.227397274255,2.748128044368306,0.7466227010413845
Z1695822071,Z1695822071,CN(CC(=O)O)C1CCNCC1.Cl.Cl,-6.0657167,2.4914339,2.9875934,0.81177604,-7.311434,0.0080180790146576,1377218.1,17615.74220094061,2.6711680582196102,0.764056840436814
Z8351703923,Z8351703923,CCN(CCN)Cc1ccc(C#N)o1.O=C(O)C(F)(F)F,-4.1561484,0.7841492,2.9874625,0.3080554,-4.548223,0.0087827637123204,1376156.45,7456.469335248419,2.8074615691501172,0.8553907616989987
Z1729819468,Z1729819468,Cc1occc1SCc1nccs1,-1.8510805,0.9133073,2.9872549,0.8634452,-2.3077343,0.1335066445780962,1202996.05,118576.52389047126,2.809228413976438,0.7282233388163608
Z1622689428,Z1622689428,CCCN(CCN(C)C)C(=O)C(C)N.Cl,-3.9812481,1.2518779,2.9872327,0.8315902,-4.6071873,0.0143361544279181,1368446.4,14920.537350913335,2.8695255868126726,0.7345029203086588
Z1492782455,Z1492782455,Nc1ccnc(CN2CCCCCCC2)n1,-3.2034783,1.4319565,2.9872246,1.1776654,-3.9194565,0.0629108654157813,1301007.7,118036.75276755964,2.1741677879506245,0.8257437888558727
Z28257461,Z28257461,CCN(CC)C(=O)c1ccc(Br)s1,-2.4322124,0.39745373,2.9872093,0.81167316,-2.6309392,0.0549914286743257,1312002.65,31705.71601190391,2.1412955741846496,0.8195834849284276
Z32386020,Z32386020,CC(C)CNC(=O)c1cnccn1,-2.9096467,0.8319506,2.9868128,0.7716667,-3.325622,0.0429586199445385,1328708.4,56628.31003252701,1.9812666730857487,0.7483941511582242
Z5591730921,Z5591730921,Cl.NCc1cc(Br)cc(OS(=O)(=O)F)c1,-4.320639,1.3703787,2.9865491,1.1247752,-5.0058284,0.0124036446141103,1371129.4,16943.80392473898,2.892531499370719,0.8639885565759774
Z199040722,Z199040722,Cl.Cl.NCc1ccccc1Cn1ccnc1,-4.4379034,1.6839262,2.9863398,1.1907182,-5.2798667,0.0345800410559297,1340340.8,155607.09596788962,2.3322053626470804,0.9192171091699816
Z280255130,Z280255130,COCC(=O)Nc1ccsc1C(=O)OC,-3.355795,0.7563733,2.9862893,0.69998217,-3.7339816,0.0225936903518564,1356982.05,20314.76236502657,2.039785276402416,0.7856474449635368
Z353076396,Z353076396,COc1cc(CNC(=O)N2CCCCCCC2)ccn1,-3.329366,1.0947251,2.9861598,1.1947361,-3.8767285,0.0370528324990097,1336907.7,63902.34705556596,1.9937746813330826,0.923511640950138
Z2493297873,Z2493297873,Cc1cc(Cn2ccnc2C)cs1,-1.9520407,0.74138933,2.9860418,0.89708924,-2.3227353,0.11394569092808,1230153.5,113167.67118196786,2.5012879828570593,0.7148472648015903
Z56798541,Z56798541,c1nnc(NC2=NCCCCC2)s1,-2.9355164,1.4180424,2.985793,1.3120806,-3.6445374,0.0847112399611049,1270741.15,170178.93730285042,2.9422137145058667,0.7462113923337846
Z756475450,Z756475450,O=C(NCCc1cccs1)OCC(F)(F)F,-2.5667484,1.2147336,2.9857588,1.0332303,-3.1741152,0.095988979724133,1255083.7,185572.6686678564,2.2249173564672127,0.8952065703905678
Z3919184995,Z3919184995,N#Cc1cc(OS(=O)(=O)F)ccc1Cl,-2.31493,0.8588219,2.9854233,0.75086987,-2.744341,0.0888375769798681,1265012.35,109615.64343116134,2.702222789434341,0.7334092790314206
Z56989565,Z56989565,CCCOc1c(Cl)cc(C(=O)O)cc1OC,-3.571467,0.5238124,2.985367,0.70038164,-3.833373,0.015931933590233,1366230.9,16381.596777786955,1.8031084037919811,0.8654011597113477
Z857667030,Z857667030,CN(C1CCNCC1)S(C)(=O)=O.Cl,-4.8973436,1.5840914,2.9852648,0.8544395,-5.689389,0.0095709655346275,1375062.15,17360.482989464897,2.5988061835752596,0.7269998812752095
Z56942051,Z56942051,CCOc1ccc(C(N)=S)cc1OC,-3.140275,0.58330625,2.985222,0.7754986,-3.4319282,0.025609536500162,1352795.0,24959.0218578373,1.7051793711172394,0.7702511658112557
Z645683412,Z645683412,Fc1ccc(F)c(Cn2ccnc2)c1,-2.133641,1.2643307,2.9850504,1.4250689,-2.7658064,0.1456452623617964,1186143.4,249754.98142527608,2.0719178933844447,0.7162240818941489
Z219094774,Z219094774,N#Cc1ccc(NCc2ccco2)nc1,-2.8697927,0.515412,2.9848497,0.6707448,-3.1274986,0.0349137105196816,1339877.55,28734.554836424737,2.1904268250976227,0.8222697357985072
Z409422524,Z409422524,N#Cc1ccc(OCCN2CCSCC2)cc1,-3.383529,0.48981735,2.9848413,0.45444033,-3.6284375,0.0205934382540424,1359759.1,20116.997283143424,2.1138167356867097,0.8161666930694471
Z54675718,Z54675718,C=C(Cl)COc1ccc(C#N)cc1OC,-3.1813195,0.88951427,2.9846036,0.8116694,-3.6260767,0.0340862534663448,1341026.35,37182.70114619834,2.1707698917870317,0.7882992324740169
Z1256619932,Z1256619932,CN1CCCC(CN(C)CC(C)(C)O)C1,-3.5224292,0.5301429,2.9842863,0.33053923,-3.7875006,0.0152833939568551,1367131.3,9135.7015663823,2.959244266646353,0.7570497940450217
Z915781066,Z915781066,CCC(C)(C)NC(=O)c1cnc(C)s1,-2.5030446,0.92632663,2.983884,0.8380427,-2.966208,0.0722133467785499,1288092.6,86436.55463425182,2.4872107312222838,0.8354268985775614
Z133523604,Z133523604,C=CCNC(=O)C(C)Nc1ccc(OC)cc1OC,-3.3549805,0.8319207,2.9838603,0.48731855,-3.7709408,0.0307305074368854,1345685.3,53099.14719004441,2.486926274798906,0.7373392075934051
Z1203162195,Z1203162195,Oc1ccc(OC(F)(F)F)cc1,-5.0134697,1.359565,2.9837666,1.3544691,-5.693252,0.0065223106565347,1379294.75,11754.960080217204,1.7451131960232225,0.714333666499626
Z166802382,Z166802382,CCC(C)NC(=O)c1ccoc1,-3.2078338,0.9081327,2.9837298,0.9579586,-3.6619,0.0299443223970899,1346776.8,30812.124763800373,2.538715960998525,0.7455113983364733
Z237039650,Z237039650,CCOCC(=O)Nc1ncc(C)s1,-3.1624155,0.7701024,2.9837253,0.81113553,-3.5474668,0.0297795584686858,1347005.55,32460.141952054066,2.1873474423165185,0.7994486025185733
Z32015514,Z32015514,CNC(=O)CCSc1ccc(F)cc1,-2.5763025,0.940422,2.9834912,1.1350244,-3.0465136,0.0694899340944287,1291873.65,100309.087549571,1.8606675679406592,0.7755344404163396
Z3759750473,Z3759750473,Cl.N#Cc1cc(Br)ccc1OCCN,-4.23689,1.6098554,2.9832244,0.839248,-5.0418177,0.0123409082724097,1371216.5,12812.647924999734,2.314122581534134,0.9200397411776472
Z644881946,Z644881946,COCCN(C)Cc1cnc(C)s1,-2.2130306,1.0201716,2.9831038,0.8166885,-2.7231164,0.1119635898728705,1232905.35,181782.88833860983,2.398685903854979,0.7204899301710772
Z166706610,Z166706610,Cc1cc(NC(=O)N2CCCCCCC2)no1,-3.8287017,1.2019631,2.9830823,1.1413199,-4.429683,0.0226709043108725,1356874.85,37991.241842397045,2.0019359695956567,0.8166343213682243
Z1449747347,Z1449747347,COc1cccc(NC(=O)CN)c1.Cl,-4.8157454,1.4073888,2.9830804,0.98972374,-5.5194397,0.008654193827205,1376334.95,16711.680898326773,1.713053558665111,0.7929627025559818
Z1147249735,Z1147249735,O=C(Nc1ccco1)OCC(F)(F)F,-3.8119373,1.2549592,2.9828897,1.4842046,-4.439417,0.0269927972053156,1350874.55,56608.53396129863,2.6137494116030684,0.8129599926613122
Z56754173,Z56754173,CCOC(=O)Nc1ccc(Br)cn1,-3.5843196,0.68657756,2.9827008,0.686283,-3.9276085,0.0166352864911586,1365254.4,16281.193735104314,1.9535166730857494,0.8698230437822781
Z5209162021,Z5209162021,CNCc1ccc(Br)cc1C(F)(F)F.Cl,-3.7206779,1.1963665,2.982675,1.1041945,-4.318861,0.0204162855187812,1360005.05,24374.25605526249,2.2639489082776016,0.879947904431597
Z1090114254,Z1090114254,O=C(NCC1CCNCC1)C(F)(F)F,-3.947061,1.438468,2.982673,0.9762637,-4.666295,0.0323473187596786,1343440.6,70724.68606816152,2.4078498164613684,0.7027721592056481
Z199409062,Z199409062,Cl.Cl.NCc1ccc(Cn2ccnc2)cc1,-5.0062695,2.2721064,2.982673,0.82277834,-6.1423225,0.0100858933266106,1374347.25,14017.468594132824,2.2032332696238246,0.9192171091699816
Z56757835,Z56757835,COc1ccc(NC(=S)SC)cc1,-3.7385685,0.89900875,2.9825,1.2024225,-4.188073,0.0167086469550185,1365152.55,23263.287726533843,1.9765359038549786,0.7622415968364257
Z3919183924,Z3919183924,COc1cc(S(C)(=O)=O)ccc1OS(=O)(=O)F,-2.9825518,1.0557957,2.982426,1.2481427,-3.5104496,0.0440884863326971,1327139.75,56668.60843613067,2.3599819664559405,0.75604783248327
Z1232794199,Z1232794199,CC(C)N(C)CCCNC(=O)OC(C)(C)C,-3.215371,0.5812744,2.9824255,0.70158744,-3.5060081,0.0247609392444269,1353973.15,21975.123219847937,2.1034280250669077,0.7364574579724772
Z1241702466,Z1241702466,O=C(NCC(F)(F)F)N1CCCS(=O)(=O)CC1,-3.406361,1.0992453,2.9823966,0.7118803,-3.9559836,0.0304051211870205,1346137.05,46715.54620731197,2.5807250433790188,0.7513852793348982
Z2438231015,Z2438231015,CNCCSCc1ncc(C)o1,-3.2374275,0.8170327,2.9823797,0.8994213,-3.6459439,0.0279451867324521,1349552.3,31816.737076733687,2.8534415614078377,0.7060359971821422
Z1455858470,Z1455858470,Cl.O=C(CSC(F)(F)F)N1CCCNCC1,-4.369242,1.3304873,2.982366,0.84968245,-5.034486,0.0104314474015918,1373867.5,13402.666743973006,2.6689462775461354,0.8304982194648195
Z54740156,Z54740156,CON(C)C(=O)c1ccc(N(C)C)cc1,-3.700597,1.0584934,2.9823573,1.1558038,-4.2298436,0.0197820074188785,1360885.65,23386.932595522227,1.978510811111608,0.7035532094527569
Z2867461802,Z2867461802,Cl.OCCN1CCCC(F)(F)C1,-4.9986906,1.8026125,2.9822261,0.90010667,-5.8999968,0.0088733748694493,1376030.65,15158.973346750765,2.8215083107874896,0.7243235219122297
Z1848951744,Z1848951744,Fc1cnccc1NCc1cncs1,-2.2151215,0.7569175,2.9821866,1.0015086,-2.5935802,0.0825468721864083,1273746.05,67913.39645568833,2.5830610734970154,0.8423520998755455
Z1269152731,Z1269152731,COC(=O)c1nc(Br)cnc1Br,-2.4408963,1.38937,2.9821568,1.283957,-3.1355813,0.1275945186732453,1211204.15,242292.0781369616,2.9372756960232227,0.7413639148046897
Z398557122,Z398557122,Cl.Fc1ccc(NCc2ccco2)cc1,-3.7296624,1.3428953,2.981976,0.7698442,-4.40111,0.0176416249504808,1363857.25,14209.76823130835,1.8049594924302905,0.8689647637586858
Z235363149,Z235363149,COc1ccc(N)cc1NC(C)=O.Cl,-4.8562827,1.7462832,2.9819245,1.0652399,-5.7294245,0.0101754600785105,1374222.9,16502.625345380653,1.8161228933844455,0.7394072791442792
Z1269113042,Z1269113042,COc1cc(Br)ccc1OCC(=O)O,-4.391125,0.6610483,2.9818563,0.5970711,-4.721649,0.0056781791335038,1380466.7,3237.630925537993,1.6512522456111665,0.8990828355478497
Z3919190082,Z3919190082,Cc1ccc(OS(=O)(=O)F)c(Br)c1,-3.215776,1.3659085,2.9818263,1.4302303,-3.8987303,0.0432797565455396,1328262.55,60073.39464561245,2.460911695710184,0.7738565657662204
Z234894819,Z234894819,C#CCN1CCC(NC2CCOCC2)CC1,-3.499543,0.39810956,2.9816334,0.47830722,-3.6985977,0.0163034897540245,1365715.05,14290.969825295271,2.573702976166663,0.7166275343422303
Z2235681469,Z2235681469,Cl.Cl.NCCc1ccccc1N1CCOCC1,-4.855396,1.7477498,2.981483,0.86003274,-5.729271,0.0093312205135592,1375395.0,15104.575823239791,2.150871933011125,0.91763299663902
Z31167213,Z31167213,COC(=O)CCNc1ccccn1,-3.3342242,1.1864324,2.9814734,1.2694494,-3.9274404,0.040700903950733,1331842.9,78742.32732076186,1.8596796668487432,0.7036675022475181
Z228464822,Z228464822,CC(C)(C)NC(=O)Cn1cnc(C#N)n1,-2.688713,1.0763477,2.9813383,0.97156775,-3.226887,0.0731544639320056,1286786.0,118436.14287961255,2.626126580342378,0.7430732298594932
Z8571506251,Z8571506251,COc1c(F)cc(Br)c(C=O)c1F,-2.8999279,0.5589455,2.9812417,0.8515991,-3.1794007,0.0366396081679691,1337481.4,43500.337164670345,2.7518438224070145,0.7547365813923193
Z28259153,Z28259153,COc1cc(NC(=O)CCSC)cc(OC)c1OC,-3.2211483,0.3134195,2.9811237,0.48451346,-3.377858,0.0210837324882054,1359078.4,16354.718350983609,1.9266187660097227,0.8334153493445128
Z600461294,Z600461294,Cc1csc(SCC(C)(C)O)n1,-2.3000684,1.13028,2.981077,0.9087796,-2.8652084,0.1105678323189398,1234843.15,182742.76984884383,2.7303276191001444,0.7652957603934757
Z218141596,Z218141596,COCCOCC(=O)Nc1sccc1C#N,-2.976745,0.8370515,2.9810622,0.4405996,-3.3952706,0.0407855007743004,1331725.45,50730.22695639652,2.2929607830406393,0.7588329341305362
Z203055174,Z203055174,CCOC(=O)CNc1cccc(OC)c1,-4.0615344,0.7672585,2.9810026,0.8796043,-4.4451637,0.0089494363813159,1375925.05,5920.59416338428,1.6528067451775446,0.7492462396177895
Z2069028394,Z2069028394,CN(C)C(=O)c1cnc(N)c(Br)c1,-2.6725209,0.56763667,2.9809318,0.85475755,-2.9563391,0.0444380739727015,1326654.4,32543.904311560404,2.32737368666041,0.8049746165376034
Z57966730,Z57966730,O=C(Nc1ccncc1)C(F)(F)F,-3.5508168,1.2464483,2.980753,1.37027,-4.174041,0.0346127057298232,1340295.45,64603.99755856831,2.026795793964869,0.7299660150692219
Z4898400643,Z4898400643,CC(C)(C)OC(=O)NCC(C)(C)OCCN.Cl,-4.094783,1.4910508,2.9807103,0.9526111,-4.840308,0.0162811250765296,1365746.1,22956.41548652577,2.740955592829568,0.7957751705557982
Z1272542766,Z1272542766,CC(O)CCN(C)c1ccc(Br)cn1,-3.019281,0.37472114,2.9799562,0.33760864,-3.2066414,0.0270938884287104,1350734.2,17791.900285242158,2.8815864906195934,0.8985640692626741
Z1461926835,Z1461926835,CN(CCO)c1cncc(Br)c1,-3.0621915,0.4207856,2.9795165,0.31915787,-3.2725842,0.0265671480534447,1351465.5,19841.926571026317,2.495109393575669,0.850519299158334
Z1167042741,Z1167042741,CC(C)CC(N)CNC(=O)OC(C)(C)C,-3.0840755,0.73073244,2.9788651,0.3797213,-3.4494417,0.0347690063744733,1340078.45,45016.353716705,2.695112303083599,0.7538644283279515
Z32016675,Z32016675,CNC(=O)Cc1ccc(OC)c(OC)c1,-3.2926412,1.1505042,2.978825,1.294022,-3.8678932,0.0397577340007921,1333152.35,70879.25888810845,1.6085248636444422,0.8041171060857143
Z111833748,Z111833748,CCNc1ccccc1C(=O)OC,-3.81507,1.6219631,2.978455,1.4681362,-4.6260514,0.0538114308351641,1313640.9,117689.85220990804,1.5862974423165177,0.7200881849577233
Z1134182348,Z1134182348,CCN(CC)C(=O)Nc1cc2c(cc1Br)OCCO2,-3.0309196,0.8006128,2.9782283,0.34555772,-3.431226,0.0403596715525624,1332316.65,51726.58511565885,2.268226592290846,0.927070960024956
Z300093770,Z300093770,COc1ncccc1C(=O)NC(C)C,-3.346191,1.1340281,2.9782057,1.0631081,-3.913205,0.0362919652825295,1337964.05,66295.98956005936,1.8440526504694645,0.7868973563208796
Z736715894,Z736715894,CC(C)(C#N)C(=O)Nc1cc(Br)ccc1Br,-2.3611622,0.9786543,2.9781446,0.9497916,-2.8504894,0.0926800518601218,1259677.65,122502.5576468814,2.473768255568112,0.8879649311955456
Z803082230,Z803082230,CC(N)c1nc(C(C)(C)C)cs1,-1.9505188,1.2143029,2.9780862,0.98358554,-2.5576704,0.1669274318435553,1156596.3,273264.59748805733,2.9854525727738466,0.7278471233508584
Z1416168781,Z1416168781,COc1cc(N)c(N)cc1Br,-3.6699078,0.7912524,2.9780707,0.8611807,-4.065534,0.0163817841322432,1365606.35,19387.380891381385,2.1929085591089006,0.7023152874959794
Z1269227270,Z1269227270,COC(=O)c1nc(Br)cnc1Cl,-2.471952,1.5517255,2.9779086,1.225686,-3.2478147,0.1492968271689415,1181073.75,319440.0719009553,2.747834349869377,0.7126884835319199
Z33546669,Z33546669,COc1ccc(C(N)=O)c(OC)c1,-3.6336448,1.0308443,2.9773762,1.011178,-4.149067,0.0200444772571757,1360521.25,21489.877495870005,1.533647222536299,0.749855310799563
Z2699466760,Z2699466760,COc1cc(NC(C)c2cc(OC)c(OC)c(OC)c2)cnc1OC,-2.687794,0.5900712,2.977371,0.40939674,-2.9828296,0.0492859149349947,1319923.9,54688.88072625001,2.704797116460549,0.7846038492890441
Z1436153095,Z1436153095,COCC(NC(=O)OC(C)(C)C)C(=O)O,-4.344091,1.0242132,2.9773054,0.8752969,-4.8561974,0.011574422876076,1372280.65,16771.01234951248,2.450928092557284,0.723235958467737
Z422691882,Z422691882,CC(CN1CCOCC1)NC(=O)C(C)(C)C,-3.708398,0.85733646,2.9771197,0.4950801,-4.1370664,0.017181402384125,1364496.2,22811.857575831044,2.6307409917059736,0.7790768028969646
Z595586040,Z595586040,CCOc1cc(F)ccc1NC(=O)N(C)C,-3.3748333,0.8114949,2.9769,1.141485,-3.7805808,0.024069182842943,1354933.55,28432.711681222037,1.8903681533447543,0.8588951563529033
Z169466968,Z169466968,COCCNC(=O)CN(C)C(C)c1cccs1,-2.495819,0.7017004,2.9763768,0.74362755,-2.8466692,0.0596500522202614,1305534.85,54162.38802829413,2.619304513643712,0.7518096476700942
Z900648220,Z900648220,CC(Cn1cncn1)NCc1ccco1,-2.4799194,0.8697924,2.9762857,0.9881444,-2.9148157,0.0720117405553354,1288372.5,93833.52902640932,2.876060665247751,0.7940478121578046
Z1521853345,Z1521853345,CCOC(=O)CN(CC)c1ncc(F)cn1,-2.5693412,0.7055639,2.9761567,0.8304239,-2.9221232,0.0552129866388158,1311695.05,50291.10666159078,2.4760173564672137,0.702406017353635
Z934123154,Z934123154,COc1cc(CN2CCC(N)C2)cc(OC)c1,-3.4080367,0.68550336,2.9760404,0.5688184,-3.7507885,0.0214181582453991,1358614.1,23684.192379939832,2.4166427296829927,0.8540839745045735
Z3242862727,Z3242862727,COc1c(F)cc(C=O)cc1Br,-3.2184615,0.5283068,2.975991,1.0386764,-3.482615,0.0229215615658875,1356526.85,17869.37968782073,2.2885617537155305,0.7328496562776458
Z27807932,Z27807932,CCOc1ccc(NC(C)=O)cc1,-4.429149,1.263212,2.9756975,1.1366909,-5.0607553,0.0125616019015377,1370910.1,22276.627082886676,1.313193596162673,0.770678866809672
Z433156270,Z433156270,CCOC(=O)NC1CCCN(CCOC)C1,-3.6420524,0.82707214,2.9755788,0.56849957,-4.0555887,0.0177511794576296,1363705.15,25017.073718312862,2.465217700113845,0.7602442675286699
Z1449809533,Z1449809533,CCC(N)C(=O)N(C)Cc1cccs1.Cl,-3.643128,1.275783,2.9751048,0.7673352,-4.281019,0.0206335218064609,1359703.45,21244.635036815765,2.8234338228593696,0.8843721329187851
Z854067612,Z854067612,Brc1ccsc1CN1CCNCC1,-2.6778798,0.4751237,2.9750762,0.32879356,-2.9154418,0.0431737674217597,1328409.7,34189.88676801957,2.431439750008826,0.8745485346704813
Z102795554,Z102795554,c1csc(CNCCCN2CCCCC2)c1,-2.5896747,0.8335825,2.9749923,0.8687133,-3.006466,0.0636291281017035,1300010.5,86182.69308770758,1.9334600138098708,0.7666563885001844
Z1269152701,Z1269152701,COc1ncc(C(=O)O)cc1Br,-4.757704,0.6803893,2.9749649,0.73864436,-5.0978985,0.0039671912702129,1382842.15,2756.2421387643,2.2061857921770684,0.8397171095564495
Z89271893,Z89271893,COc1cc(CC#N)ccc1OC(F)F,-3.1053724,1.2093867,2.9744077,0.87401974,-3.7100658,0.0614761047286347,1302999.65,123711.9461500283,2.105004038128495,0.7705138356177674
Z1262327433,Z1262327433,Cl.NCc1cccc(OCC(F)F)c1,-4.5572386,1.4074787,2.9742832,0.8323265,-5.2609777,0.0099772751827709,1374498.05,14944.991671041507,2.1863001283116805,0.8496135102512705
Z52404291,Z52404291,C#CCNC(=O)c1ccc(OC)cc1OC,-3.5060303,1.29679,2.9740605,1.329899,-4.154425,0.0351470450534806,1339553.6,54902.85586506406,1.958391482341339,0.7703528416103997
Z4874843760,Z4874843760,Cl.NCc1cc(OC(F)F)ccc1F,-4.168921,1.4669532,2.9739008,1.0396483,-4.9023976,0.013054921309468,1370225.2,15024.285462543634,2.238972893384446,0.8601455652448514
Z1051112990,Z1051112990,CN(CCn1cncn1)Cc1cccs1,-2.1383736,0.70386446,2.9738648,0.7773944,-2.490306,0.0920398674685778,1260566.45,97701.6959102937,2.413623678244475,0.767992296274376
Z2168481387,Z2168481387,CS(C)(=O)=NC(=O)CCCC(=O)O,-3.4108455,0.6867899,2.9735646,0.5793802,-3.7542405,0.0194670292073324,1361322.95,17883.843651393847,2.8453768129458883,0.7269338492510635
Z409699840,Z409699840,Cc1cc(Cl)ccc1NC(=O)N1CCCCCC1,-2.8850706,1.2867521,2.9732387,1.0318748,-3.5284467,0.0820214643281593,1274475.5,158165.73364496496,1.696069724634448,0.8169200574350846
Z1276720790,Z1276720790,CCc1csc(CS(C)(=O)=O)n1,-2.1005127,1.1429263,2.9731317,0.93321806,-2.6719759,0.1327801346922605,1204004.7,203662.7831627811,2.495583388330914,0.7458101855268509
Z1573497875,Z1573497875,COc1ccc(C)c(NC2CCSCC2)c1,-3.4193535,0.8178084,2.9730825,0.7847039,-3.8282576,0.0226674469694242,1356879.65,22809.345515106303,2.176974227856693,0.8711644123384251
Z409479594,Z409479594,Cc1ccc(C)c(NC(=O)N2CCCCCC2)c1,-3.0709205,1.0960764,2.9728124,1.2784795,-3.6189587,0.0489609608528108,1320375.05,78565.39605161741,1.6724715345891994,0.804556146654623
Z3225947271,Z3225947271,COc1ccc(C(=O)CN)cc1OC.Cl,-4.2514067,1.1750389,2.9724393,0.7988842,-4.8389263,0.0106397162098893,1373578.35,13048.682271689351,1.8686680300465213,0.7931144737346818
Z1262691509,Z1262691509,Nc1cccnc1OCC(F)F,-3.2325788,0.8267276,2.972206,0.917447,-3.6459427,0.0258803615802931,1352419.0,19148.11190169934,2.4930240788903557,0.7509835802991627
Z1446775605,Z1446775605,CCCCNc1cncc(OCC)n1,-2.4470687,0.5786199,2.9721456,0.30018687,-2.7363787,0.0616463067670255,1302763.35,49974.95127488871,2.2789628933844472,0.7059216116217332
Z2020418768,Z2020418768,N#CCC(=O)N1CCOc2ccc(Br)cc2C1,-3.1904385,0.2876083,2.9721096,0.387129,-3.3342426,0.021441711384017,1358581.4,14128.014999992036,2.3956877356867103,0.7968149352673308
Z1002239860,Z1002239860,CC(COCC(F)(F)F)Nc1ccc(C#N)cc1F,-3.179315,0.7884003,2.9719882,0.5686758,-3.5735152,0.0278783087838081,1349645.15,26987.64665041211,2.8993854986067724,0.840503881824464
Z1263602389,Z1263602389,COc1ccc(Cl)c2c1NCCC2.Cl,-4.353429,1.8772498,2.9717069,1.0451398,-5.2920537,0.0135873158785608,1369486.05,14637.670806774551,2.475648601886471,0.8054653155236271
Z239873334,Z239873334,Nc1ccc(OCC(F)(F)F)c(Cl)c1,-2.791997,0.49090433,2.9716978,0.8426106,-3.0374491,0.0387674937875897,1334527.15,37545.90731261532,2.041342124153676,0.7858553978300576
Z1686709984,Z1686709984,C=CCNC(=O)C(C)Nc1cnn(CC)c1,-2.318766,0.62005734,2.9716485,0.63122773,-2.6287947,0.0695999927972053,1291720.85,59272.05402149904,2.9025204273865732,0.7060576250211142
Z26713827,Z26713827,COc1ccc(NC(=O)CSC)c(OC)c1,-3.6840215,0.48878056,2.9712636,0.6042852,-3.9284117,0.0143977743364425,1368360.85,16299.844300713428,1.7362928809427398,0.8562683009909958
Z1646425876,Z1646425876,CC(CCCO)Nc1ccc(Br)cc1C#N,-2.7390003,0.7311505,2.970703,0.4968024,-3.1045756,0.0486208809017899,1320847.2,52969.72015840748,2.7841169308830747,0.8732152424383974
Z1336804089,Z1336804089,CNC(=O)C(F)(F)c1cc(OC)ccc1OC,-2.8074758,0.6836289,2.9706454,0.8046014,-3.1492903,0.0422043072712212,1329755.65,39362.29327195635,2.3858604279944036,0.8748967370249944
Z823854284,Z823854284,FC(F)(F)COCc1cccc(Br)c1,-3.215437,0.9376777,2.970552,0.7774903,-3.6842759,0.0312825296214932,1344918.9,40390.555825464944,1.9923741079593444,0.8151861240140129
Z750142614,Z750142614,CC(C)C(=O)NC(C)C(=O)N1CCCCC1,-3.048039,1.0928771,2.9705112,1.0584165,-3.5944777,0.0410961212950625,1331294.2,46612.12417558333,2.338538845015453,0.7847591460957097
Z247486222,Z247486222,CONC(=O)c1ccc(OC)c(OC)c1,-4.1466055,1.0619756,2.9704535,0.98483306,-4.677593,0.0111800698671085,1372828.15,14093.27592604005,1.7464764583911574,0.7545518614808396
Z4105362361,Z4105362361,Cl.N#Cc1cccc(OCCN)c1,-4.552453,1.5946572,2.9703994,0.73913425,-5.3497815,0.0103995750351135,1373911.75,15823.322887039243,2.07393601374509,0.7971120913824858
Z237565500,Z237565500,COCCN1CCN(C(=O)N2CCCCC2)CC1,-2.9471285,0.66401863,2.9699502,0.6124478,-3.2791378,0.0341829869989556,1340892.05,26691.56453540144,1.9432882070570017,0.7501207205406817
Z855813066,Z855813066,COCC(C)CNc1nccc(OC)n1,-2.7929826,0.5291562,2.9698868,0.7292149,-3.0575607,0.0381707422479923,1335355.65,26875.48587891017,2.838659266646353,0.765337169438207
Z985565284,Z985565284,CC(=O)NCCC1CCN(C)CC1,-3.505668,0.7056556,2.9698558,0.59039974,-3.8584957,0.0166397882378362,1365248.15,10517.257338655358,2.0154589807780567,0.7051245949846119
Z3476925323,Z3476925323,COC(=O)c1ccc(CN)c(OC)c1.Cl,-5.065591,1.6946594,2.9697163,0.8804053,-5.9129205,0.0077182986998954,1377634.3,14260.914076944717,1.8700881483897156,0.7984222338201741
Z2049016505,Z2049016505,O=c1sccn1Cc1sccc1Cl,-1.8038998,0.6379621,2.9695158,0.89953643,-2.122881,0.1244896459826412,1215514.8,105448.3652498226,2.9753653217343974,0.7791176065464008
Z444846944,Z444846944,CC(C)n1cc(Br)cc1C(=O)N(C)C,-2.199031,0.69798046,2.969312,0.73402953,-2.5480213,0.0853103324089747,1269909.4,88467.84566801658,2.445419047230599,0.8007415112499041
Z959368284,Z959368284,COCCn1nc(C)c(Br)c1C,-2.156564,1.1439337,2.9692264,1.0308487,-2.728531,0.127767277703749,1210964.3,206544.50467540888,2.2038059844847613,0.7968161831016852
Z425853808,Z425853808,CC(C)Oc1ccc(C#N)cc1N,-3.2374845,1.225781,2.9692068,0.53629196,-3.850375,0.0477735801490978,1322023.55,68789.04857132056,2.088241068690145,0.7001987153375148
Z4030777073,Z4030777073,COc1c(Cl)cc(Cl)cc1CN.Cl,-4.2059703,1.8590707,2.969154,0.92637485,-5.1355057,0.0162131306947095,1365840.5,19073.42491662156,2.216371218540294,0.8654148707101966
Z271296586,Z271296586,C#CCNC(=O)C(C)Nc1ccc(OC)cc1,-3.5726101,0.91891176,2.969097,1.0193272,-4.032066,0.0226897756329456,1356848.65,36120.50036513199,2.467712696949768,0.7510445608712623
Z1042088462,Z1042088462,CCOCCOc1ccc(C#N)c(Cl)c1,-3.0858512,0.7534734,2.9689634,0.44908005,-3.4625878,0.033229228940829,1342216.2,39990.86206072583,1.997777074847873,0.7238329461075579
Z3952146340,Z3952146340,CN1CCN(Cc2ccc(CN)cc2)CC1.Cl.Cl.Cl,-5.879638,2.6038465,2.968919,0.9071712,-7.1815615,0.0067202794684337,1379019.9,12859.244573068823,2.0697465887364483,0.9226890549042296
Z1509822453,Z1509822453,C#CC(=O)Nc1cccc(OCC)c1,-4.2206836,0.95452964,2.9688308,1.0877693,-4.6979485,0.0103390355457917,1373995.8,12752.02744115617,2.1084107632069315,0.7341537034404291
Z2216273204,Z2216273204,COc1ccc(Br)c(S(=O)(=O)F)c1,-2.999941,1.0595807,2.9688058,1.237453,-3.5297315,0.0477132567436164,1322107.3,68045.80286770081,2.22487956901335,0.7721848148345339
Z992732292,Z992732292,CNCc1nc(C(F)(F)F)cs1,-2.8622103,1.6369094,2.9685948,0.949828,-3.680665,0.1011465408578529,1247923.2,184398.5611789311,2.5922944460232227,0.7807454686824549
Z8606805775,Z8606805775,N#Cc1cncc(NCc2ncc[nH]2)n1.O=C(O)C(F)(F)F,-3.1981537,1.3026999,2.9685128,1.1614908,-3.8495038,0.0468859797601468,1323255.85,71345.8236235836,2.926617229416223,0.7790003690573937
Z2235230892,Z2235230892,CCNC(=O)CCNC(CC)c1ccsc1,-2.1597016,0.5264601,2.968262,0.6860246,-2.4229317,0.0783697554651203,1279545.35,49621.27752010724,2.747079238575381,0.7676766391648198
Z1539641330,Z1539641330,Cn1ncnc1NC(=O)N1CCCC1,-2.9669337,1.3659695,2.9677374,1.3043264,-3.6499186,0.0790163863579067,1278647.6,153065.52935635115,2.503246354922906,0.7069536746574436
Z433872528,Z433872528,CCc1nc(CN2CCSCC2)cs1,-2.3139677,0.9984206,2.9677336,0.6506819,-2.813178,0.1000307559333021,1249472.3,151924.76267583898,2.4843346194632456,0.7892356783459205
Z295203516,Z295203516,N#Cc1ccnc(OCC(F)(F)F)c1,-2.9392316,0.8996638,2.967732,0.7637177,-3.3890636,0.040466741095545,1332168.0,40684.36449792476,2.438012569497806,0.7351441613496279
Z402799958,Z402799958,CC(Cn1cccn1)NC(=O)C(C)C,-2.5994732,0.9101059,2.967625,0.7067644,-3.054526,0.0680817157056937,1293828.75,99508.57248442215,2.7094751545872064,0.7800573303584847
Z1618009620,Z1618009620,CCCOc1ccc(Br)c(Cl)c1,-2.6074169,0.8729325,2.967569,0.47583476,-3.043883,0.0678252602009579,1294184.8,97943.83316248145,1.7846170858833617,0.7895412766926805
Z1416117710,Z1416117710,Nc1cncc(OCC(F)(F)F)n1,-3.5373642,0.59973735,2.967397,0.7723485,-3.8372328,0.0159846940612958,1366157.65,13002.02951186852,2.756919310448387,0.760561733112886
Z990782336,Z990782336,COc1ccnc(N2CCCN(CC(C)C)CC2)n1,-2.7186513,0.7350697,2.967298,0.49215946,-3.0861862,0.0467806388878884,1323402.1,38633.64677570576,2.189174584550157,0.82693958535472
Z2106603236,Z2106603236,Cl.NCc1ccc(OCC(F)F)cc1,-4.676417,1.4543442,2.9671428,0.7696031,-5.403589,0.0086412648107466,1376352.9,11719.38989410285,2.1054161366276887,0.8496135102512705
Z57772454,Z57772454,COc1c(Br)cc(C=O)cc1Br,-3.038636,0.5369486,2.9668653,0.75452924,-3.3071103,0.0308432671876688,1345528.75,34394.36493944175,2.215873772946301,0.7836568727406436
Z401601344,Z401601344,O=S(=O)(Cl)c1ccc(Cl)cc1Cl,-2.086699,0.925971,2.966683,1.1597575,-2.5496845,0.1141935390931682,1229809.4,154164.3184564444,1.958772330638606,0.7130450275344488
Z219095716,Z219095716,CCN1CCN(c2ccc(C#N)cn2)CC1,-3.117674,0.8728375,2.9665973,0.9157929,-3.554093,0.0332705369683437,1342158.85,37941.30624039583,2.0267765689938173,0.7420785205534757
Z29191125,Z29191125,CSCCC(=O)NCCc1cccs1,-1.8833116,1.1936203,2.9665933,1.0673617,-2.4801219,0.1679269996758742,1155208.55,252558.1421179042,2.086889047230599,0.80967918072483
Z1255415671,Z1255415671,COc1ccc(C(=O)O)c(OC)n1,-5.2838774,1.0228581,2.966508,0.81389344,-5.795306,0.0029527136528972,1384250.6,2881.979951352889,2.02999623352531,0.7499984061038781
Z56978030,Z56978030,CCCNCc1ccc(OCCC)c(OC)c1.Cl,-3.7103963,0.95009726,2.9662352,0.8214073,-4.185445,0.0170209961465048,1364718.9,18764.933026525832,1.8156339503247239,0.7365856256563025
Z1509659951,Z1509659951,OB(O)c1cc(Br)cc(OC(F)(F)F)c1,-4.530459,0.6628114,2.9661992,0.8741383,-4.8618646,0.0049372996722728,1381495.3,3013.3036206130973,2.8051118170287683,0.7977600012190411
Z1566589097,Z1566589097,Cc1nccnc1NCc1ccco1,-2.4611032,1.0378536,2.966061,1.0941522,-2.98003,0.0828789930493031,1273284.95,106293.16556697096,2.29560478831878,0.8017444889138522
Z52404043,Z52404043,C#CCNC(=O)c1ccc(Br)cc1,-3.4153817,0.9193189,2.9659028,1.0174044,-3.875041,0.0257668095220946,1352576.65,31755.564670266845,1.9190397500088245,0.7819585303565402
Z1527073193,Z1527073193,COCC(Nc1ccc(C#N)cn1)C(N)=O,-3.070067,0.6317107,2.9657588,0.29881698,-3.3859222,0.0320934922750026,1343793.0,35865.427000106945,2.9454057420718858,0.7190899883418338
Z1025070296,Z1025070296,CN(C)C(=O)NC1CCCOc2c1ccc(Cl)c2Cl,-2.6127753,0.6069713,2.9654696,0.8144441,-2.916261,0.0482173083156264,1321407.5,34357.81226809996,2.96295438130778,0.8627356385813597
Z821176086,Z821176086,COc1cc(F)ccc1N1CCNCC1,-2.9371667,1.0373428,2.9653392,0.94314843,-3.4558382,0.0540622321460727,1313292.7,91478.21724984588,1.9218354443853123,0.7945895849709259
Z1269135578,Z1269135578,Nc1cc(N2CCOCC2)ccc1Br,-3.7929432,0.8614481,2.9651656,0.6471804,-4.223667,0.0138255122987718,1369155.35,12883.914976725822,2.0693875087690614,0.7803553131611608
Z644882018,Z644882018,Cc1ncc(CN(C)CCOC(C)C)s1,-2.145454,0.8543016,2.9648633,0.8491627,-2.5726047,0.1027499909965066,1245697.05,136103.17453442258,2.5367000981660173,0.7468548960575085
Z1259122716,Z1259122716,Clc1ccc(Cl)c(Cn2ccnc2)c1,-1.7263203,1.1250552,2.9644485,1.6268184,-2.288848,0.1831447401591818,1134081.0,285754.56684014696,2.045253662615215,0.7694804566347753
Z1090114252,Z1090114252,O=C(NCC1CCCNC1)C(F)(F)F,-3.7449622,1.0169512,2.9643624,0.76377106,-4.253438,0.0184118558000504,1362787.9,22401.31128952053,2.8943468145062337,0.7027721592056481
Z2018571916,Z2018571916,CC(C)(C)SCCN1CCC(C#N)CC1,-2.7827482,0.59555596,2.9643044,0.64440745,-3.080526,0.0429276839413691,1328751.35,37631.77206865895,2.767930867396787,0.7401932095866401
Z204443476,Z204443476,O=C(Cc1ccsc1)Nc1nncs1,-2.4227023,1.2258054,2.96417,1.2846832,-3.035605,0.1138624986494759,1230269.0,223430.78431451647,2.4199128558609946,0.8659113027020249
Z445191602,Z445191602,c1cncc(NCc2csnn2)c1,-2.3516116,0.788892,2.9641387,0.9775554,-2.7460575,0.0769818129434219,1281472.3,95378.92948188294,2.5064823535591216,0.8011253610885624
Z3433758136,Z3433758136,CCOc1nn(C)cc1NC(=O)CCl,-3.1870759,0.6633113,2.9639478,0.4739142,-3.5187316,0.0272083768502179,1350575.25,30157.402696311565,2.5698097354897076,0.7658781028933089
Z1259044536,Z1259044536,CCc1nsc(N2CCCNCC2)n1,-2.6570826,1.2034209,2.9639068,0.7214434,-3.2587929,0.0900401555803651,1263342.75,168057.00404323378,2.6064205481686855,0.7905904739978439
Z414796728,Z414796728,CC(Cn1cccn1)NCCC(=O)N(C)C,-2.3273263,0.8468681,2.9637113,0.7302531,-2.7507603,0.0841456044945438,1271526.45,110386.77332473989,2.86631273507888,0.7577961993029307
Z16687482,Z16687482,CCSc1nnc(SCC(=O)NC)s1,-2.2135673,0.8798756,2.9636939,0.8334076,-2.653505,0.1005547592465876,1248744.8,140643.20799476953,2.4143894614317833,0.8012716633617557
Z2217687347,Z2217687347,O=C(Nc1nccs1)c1sccc1F,-2.6975265,0.82208174,2.9633262,1.1472107,-3.1085672,0.0522115460798788,1315862.1,63007.790627746974,2.499189431845984,0.8580071834803822
Z4416855357,Z4416855357,Cl.Cn1cc(NC(=O)CCl)cn1,-3.7849135,1.3844358,2.963282,0.91939574,-4.4771314,0.0208254402708251,1359437.0,27617.28110259951,2.4059718343606917,0.7403909496241059
Z1836647615,Z1836647615,COc1cc(NC(N)=O)c(Br)cc1Br,-2.5274284,1.0450821,2.9632277,0.6330287,-3.0499694,0.0767937839881873,1281733.35,90435.310012337,2.1668107312222826,0.8785254314890295
Z1233161298,Z1233161298,CN(CC(=O)O)S(=O)(=O)CC(C)(C)C,-3.4286556,0.5268874,2.9632223,0.5665685,-3.6920993,0.0183548096661504,1362867.1,16042.248860119333,2.5672882779998307,0.7472681267084701
Z166743984,Z166743984,CCN(CC)C(=O)Nc1cccnc1,-2.8034334,1.3605464,2.9632208,1.2819879,-3.4837065,0.090878560881622,1262178.75,182323.77841792197,1.9083799939761619,0.7970800329683208
Z320966424,Z320966424,CC(C)OCCSCc1nc(N)nc(N)n1,-2.7307172,0.6224041,2.9629912,0.54350746,-3.0419192,0.0451120034573414,1325718.75,42643.41048377229,2.679354419404275,0.708958340925535
Z3244852346,Z3244852346,Cl.NCc1c(Br)cccc1C(F)(F)F,-4.066854,1.0903668,2.9627678,1.0674204,-4.6120377,0.0121318471566967,1371506.75,12460.453715154195,2.4463025637141165,0.8431689617098956
Z402801150,Z402801150,CC(Cn1cccn1)NC(=O)c1ccsc1,-2.2401376,0.8101853,2.9625874,0.93659574,-2.6452303,0.0890056902078006,1264778.95,113408.03384746384,2.7725267971038114,0.8774574436528708
Z1996670776,Z1996670776,CC[C@H](O)COc1ccc(OC)c(C#N)c1,-3.4802043,0.8074336,2.9625354,0.52364486,-3.8839211,0.0225625742788201,1357025.25,22316.203023532027,2.535405392421538,0.8218345213895629
Z4424757351,Z4424757351,CN(C)C1CCCN(CC(=O)O)C1.Cl.Cl,-6.113528,2.5229633,2.9622302,0.7095174,-7.3750095,0.006270645010264,1379644.15,13279.765379233926,2.808000015087101,0.8188700986375381
Z1437517275,Z1437517275,CCOCC(C)NC1CCN(CC(C)C)CC1,-2.9260764,0.4670961,2.9621513,0.5051384,-3.1596246,0.033472035149638,1341879.1,31369.683225847213,2.7217012403212895,0.7399315667220185
Z1954806008,Z1954806008,Cl.Cl.Cl.c1cc(CN2CCNCC2)ccn1,-5.756383,2.649813,2.9620721,0.8956679,-7.0812893,0.008308135556596,1376815.4,15888.510469518533,2.3415803434801994,0.897753209169899
Z1268152318,Z1268152318,CNCc1ccccc1C(=O)OC.Cl,-4.5458794,1.388728,2.962006,0.80654305,-5.2402434,0.0103068750675262,1374040.45,15340.583099983522,1.848906781118334,0.7791499210531972
Z1269228938,Z1269228938,Brc1cc(-c2cccnc2)cs1,-1.2364058,1.0434349,2.9619937,1.4910153,-1.7581233,0.2541317391147766,1035526.2,252140.7197529982,2.2390026603089375,0.7419850982058164
Z1269118474,Z1269118474,OB(O)c1cc(Br)cc(Br)c1,-4.8426194,1.0815262,2.9619343,0.77746904,-5.3833823,0.0052226743976662,1381099.1,5603.828369070558,2.879434288551872,0.7498952601650914
Z968075216,Z968075216,CCNC(=O)NCCC(=O)N1CCCCCC1,-3.146819,0.8120836,2.9619277,0.64484096,-3.552861,0.0309354269456548,1345400.8,32182.438786704774,1.8657665818405569,0.7739170192767046
Z288305386,Z288305386,CCC(=O)NCc1cc(OC)ccc1OC,-3.2320123,0.58836657,2.9618616,0.3551089,-3.5261955,0.0251820506356466,1353388.5,29036.751287807663,1.6622977760476338,0.8265660147143798
Z2738283032,Z2738283032,C=CC(=O)NCc1cnc(CC)s1,-2.0718446,0.8025427,2.9616373,0.69133323,-2.473116,0.1052093132135268,1242282.65,116611.42574648291,2.624816673085748,0.741559306811001
Z432725276,Z432725276,CCCN1CCCN(Cc2ccc(C#N)cc2)CC1,-2.838778,0.8032825,2.9615626,0.7332571,-3.2404194,0.0428436273274029,1328868.05,39148.92250174326,1.8325974749930491,0.8298552857437036
Z30849305,Z30849305,COc1ccc(NC(=O)C(C)C)cc1OC,-3.7644868,0.71890485,2.961345,0.94535714,-4.123939,0.0130181870565779,1370276.2,10203.810957676547,1.5146769189977043,0.8515537044132071
Z18499814,Z18499814,Cn1ccnc1SCC(=O)N1CCCCCC1,-2.2504504,1.0447946,2.961163,0.8669344,-2.7728477,0.1072954946519249,1239386.3,165769.790321729,2.0447884028766623,0.7724081155752796
Z56989640,Z56989640,COc1cc(C(=O)O)cc(Cl)c1OC(C)C,-3.569416,0.87470233,2.9611504,0.9377989,-4.0067673,0.0202627939640581,1360218.15,24678.99518674737,1.8852407830406381,0.8849346762119591
Z975839228,Z975839228,CN(Cc1ccco1)c1nccnc1N,-2.7525625,0.40131155,2.96102,0.6501025,-2.9532182,0.0389039867468578,1334337.65,31171.76283156761,2.5726143352618784,0.8153902736112445
Z763569936,Z763569936,CN(C)CCn1cc(Br)c(N)n1,-2.4601827,0.6709593,2.960928,0.7757626,-2.7956624,0.0621431195303777,1302073.6,79704.52042914504,2.5856050229463,0.8390403456517082
Z1723832580,Z1723832580,CCn1cc(OCc2nccs2)cn1,-2.4353108,0.75696933,2.9607859,0.68205625,-2.8137956,0.0660449094248568,1296656.55,60256.424475299726,2.66971435679908,0.7721772961545287
Z235448856,Z235448856,OCc1cc(Br)c2c(c1)OCO2,-4.1919904,0.6426559,2.9607692,0.7666032,-4.5133185,0.0071717146252746,1378393.15,5122.852206290944,2.316263733353539,0.7983713506943689
Z228584736,Z228584736,CC(C)CC(CN)N1CCOCC1,-3.2884917,0.6083333,2.960687,0.492846,-3.5926583,0.0250182950984981,1353615.85,25458.206883586678,2.781031282466646,0.7018807485787751
Z53834335,Z53834335,CCOc1ccc(Br)cc1C=O,-2.9252298,0.5623705,2.9603646,0.47671363,-3.206415,0.0358143479670112,1338627.15,38443.86678297983,1.869531771198048,0.7444605809601652
Z3244717952,Z3244717952,Cl.Cl.c1cnc(NC2CCNCC2)nc1,-4.6805024,1.7697849,2.9602165,0.9011233,-5.565395,0.0102894082904166,1374064.7,14636.11246574718,2.5524847135506334,0.8355658667813185
Z1278248899,Z1278248899,CCN(C)C(=O)Nc1ccc(Br)c(F)c1,-3.4042332,0.4303251,2.9599001,0.47018173,-3.6193957,0.0188113588072171,1362233.25,21386.214713864163,2.042383118803917,0.8834254027113556
Z972651030,Z972651030,Cc1ccc(CN)c(N(C)C)c1,-2.9104846,1.1260121,2.9598577,1.177401,-3.4734907,0.0535940504915907,1313942.7,72164.46092094085,2.046691080638606,0.7177436647938997
Z337760472,Z337760472,C=CCN(CC=C)C(=O)c1csc(Br)c1,-1.6016331,0.9135691,2.9597545,0.82879835,-2.0584176,0.1837136889112974,1133291.1,249867.73752245403,2.7635575090478195,0.760298902398891
Z1227744749,Z1227744749,CCCC(CN)NC(=O)OC(C)(C)C,-3.1539593,0.6592008,2.9596431,0.35704705,-3.4835596,0.0315374725393452,1344564.95,41087.06883616182,2.6218336566114964,0.7280364942473228
Z398987976,Z398987976,CC(CC(=O)O)NC(=O)OC(C)(C)C,-3.7359707,0.98305637,2.9596004,0.6091868,-4.227499,0.0199430619080203,1360662.05,28607.468501206116,2.431928271996112,0.7260287500317746
Z26968804,Z26968804,COc1cc(NC(=O)C(C)(C)C)c(OC)cc1Cl,-2.7392612,0.39501894,2.9595058,0.64047676,-2.9367707,0.0382490006122375,1335247.0,23230.75135892079,1.9259450495598358,0.9171356842459364
Z1138772828,Z1138772828,CCCNCc1ccc(OC(F)F)cc1.Cl,-4.468684,1.4780599,2.9593518,0.7374229,-5.207714,0.0101284258292217,1374288.2,12935.491709247082,1.9028490120209618,0.7842543126113928
Z274459672,Z274459672,CCOc1cccc(C(N)=O)c1,-3.5783634,1.4302928,2.9590042,1.3531028,-4.29351,0.0376410127129325,1336091.1,69030.66154173811,1.4606842187504956,0.7308083074639656
Z2614083806,Z2614083806,COc1cc(OC(C)C(N)=O)ccc1Br,-3.2167802,1.0868592,2.9589376,0.40615177,-3.7602098,0.0425107141570929,1329330.25,68345.74368596409,2.417645035877122,0.9087058323107857
Z756361114,Z756361114,CCC(C)(C#N)NC(=O)Cc1cccs1,-2.0441792,0.7524293,2.9589162,0.90742266,-2.420394,0.1044413512442826,1243348.85,113354.79717298028,2.9793896606426014,0.847789099508981
Z432967696,Z432967696,COCC(C)NC(=O)CN1CCCCCCC1=O,-3.457121,1.251266,2.958817,1.0259252,-4.082754,0.0381435516980589,1335393.4,68848.12628706754,2.5249800353728116,0.7958248937867405
Z1071279150,Z1071279150,COCC(C)(C)NCc1ccc(OC)c(OC)c1,-3.3591557,0.57484436,2.9584649,0.82885957,-3.6465778,0.0203096481434795,1360153.1,16373.695785924449,2.0611121292886185,0.8085385274165033
Z51846730,Z51846730,O=C(CSCc1cccs1)Nc1nccs1,-2.0802615,0.531696,2.9583929,1.0863577,-2.3461094,0.0858633989988114,1269141.55,56244.62446623233,2.2785589499800825,0.907569956343406
Z2017822392,Z2017822392,CC(=O)Nc1cccc(Br)c1Cl,-2.939945,0.73162365,2.9583879,0.7930677,-3.3057568,0.0356081679691721,1338913.4,29172.651138352165,1.9375055037155295,0.8129872180676011
Z54183495,Z54183495,CCOC(=O)COc1ccc(Br)cc1F,-3.5067928,0.29649916,2.9580436,0.40530643,-3.6550424,0.015524903662621,1366796.0,13424.40791245558,1.7667424996669556,0.7932213034739299
Z98624882,Z98624882,COC(=O)C(C)Nc1ccc(Br)cc1C,-3.5934346,1.1554929,2.9580207,0.6887974,-4.171181,0.0218533511002269,1358009.9,21915.79841552664,2.377778497415582,0.8596793667229191
Z2466178982,Z2466178982,COCc1nc(CN(C)CCN)cs1,-2.6169481,0.65320414,2.957946,0.6312346,-2.94355,0.0506822126985269,1317985.35,44670.99522092048,2.5343717099524934,0.7579404271476576
Z1631873672,Z1631873672,Cc1occc1SCCS(N)(=O)=O,-2.8750768,0.6369691,2.9578798,0.5390106,-3.1935613,0.0357262938019952,1338749.4,26087.0851330692,2.851721947811024,0.7687460827992267
Z409629020,Z409629020,O=C(Nc1cccc(F)c1)N1CCCCCCC1,-3.6552265,1.34346,2.9578328,1.5318258,-4.3269563,0.0384585299096048,1334956.1,75847.61414368945,1.6507136508439846,0.8107417957796965
Z1839480698,Z1839480698,CN1CCCCC1CCC(=O)O.Cl,-5.210086,2.3254962,2.9572625,0.75380903,-6.372834,0.0105352036590197,1373723.45,17393.2025040675,2.6531296987562385,0.7669375962990413
Z1203160030,Z1203160030,COc1cc(C=O)c(Br)cc1OC(C)C,-2.722416,0.66626954,2.9572425,0.52286744,-3.0555506,0.0473552418338314,1322604.35,44524.46930764588,2.189321964957763,0.7907696094311615
Z235343275,Z235343275,CCOc1cc(CO)cc(Br)c1OCC(=O)N(C)C,-3.1971958,1.0225888,2.9572134,0.6333406,-3.7084901,0.0343995030071667,1340591.45,33420.12548371864,2.1715955498593598,0.8631558982452047
Z2689925106,Z2689925106,CCCOc1ccc(N)cc1C.Cl,-4.0908885,1.635877,2.9571474,0.97602934,-4.908827,0.0174489501926747,1364124.75,22204.27220125668,1.8595080758006812,0.7638134753537322
Z45527641,Z45527641,COc1ccc(S(=O)(=O)N(C)C)cc1OC,-2.7711847,1.3996025,2.957147,1.6316298,-3.470986,0.0972502611013071,1253332.6,197259.77172332932,1.6565253984252557,0.7923308100875794
Z1939451139,Z1939451139,COc1c(C=O)ccc(Br)c1F,-2.967422,0.50157565,2.9570346,0.99785113,-3.2182097,0.0318672164799943,1344107.15,33843.61755970393,2.563888196023223,0.7328496562776458
Z1157797661,Z1157797661,Fc1ccc(F)c(Cn2cncn2)c1,-1.7540153,1.5202773,2.9570312,1.9034815,-2.514154,0.2324695861994453,1065600.85,447188.84509268287,2.094449047230599,0.7282983643525317
Z30943448,Z30943448,CCC(=O)Nc1cc(OC)ccc1OC,-3.2688804,0.52028406,2.9566598,0.32591707,-3.5290225,0.0220898188497136,1357681.6,19230.655400687727,1.5190044133630174,0.8251460908128478
Z92193917,Z92193917,CCNC(=O)C(C)Sc1nncs1,-1.9506916,0.97506195,2.9566064,0.9430546,-2.4382226,0.1336633053624806,1202778.55,180009.13527415073,2.9361120516974157,0.7687970027957958
Z1478423507,Z1478423507,COc1ccncc1NCc1ccsc1,-2.0898824,0.84457296,2.9562638,1.0770379,-2.512169,0.1047999063636691,1242851.05,110875.70215492437,2.1778205313913297,0.8599084981593551
Z406447016,Z406447016,CC(OCC(F)(F)F)C(=O)N1CCOCC1,-4.083765,0.4911819,2.9558709,0.7615143,-4.329356,0.0087338567364136,1376224.35,7602.731695088286,2.7719202403642917,0.7336906200925435
Z3024765882,Z3024765882,C=CC(=O)NCc1c(OC)cccc1OC,-3.3203979,0.44768056,2.9558175,0.73460954,-3.544238,0.0209139986314689,1359314.05,23885.348072563236,2.039611762061618,0.7664901539507284
Z25107220,Z25107220,Cc1nc(CSc2nncs2)cs1,-1.342012,0.96624786,2.9558144,1.0582049,-1.825136,0.22333964778334,1078276.4,191818.48696473445,2.6548219362436445,0.7583197092911668
Z3024771240,Z3024771240,C=CC(=O)NCc1ccc(C#N)cc1OC,-3.2645416,0.36982977,2.955769,0.6577009,-3.4494565,0.0199482839341664,1360654.8,14206.57011949049,2.17458029353015,0.7729994346400993
Z1269181301,Z1269181301,CC1CNc2ccc(Br)cc2O1,-3.5110564,0.82640105,2.9557464,0.48035386,-3.924257,0.0193200561817985,1361527.0,19654.33536907316,2.9345319626439377,0.7364665606650854
Z448383434,Z448383434,CN1CCCN(C(=O)NCCn2ccnc2)CC1,-3.1731582,1.0375538,2.9554245,0.5676594,-3.691935,0.0381756401483774,1335348.85,57949.47402718596,2.2511547751043413,0.8364785440941458
Z332369806,Z332369806,CC(C)NC(=O)Nc1ccc(C#N)cc1,-3.701056,0.70790225,2.9554229,0.5027805,-4.055007,0.015557784420355,1366750.35,20640.513148357044,1.7410258017307463,0.7724788938856106
Z5004401887,Z5004401887,COc1cc(N)ccc1S(C)(=O)=O.Cl,-4.028044,1.2836555,2.9554136,0.75168717,-4.669872,0.0137252854107393,1369294.5,13911.232035660969,2.1225636626152156,0.782547445464639
Z976216224,Z976216224,CCCC(=O)NCC1CCOCC1,-3.6109002,0.8108111,2.955324,0.5957594,-4.016306,0.0188381892174163,1362196.0,20706.95085955438,2.0197823695514465,0.7172279363949173
Z238814672,Z238814672,CCCN1CCC(C(=O)NC)CC1,-3.5687757,1.2560652,2.9551232,1.0249428,-4.1968083,0.0284158173371268,1348898.9,37001.89175150373,1.8207859038549792,0.7051245949846119
Z1154554003,Z1154554003,CN(C)c1nnc(SCC(C)(C)O)s1,-2.5101676,1.0207845,2.9550977,0.91499645,-3.0205598,0.0854158173371268,1269762.95,157975.60911307638,2.859571230182782,0.798047652749645
Z505584884,Z505584884,O=C(NCCCn1cncn1)N1CCCCCC1,-2.6838892,1.0499774,2.9550893,0.8372452,-3.2088778,0.0744033925162962,1285052.05,132046.733598554,2.1648183287495346,0.8192312081344134
Z735165034,Z735165034,COC(=O)NCC(=O)N=c1sccn1C,-3.2482922,1.0859363,2.9550786,0.45047277,-3.7912602,0.0303689271437317,1346187.3,29595.69769763841,2.7674749574530733,0.7674132958627421
Z135505270,Z135505270,CNC(=O)c1ccc(OC)cc1F,-3.5001419,1.3824003,2.9550338,1.0158602,-4.191342,0.0434345085893327,1328047.7,87863.72240412992,1.626341288470364,0.747561299626318
Z3337540133,Z3337540133,C=CC(=O)N1CCOc2cc(OC)ccc21,-3.497521,0.41706875,2.954985,0.6885508,-3.7060554,0.0171682572838262,1364514.45,21936.91998771705,2.33997001380987,0.7091511210146724
Z98976533,Z98976533,N#Cc1ccc(OCCO)c(Cl)c1,-3.649366,0.7477054,2.9549544,0.444186,-4.0232186,0.0176346022256635,1363867.0,19362.81387350506,1.9466166730857477,0.8007089256059357
Z270758282,Z270758282,COc1cc(N)c(C(=O)N(C)C)cc1OC,-2.9516459,0.5387106,2.9548857,0.7707566,-3.2210011,0.0307600028811178,1345644.35,18627.49807750628,1.8936144094142655,0.7774310907616047
Z367741466,Z367741466,O=C(CSc1cccs1)N1CCCCC1,-2.1470504,0.41783437,2.954749,0.5913558,-2.3559675,0.0748913098282134,1284374.65,35248.95349974946,2.1224296223004195,0.7584586877808489
Z1559259185,Z1559259185,CCCC(C)(C)NC(=O)CS(=O)(=O)C(C)(C)C,-2.4781578,0.6967177,2.9547064,0.39031187,-2.8265166,0.0692460834803904,1292212.2,99810.33726653768,2.7193391093130845,0.823635220954671
Z1365737346,Z1365737346,Cn1ncc(NCC(F)F)c(Cl)c1=O,-2.3924904,0.31835088,2.9544547,0.6470273,-2.5516658,0.0567687542766592,1309535.1,36422.926664259154,2.784326739538292,0.8352126610200656
Z2311574278,Z2311574278,COc1cc(OC)c(OC)cc1/C=C/C(=O)O,-3.844756,0.41854915,2.9544349,0.3707834,-4.0540304,0.0118146000648251,1371947.2,14410.265200890648,1.903302702241895,0.7923496429747788
Z1881598077,Z1881598077,CC(N)c1cccc(OC(F)(F)F)c1.Cl,-4.57801,1.615424,2.9543993,0.8036606,-5.385722,0.0112326502683042,1372755.15,17746.663492823096,2.557641857739471,0.8638739057966779
Z1074714712,Z1074714712,C=C(Br)CN1CCCN(C(=O)C(C)(C)C)CC1,-2.805927,0.57341444,2.9539864,0.54965144,-3.0926342,0.0397733640652573,1333130.65,37202.584600098686,2.4413250433790186,0.7822570758678888
Z3334353900,Z3334353900,O=C(CCl)Nc1cscc1Br,-2.4924521,0.9356098,2.9539185,0.58036566,-2.960257,0.0799023301040803,1277417.6,116603.36568015524,2.8882741824510756,0.8079677415452344
Z51311503,Z51311503,CNC(=O)CSc1ccc(OC)cc1,-3.3180928,0.936059,2.9535968,0.6352716,-3.7861223,0.0278943710159541,1349622.85,35801.49101123444,1.6970166803666942,0.7675723409879011
Z645047664,Z645047664,COCCN(Cc1ccc(C)o1)C(C)C,-2.7581167,0.7908354,2.9534287,1.0647639,-3.1535344,0.0480924838837468,1321580.8,48279.65624007694,2.2381533814680807,0.722445906052486
Z336513490,Z336513490,C#CCNC(=O)NCc1cccnc1OCC,-2.8840954,1.168288,2.9534264,0.9184787,-3.4682393,0.0575808693773183,1308407.6,70195.81078269558,2.35470600491748,0.743045621613936
Z3244871763,Z3244871763,Cl.Cl.NC1CCN(CC2CCOCC2)CC1,-5.1971817,1.7287282,2.9533572,0.84394574,-6.061546,0.0072492527100515,1378285.5,13262.587332417455,2.5180787079064704,0.8301371514010459
Z433023988,Z433023988,CN(CC(N)=O)Cc1cc(Br)cs1,-2.2227066,0.6637746,2.9533362,0.4375443,-2.5545938,0.0845238952713652,1271001.25,84315.80171882077,2.449032277481354,0.8927420734076066
Z432747482,Z432747482,COCCCNC(=O)c1sccc1Br,-2.7437527,0.6376927,2.9531178,0.6588824,-3.0625992,0.0443283754096589,1326806.7,50133.99891401044,2.1006498164613703,0.8390631267333999
Z45527546,Z45527546,CCOc1ccc(Br)cc1S(=O)(=O)N(C)C,-2.4385233,0.53439784,2.9530954,0.7852237,-2.7057223,0.0566442179565671,1309708.0,38173.411784906,1.919292431392286,0.8555673479692741
Z435641864,Z435641864,COc1ncccc1NC(=O)N1CCSCC1,-3.2777534,0.71260655,2.952863,0.85141706,-3.6340566,0.0248067850325925,1353909.5,25907.30930162374,2.277115561432394,0.870801858670169
Z432967396,Z432967396,COCC(C)NC(=O)c1sccc1Br,-2.7627645,0.5825,2.9528048,0.67587584,-3.0540144,0.0399699283321929,1332857.75,28694.112648546918,2.697636693048743,0.9171847606868243
Z31258988,Z31258988,CN1CCCN(c2ccc(C(F)(F)F)cn2)CC1,-2.8217611,0.92913455,2.9525816,0.6310185,-3.2863283,0.0509725933662261,1317582.2,67666.18974835216,2.0558723490688386,0.770759562529318
Z1348356581,Z1348356581,CS(=O)(=O)CCNc1ccc(C#N)nc1,-2.8952546,0.9165612,2.9525814,0.8991413,-3.3535352,0.0413215327547088,1330981.25,40983.11293798337,2.4723357454455677,0.8020336213190478
Z62678534,Z62678534,CN(C)C(=O)c1cc(Cl)c2c(c1)OCCO2,-3.1894603,0.84903497,2.9525812,0.96403354,-3.6139777,0.0310364821550761,1345260.5,41157.07542270223,2.157571552271408,0.7528669233041353
Z1269112446,Z1269112446,COc1cc(Br)cc(C=O)c1,-3.4436646,0.569761,2.952329,0.62468356,-3.728545,0.0186488637591384,1362458.85,21475.74905858932,2.021786490143384,0.7069899080208195
Z1509611338,Z1509611338,CCOc1cc(C=O)c(Br)c(Br)c1OC,-2.6107888,0.9501432,2.9520304,0.43190274,-3.0858605,0.0710996146504843,1289638.85,89446.5716225474,2.46307081111161,0.7894703659826819
Z1536940660,Z1536940660,COc1cc(CNc2nncs2)cc(OC)c1,-2.6922228,0.86347294,2.9516466,0.93091655,-3.1239593,0.0565025029711527,1309904.75,76129.2631449136,2.2318047294072763,0.8821901893799002
Z2733186850,Z2733186850,COc1ncc(CN2CCCNCC2)cn1,-3.1439538,1.2683207,2.9515347,0.86376995,-3.778114,0.0545019987755249,1312682.15,92410.65209069516,2.333887591551278,0.7958406215749056
Z208334034,Z208334034,CCOc1ccc(NC(=O)N(C)C)cc1,-4.015198,0.79547834,2.951504,1.1396569,-4.412937,0.0112856628371807,1372681.55,12973.348744541636,1.6041515052954747,0.82675798609582
Z1192232890,Z1192232890,CCCC(=O)N1CCCN(CC(F)F)CC1,-3.0970168,0.46400252,2.9514713,0.4618302,-3.329018,0.0246353945330788,1354147.45,13827.432916036872,2.163456167656024,0.737133181776824
Z1642219762,Z1642219762,CCNc1nc(NCC)nc(NC(C)(C)C)n1,-2.6514316,0.7515457,2.951381,0.6939711,-3.0272045,0.0564365253718441,1309996.35,63942.93001206232,2.561720427994402,0.7277136268748322
Z509521886,Z509521886,CC(=O)Nc1c(C)cc(Br)cc1C,-3.3500333,0.7260674,2.9513319,0.66633415,-3.713067,0.022806640976699,1356686.4,24071.66233644864,1.881083641411541,0.8052126850515781
Z18774557,Z18774557,COc1cc(OC)c(C(=O)OCC#N)cc1OC,-3.9263535,0.60287446,2.9513068,0.41929635,-4.227791,0.0128722944502467,1370478.75,18917.999476358487,2.023730339649685,0.735784023061407
Z57052844,Z57052844,COc1ccc(NCc2cccs2)cc1,-2.660896,1.0157455,2.9510612,1.0071079,-3.168769,0.0691578492455072,1292334.7,106470.11631960396,1.636206195726995,0.8508926131975424
Z135666374,Z135666374,Cc1occc1C(=O)N1CCCCCCC1,-3.0960133,0.8543013,2.9507394,0.7722932,-3.523164,0.0332082327943241,1342245.35,35782.904034294086,1.9150320873884645,0.7300732535227851
Z736916774,Z736916774,COC(C)C(=O)Nc1cccnc1N(C)C,-2.8710501,0.7963515,2.9504714,0.8801376,-3.2692258,0.0423876544099109,1329501.1,48144.5339793626,2.6174164836558838,0.83074304226392
Z343565262,Z343565262,CCC(=O)NCC(c1ccsc1)N(C)C,-2.1086056,0.5249354,2.9503045,0.5392463,-2.3710732,0.0834556127777578,1272484.4,55880.409758161215,2.7281562647701794,0.831113398268026
Z1743520862,Z1743520862,Cn1cnnc1NCc1ccc(C#N)s1,-2.4404273,0.32707942,2.9499285,0.76316255,-2.603967,0.0522342348831346,1315830.6,23532.99323375588,2.9993334765856687,0.8460145727926884
Z716157680,Z716157680,CN(CCC(=O)O)c1ccc(C#N)cn1,-3.2138524,0.44196415,2.9499052,0.35645008,-3.4348345,0.0246263190117765,1354160.05,28312.373892831736,2.347352255764518,0.7884723984126879
Z2517210632,Z2517210632,C=CC(=O)NCc1nccn1C(F)F,-2.5747943,0.60007656,2.9496703,0.7504621,-2.8748326,0.0501092303813879,1318780.85,34655.00176781845,2.782555889335864,0.740746888756087
Z381429032,Z381429032,Br.Cc1ccc(-c2nccs2)cc1,-3.324419,2.4653215,2.9494433,2.4932523,-4.55708,0.1956147945402816,1116768.2,452621.9182636431,1.9346743653934428,0.757722633567439
Z992716854,Z992716854,Cl.NCc1cc(Br)ccc1OC(F)F,-3.99972,1.3252201,2.9492466,0.8689335,-4.66233,0.0149523174991896,1367590.95,16232.424536941486,2.2776382779998308,0.9279466690522232
Z1624945370,Z1624945370,COc1cc(C(=O)O)cc(OC)c1C(C)C,-3.7924683,0.64732593,2.9492335,0.74445516,-4.1161313,0.0120905751431554,1371564.05,10779.365479818374,1.9589155083153642,0.8533567847201424
Z3300755385,Z3300755385,CS(=O)(=O)c1ccc(Br)nn1,-2.0361915,1.4539768,2.9491754,1.3847678,-2.7631798,0.1808814059855223,1137223.3,329651.4576614367,2.7815563044669904,0.7187102853758042
Z1251207608,Z1251207608,CN(C)c1nccc(N2CCCCC2)n1,-2.4863863,0.8294817,2.9491162,0.7462637,-2.901127,0.0678017070623402,1294217.5,71996.28878872855,2.187230793222522,0.7343274111943011
Z432102214,Z432102214,CCc1nccn1CCC(=O)O,-2.8143125,1.3335563,2.9488347,0.7797388,-3.4810905,0.0893539813447618,1264295.4,174982.99163901617,2.1864198830861596,0.7268810533615052
Z285952956,Z285952956,COc1c(Br)cc(Cl)cc1S(=O)(=O)N(C)C,-2.1143477,0.4386794,2.9487357,1.0461848,-2.3336873,0.078366046025858,1279550.5,39591.33084211744,2.1998344040537727,0.8555438133288623
Z1419091412,Z1419091412,CCS(=O)(=O)CCn1cncc(Br)c1=O,-2.271262,0.5102683,2.948689,0.45127857,-2.526396,0.0725443872222422,1287633.0,66925.6446087746,2.6458296572654554,0.8080284086428855
Z1650871413,Z1650871413,CCSC1CCCCN(CCCC(=O)O)C1.Cl,-3.943606,1.0920109,2.9485543,0.7702691,-4.489611,0.0142822415097058,1368521.25,15975.282460335404,2.9511097865391793,0.8127387045593013
Z2517211822,Z2517211822,C=CC(=O)NC1CCOc2c(OC)cccc21,-3.2689233,0.7035092,2.9485354,0.72390586,-3.620678,0.0242556631973206,1354674.65,21460.501050243445,2.8409148450676067,0.810000820051938
Z1405084792,Z1405084792,COc1ccc2c(c1)N(C)CC(=O)N2,-2.7981462,0.7736557,2.9484499,0.93870914,-3.1849742,0.0419211654121799,1330148.75,36057.16156310005,2.207840349005748,0.7236208935484791
Z1255421030,Z1255421030,CCOc1ncccc1OCCO,-3.7254753,1.2153127,2.948354,0.7354669,-4.333132,0.0310133611841393,1345292.6,67447.35816353373,2.041213970383046,0.7349017525614905
Z237528988,Z237528988,COC(=O)c1ccoc1CN1CCN(C)CC1,-3.628756,0.5787562,2.9483247,0.7029733,-3.9181342,0.0142747145892606,1368531.7,11281.689412938118,2.198723312609788,0.7293135023612152
Z2733318522,Z2733318522,COc1cc(C(=O)O)cc(C(F)F)c1OC,-4.027408,0.85582143,2.948294,1.31066,-4.455319,0.0093687470738647,1375342.9,6885.047769623679,2.206949574249432,0.8651136027063876
Z801831492,Z801831492,COc1cc(OC)c(OC)cc1CNC(=O)C(C)(C)N,-3.0681653,0.5035321,2.948113,0.5147972,-3.3199313,0.0284171858681168,1348897.0,25746.86680161297,2.0752287126628453,0.8151030576873711
Z1002423728,Z1002423728,COC(=O)CNc1cc(Cl)c(OC)c(Cl)c1,-3.2956185,0.5476935,2.947976,0.308052,-3.5694652,0.0220896747938199,1357681.8,19964.676655533392,2.023181749051373,0.8489126845056597
Z993104106,Z993104106,CNC(=O)c1ccc(OC)cc1Br,-3.565208,1.019673,2.9476438,0.98530346,-4.0750446,0.0230036374113156,1356412.9,35392.68882255203,1.7635922774813544,0.8611362368186395
Z956337318,Z956337318,COCC(=O)Nc1nccn1CC(C)C,-2.6336613,0.63182485,2.9475665,0.7652033,-2.9495738,0.0486722728418625,1320775.85,47313.75546738496,2.443073081280465,0.7937534097335114
Z409566862,Z409566862,Cc1ccc(NC(=O)N2CCCCCC2)c(C)c1,-3.1401513,1.0415998,2.947432,1.138109,-3.6609511,0.0438363525047718,1327489.8,74853.02338556541,1.655894159023589,0.804556146654623
Z900648214,Z900648214,CC(Cn1cncn1)NCc1cccs1,-2.1049974,0.7186616,2.9472237,0.9365038,-2.4643283,0.0954452767673856,1255838.55,99744.956525869,2.8867945813316673,0.8337262055736072
Z391851930,Z391851930,C1CCN(CCOC2CCNCC2)C1,-3.6793644,0.7303069,2.9471984,0.44134948,-4.044518,0.0151408866640256,1367329.15,13757.477636816278,2.2146201461316988,0.7246068885272428
Z1443205572,Z1443205572,CC(C)(C(=O)NOCC(F)(F)F)S(C)(=O)=O,-3.5536492,0.8149549,2.9469464,0.5578843,-3.9611266,0.0184490582345949,1362736.25,17580.257438032582,2.999224214993303,0.7460166026831826
Z31424082,Z31424082,CC(=O)NCCC(=O)N1CCCCC1,-3.222714,0.6049388,2.9469151,0.80572885,-3.5251834,0.0242728778766161,1354650.75,18002.995269884952,1.759775260248352,0.7186279604502838
Z596218814,Z596218814,COCCn1cc(NC(=O)N2CCCCCCC2)cn1,-3.0243,0.84147465,2.9466867,0.7748877,-3.4450374,0.0375089134584218,1336274.5,49943.40419064363,2.1039303842508534,0.9205101499046685
Z6138727602,Z6138727602,CNCc1ccnc(C(F)(F)F)c1.Cl.Cl,-4.6812787,2.8637006,2.9465063,1.2497874,-6.113129,0.0739922209817409,1285622.9,269033.8073318853,2.553294033564832,0.8867965288789569
Z255129520,Z255129520,CC(C)(C)C(=O)Nc1ccncc1,-3.1676602,1.0091438,2.946244,1.2441566,-3.6722322,0.0406746137501351,1331879.4,67634.33476156915,1.8904507390198155,0.7148426813223886
Z1791179022,Z1791179022,O=C(Nc1cnns1)c1ccsc1,-2.9303126,0.90429556,2.9461274,1.1103355,-3.3824604,0.0467464976410847,1323449.5,72888.04836219721,2.921797644745668,0.8243754828617003
Z2824354574,Z2824354574,CCOC(=O)Cc1csc(CN)n1.Cl.Cl,-4.6072125,1.762422,2.9460142,0.6840159,-5.4884233,0.0107265098858356,1373457.85,15272.425155406723,2.522376438641974,0.8452241858815078
Z1343138366,Z1343138366,COCC(C)Nc1c(F)cc(C#N)cc1F,-2.7669542,0.6173542,2.9458916,0.5264659,-3.0756314,0.0415059242986278,1330725.25,31658.995051762144,2.889271224264114,0.8561852236071282
Z359354752,Z359354752,c1cncc(CNc2ccncc2)c1,-2.5470586,1.0582017,2.9457645,1.0853937,-3.0761595,0.0822744624914466,1274124.25,130642.46248018864,1.8306597065712609,0.7951904397663039
Z1752461440,Z1752461440,CCN(CC)C(=O)c1nc(Br)cs1,-2.063182,0.9548108,2.945606,1.0812805,-2.5405874,0.1192303453740051,1222816.55,158273.5845460243,2.7943711785802563,0.8384531914923851
Z1509519552,Z1509519552,COC(=O)c1cc(Br)ccc1OC(C)C,-3.2704132,0.39626893,2.94556,0.24050318,-3.4685476,0.0213781467209277,1358669.65,17243.34258569086,1.8106608111116085,0.7939603972452688
Z1343137588,Z1343137588,CCN(CCO)c1c(F)cc(C#N)cc1F,-2.8256345,0.3193836,2.9455583,0.30228692,-2.9853263,0.0337970612597686,1341427.85,17758.933580806588,2.5439677955630007,0.8487994821447206
Z2944340555,Z2944340555,Cl.NCCc1c(Cl)cccc1Cl,-3.8768547,2.0019846,2.945545,1.0817595,-4.8778467,0.0307800266503402,1345616.55,51825.82205954383,2.0433008666187558,0.824425306056317
Z410100714,Z410100714,C#CCNC(=O)Nc1cccc(C#N)c1,-3.6111388,0.7095175,2.945476,0.7213943,-3.9658976,0.0168782727698346,1364917.05,20566.581360243126,2.1919957561665537,0.7051659189380733
Z25282458,Z25282458,COC(=O)COc1ccc(F)cc1Br,-3.338588,1.4314864,2.9450376,1.0761081,-4.0543313,0.0587285626823207,1306814.2,119302.70515482876,1.7686749176759449,0.7835561515670221
Z1447485531,Z1447485531,COc1cc(NCc2cncs2)ccc1Br,-2.0172133,0.65989196,2.944686,0.731136,-2.3471594,0.0993523967299311,1250414.1,80399.49944303135,2.34877188671957,0.937559476776637
Z3377874365,Z3377874365,COc1ccc(C(N)C(F)F)cc1.Cl,-4.3011484,1.6952243,2.9446783,0.7661051,-5.148761,0.0144107753808477,1368342.8,20073.363120314447,2.747052887380727,0.854114694375967
Z1583330798,Z1583330798,CN(C)CCNc1cncc(Br)c1,-2.615884,0.671467,2.9444618,0.54136,-2.9516175,0.0523327331004429,1315693.85,51848.54237707652,2.252397442316518,0.8751079604279708
Z363085752,Z363085752,CC(C)OCCC(=O)Nc1nccs1,-2.7159302,0.84964913,2.944228,1.0728132,-3.1407547,0.0528829906003529,1314929.9,64529.97062443156,2.2081598756329655,0.8140246176472644
Z26782942,Z26782942,CCC(C)(C)NC(=O)c1cc(Br)c(Br)s1,-2.03994,0.8093358,2.9437556,0.68314326,-2.444608,0.1154738358483091,1228031.9,150372.20417946263,2.5925911069695964,0.8656921385300124
Z46191142,Z46191142,CNCC(=O)Nc1ccc(OC)cc1,-4.05875,0.891555,2.9437041,1.0947233,-4.5045276,0.012000864335362,1371688.6,19139.84443876177,1.5111515916092984,0.7468325286009796
Z1278754379,Z1278754379,COCCS(=O)(=O)Nc1ccsc1,-2.7242389,0.86024743,2.9436538,1.0223695,-3.1543627,0.0541180538048763,1313215.2,71770.14604597095,2.47771667308575,0.8107572112289587
Z381025676,Z381025676,COc1ccc(OC)c(CNCC(=O)O)c1,-4.0951414,0.7032043,2.9435077,0.3533166,-4.4467435,0.010729102891922,1373454.25,12504.626239416351,1.7826649089147661,0.7517905770720495
Z2042169670,Z2042169670,O=c1c(Br)cc(C(F)(F)F)cn1CCF,-2.4912133,0.47282377,2.9434252,0.5335432,-2.7276251,0.0530114524435481,1314751.55,34763.08909241956,2.7198230596323185,0.7666639873571173
Z236598446,Z236598446,O=C(Cn1cccn1)N1CCCCCC1,-2.849806,1.3476325,2.943416,0.88143027,-3.5236223,0.0816609644542082,1274976.0,149140.96753977425,1.98479885306965,0.7324929118941671
Z409421156,Z409421156,CC1CN(CCCOc2ccc(C#N)cc2)CCO1,-3.5894222,0.63950217,2.9432938,0.60733867,-3.9091733,0.0176647819353908,1363825.1,18384.34693672854,2.4864543920662534,0.7600925192891005
Z2921047637,Z2921047637,CC(C)N(C)Cc1cc(Cl)cs1.Cl,-2.9216914,1.2293768,2.943289,0.8356579,-3.5363798,0.0460742968271689,1324382.75,56481.824986339634,2.786186603155679,0.7788044060905088
Z1139277702,Z1139277702,Cc1csc(N2CCN(C)CC2C)n1,-2.7120187,1.0793911,2.9432888,0.7677199,-3.2517142,0.0648720063384593,1298284.95,90946.67476355306,2.986582473179544,0.7030334084907777
Z45527748,Z45527748,CNS(=O)(=O)c1cc(Br)ccc1OC,-2.9789188,0.6626227,2.9430285,0.6303539,-3.3102303,0.0325755032952785,1343123.8,27386.71490997049,1.8712028310143847,0.9093182415856196
Z422692908,Z422692908,CC(CN1CCOCC1)NC(=O)C(C)C,-3.9130778,0.6978181,2.9430091,0.37061575,-4.2619867,0.0118830986422731,1371852.1,12732.161414700962,2.514179154075995,0.7398310318040632
Z1996660846,Z1996660846,CC[C@H](O)COc1ccc(OC)cc1,-3.98644,0.66441154,2.9429212,0.66707957,-4.3186455,0.0112397090070947,1372745.35,11130.175170566725,2.043435727617414,0.7806240576897855
Z32613058,Z32613058,COCC(=O)NCc1ccc(OC)c(OC)c1,-3.637715,0.812571,2.9427636,0.7455542,-4.0440006,0.0171654481938992,1364518.35,18236.91365959438,1.6141883494346665,0.8032037270906778
Z409791698,Z409791698,Cc1ccc(NC(=O)N2CCCCCCC2)c(Cl)c1,-3.108295,1.0395311,2.9426837,1.1965588,-3.6280606,0.0455966434976771,1325045.9,76423.7780235314,1.75288227685785,0.8099196394569715
Z1182730950,Z1182730950,CCSC1CCCCN(CC(=O)N(CC)CC)C1,-2.7252898,0.3491873,2.942658,0.31717914,-2.8998835,0.0394035005582166,1333644.15,28768.93200359548,2.9329846507574278,0.7419266604256554
Z228585330,Z228585330,CCOc1cc(CO)ccc1OC(F)F,-3.547034,0.55491775,2.942484,0.4848404,-3.824493,0.0172534303309684,1364396.2,19275.52247696544,1.914092593475587,0.82274246627519
Z1493057810,Z1493057810,FC(F)CNCc1cc(Br)c2c(c1)OCCCO2,-3.2749023,1.0243392,2.9423034,0.9118524,-3.787072,0.0283236575791406,1349026.85,28931.76974067608,2.605221760833544,0.9244614657254205
Z2238905122,Z2238905122,Cl.O=C(CCl)Nc1ccncc1,-4.0256,1.9527085,2.9422367,1.0163956,-5.001954,0.0242408614542443,1354695.2,32567.41681589131,2.0532939652539923,0.7492596735748821
Z929763796,Z929763796,N#Cc1c(F)cccc1N1CCCOCC1,-2.9340367,0.877823,2.9416318,0.9468321,-3.3729482,0.0391882090251016,1333943.05,32533.112066746704,2.1282929569536844,0.7251194511657431
Z993891610,Z993891610,CC(C(=O)O)N(C)C(=O)OC(C)(C)C,-3.883266,0.9459833,2.9413612,0.82838833,-4.3562574,0.0156333777505672,1366645.4,15306.476385504277,2.6116741543490534,0.7347069084805261
Z247270738,Z247270738,O=C(NCCn1ccnc1)c1ccco1,-2.8142738,0.899801,2.9412093,0.581674,-3.2641745,0.0473014369575395,1322679.05,53493.67199536315,2.158429622300421,0.806459025423179
Z3085670511,Z3085670511,Cl.NCc1ccc(C(F)C(F)(F)F)cc1,-4.343126,1.9574099,2.9411974,0.8576698,-5.3218307,0.0171840314041847,1364492.55,25913.390917583514,2.9118264731240853,0.7937630529964278
Z50120038,Z50120038,CC(C)C(C)(C#N)NC(=O)CN1CCCCCCC1,-2.9067583,0.61884195,2.941084,0.76025,-3.2161794,0.0374566571829869,1336347.05,47352.2665280924,2.613645209710148,0.848325097698197
Z56801302,Z56801302,COc1ccc(C(=O)CN)cc1.Cl,-4.811191,1.7419747,2.9407282,0.879305,-5.6821785,0.0116590557136169,1372163.15,21907.860361694387,1.7600845463889172,0.7495632940164999
Z1973465439,Z1973465439,COc1cc(I)c(Cl)cc1CN.Cl,-4.2094264,1.5130858,2.9402974,0.8780894,-4.965969,0.0155916015413981,1366703.4,28372.263581533287,2.5144998898689668,0.8445901276382786
Z221065306,Z221065306,COC(=O)CN(C)C(=O)c1ccsc1,-2.962784,0.9096855,2.9400306,0.8232351,-3.4176269,0.0425545071487737,1329269.45,59484.03914956936,2.2114166180808006,0.7034258182960145
Z2582801236,Z2582801236,CCNCCOc1ccccc1OC.Cl,-4.4346724,1.771952,2.9398303,0.75262177,-5.320648,0.0122751467569416,1371307.8,15356.319766141884,1.7313605109239916,0.7611273359989572
Z1317450696,Z1317450696,CC(C)N(CCCNC(=O)N1CCSCC1)C(C)C,-3.0036342,0.43078366,2.9397964,0.3239148,-3.219026,0.0306140382468397,1345847.0,27567.061802085474,2.507318470151736,0.7612080586729695
Z281801986,Z281801986,COCCCNc1cnn(C)c(=O)c1Cl,-2.3381493,0.47691292,2.9397764,0.61040354,-2.5766058,0.0633773544135124,1300360.05,48362.946266201565,2.365044938691346,0.7648801734917003
Z1138834250,Z1138834250,COc1cc(C)nc(N2CCNCC2)n1,-2.6935,0.97957146,2.9392028,0.75467056,-3.1832857,0.0655983361544279,1297276.55,107105.25308287871,2.3090608468897837,0.7522873995141705
Z56837058,Z56837058,COc1ccc(NC2=NCCCS2)cc1,-3.8707569,1.0125452,2.9391634,1.1500429,-4.3770294,0.0162432023625166,1365798.75,19083.911794689782,2.1979792726500715,0.8347265841547019
Z562152520,Z562152520,COc1cc(OC)c(CNC(=O)CCl)c(OC)c1,-3.1328006,0.687344,2.9391294,0.57768124,-3.4764726,0.0308587171822667,1345507.3,34902.39128641475,2.0719912501677396,0.7995652957627697
Z5171592562,Z5171592562,CNCc1cc(F)ccc1C(F)(F)F.Cl,-3.9151473,1.1543262,2.939116,1.0461279,-4.4923105,0.0150696510245975,1367428.05,16381.859322051938,2.23313028479582,0.7877636366475266
Z235362229,Z235362229,COc1ccc(NC(N)=S)cc1OC,-3.6331687,0.6850918,2.9390938,0.77410775,-3.9757147,0.0167475780602873,1365098.5,23948.67022508765,1.7609429338702771,0.7408277327141896
Z9422151761,Z9422151761,COc1ccc(C(N)C(F)(F)F)cc1OC.Cl,-4.035389,1.6862698,2.938992,0.7692454,-4.878524,0.0181118594014478,1363204.4,22661.93832486533,2.590521710004996,0.9192127826272682
Z398428264,Z398428264,CCOc1c(Cl)cc(N)cc1Cl,-2.6754987,0.6531111,2.938944,0.7751542,-3.0020542,0.0508592213778945,1317739.6,63431.688955442456,1.9853482921770684,0.7545445081287618
Z440633948,Z440633948,C=CC(=O)Nc1cc(Cl)c(OC)cc1OC,-3.0738914,0.5800664,2.9389002,0.6510732,-3.3639245,0.0310233010408037,1345278.8,43098.04977907933,2.0121821068331265,0.8242229353963956
Z422475376,Z422475376,O=C(COCC(F)(F)F)NC1CCCCNC1=O,-3.7185853,1.2612603,2.9388387,0.8660222,-4.3492155,0.029943638131595,1346777.75,59349.17456702747,2.912661040082389,0.7728212607276637
Z111412084,Z111412084,COc1cc(C=O)cc(OC)c1OCC(N)=O,-3.2420087,0.3696474,2.9388306,0.5368779,-3.4268324,0.02148784528397,1358517.35,17107.375722988607,2.022828120302094,0.7248816503448766
Z183863632,Z183863632,CCNC(=O)c1ccc(CC)s1,-3.0061367,1.2349243,2.9386513,1.3470448,-3.6235988,0.0617441927467857,1302627.45,110045.18442052563,2.0095793236455997,0.7632245064321674
Z385436460,Z385436460,CCc1nc(CN2CCCNCC2)cs1,-2.6877213,1.262783,2.9383883,0.6266424,-3.3191128,0.0925939064356971,1259797.25,172121.70017661195,2.32200934258014,0.844783843829619
Z403714060,Z403714060,CC(Cn1ccnc1)NC(=O)Cc1cccs1,-2.151305,0.5818777,2.9383776,0.88600713,-2.4422438,0.0819379839377679,1274591.4,62462.0981351091,2.745979385883933,0.8762695056365869
Z90523190,Z90523190,COc1ccc(CNC2CCSCC2)cc1OC,-3.2965941,0.50334847,2.9380584,0.5353093,-3.5482683,0.0212379803363704,1358864.25,17733.193516326945,2.0880231182996063,0.8883058157170002
Z6470513075,Z6470513075,Cl.Cl.N#Cc1ccc(N2CCNCC2)cc1,-5.308795,2.022248,2.938045,0.8077706,-6.319919,0.0074258292217379,1378040.35,12804.987634804653,2.2160522320567395,0.8366002592293196
Z995036848,Z995036848,CCC(C)(C)C(=O)N(C)CCCC(=O)O,-2.977829,0.3643988,2.937986,0.46415046,-3.1600285,0.0288110346814564,1348350.2,21641.562581292503,2.3323343333788156,0.7339412724368494
Z882134618,Z882134618,O=C(NCCC1CCCO1)OCC(F)(F)F,-3.6357532,0.6775652,2.9379804,0.56840885,-3.9745357,0.0166721647999423,1365203.2,21501.23645886441,2.796068679134825,0.816563601939789
Z219110266,Z219110266,CCC(CC)Nc1c(C#N)c(=O)n(C)c(=O)n1C,-1.7667801,0.5913767,2.9379165,0.62113637,-2.0624685,0.1300949328339395,1207732.7,121083.18930392445,2.6785159169902784,0.8461942413274682
Z2204788065,Z2204788065,CC#CC(=O)NCc1ccc(C#N)c(OC)c1,-3.4283104,0.9303436,2.9378524,0.5232531,-3.8934822,0.0228901573810639,1356570.45,23933.528211433848,2.5547516882235346,0.790731695462346
Z751961804,Z751961804,c1cnn(CCNCc2ccsc2)c1,-2.2786472,0.8181684,2.937543,0.78840953,-2.6877313,0.0863388554759246,1268481.45,107848.2280881216,2.3505827834943354,0.7567529598333798
Z1248868388,Z1248868388,COC(=O)CCc1cc(Br)ccc1OC,-2.8503547,0.45155418,2.9367537,0.53326637,-3.0761318,0.0347604350487988,1340090.35,26419.43953848189,1.7620111675844043,0.7907838030720603
Z85956705,Z85956705,CCNCc1ccc(OC)c(F)c1,-3.5824287,1.3149208,2.936627,1.1213666,-4.239889,0.036008031116073,1338358.25,67082.76660206777,1.6626474423165174,0.7698706586111868
Z785669782,Z785669782,CS(=O)(=O)CCSCc1cc2c(cc1Br)OCCO2,-2.9778683,0.57736737,2.9362888,0.30893645,-3.266552,0.0353822162999243,1339227.1,50389.34167549721,2.545531091565156,0.7488943678539569
Z19631305,Z19631305,O=C(CSC1=NCCS1)N1CCCCCC1,-2.667897,0.5160326,2.935974,0.6790869,-2.9259133,0.04386012172723,1327456.8,30694.68143278245,2.4657235980979237,0.7611810601496661
Z445129470,Z445129470,Cl.NCCOc1cccc(C(F)(F)F)c1,-4.4655123,1.4986776,2.9358933,0.8331152,-5.214851,0.0112835380127489,1372684.5,14768.452818423466,1.9916680300465206,0.8824051951284965
Z1013767708,Z1013767708,Cl.NCc1cc(F)cc2c1OCOC2,-4.6671333,1.7372472,2.9356954,0.9314917,-5.535757,0.0111645478445637,1372849.7,18173.17458536069,2.7421870634249306,0.780022871216235
Z994989572,Z994989572,CC(CNC(=O)OC(C)(C)C)C(=O)O,-4.0281897,0.7753683,2.9355059,0.62480533,-4.415874,0.0122332264918788,1371366.0,16210.847824836306,2.4915260741939136,0.7229774367438341
Z138659032,Z138659032,C=C(Cl)CN1CCN(CCO)CC1,-4.00789,0.7361588,2.9354699,0.4428285,-4.3759694,0.0102455432707889,1374125.6,8692.000658076367,2.283647442316518,0.7162028755562336
Z1963273238,Z1963273238,CCC(C)(OC)C(=O)Nc1ccc(C#N)cc1OC,-2.9663694,0.41523263,2.9351077,0.52653337,-3.1739857,0.0307829437821874,1345612.5,23067.34777233829,2.896179163765142,0.883545162263723
Z445339156,Z445339156,COc1ccc(CNC2CCCCNC2=O)c(OC)c1,-3.3054695,0.8635692,2.9350991,0.7641047,-3.7372541,0.0277515395973638,1349821.15,41789.51058731724,2.5570893116549254,0.8559050066020741
Z838130740,Z838130740,O=C(NCCCn1cccn1)OCC(F)(F)F,-2.79235,1.2582362,2.9350584,0.92147464,-3.4214683,0.0762076925847228,1282547.05,123279.83157373106,2.3720237013168255,0.8078486501996625
Z364087644,Z364087644,COC(=O)C(C)(C)NC(=O)c1ccsc1,-3.0131338,1.024155,2.9350033,1.0612223,-3.5252113,0.0467025966074837,1323510.45,73704.37340516165,2.353333118803917,0.7946515653532317
Z1416159100,Z1416159100,O=S(=O)(F)c1ccc(Br)cc1,-2.6484666,2.0874555,2.9349856,2.0433626,-3.6921945,0.1692936579392805,1153311.15,278914.48118810094,1.9664332275439165,0.7030393293223923
Z337709508,Z337709508,CN1CCCN(c2ccc(CN)cn2)CC1,-3.507171,1.7217506,2.9349053,1.1949086,-4.3680463,0.0667715993805597,1295647.65,136606.6298150551,2.0495866024386338,0.7959714581944274
Z1262246221,Z1262246221,Cl.Cl.NCC1(N2CCCCC2)CCOCC1,-5.0366583,1.8557944,2.9348655,0.97458106,-5.9645557,0.0088733748694493,1376030.65,15023.950370242175,2.830109834918993,0.8323199016867223
Z405051014,Z405051014,COc1cc(Br)ccc1C=O,-3.4737563,0.38499525,2.9347463,0.6306488,-3.666254,0.0156625490690388,1366604.9,10833.55701004984,1.925749567066461,0.7069899080208195
Z1129937309,Z1129937309,Fc1ccc(Br)c(Cn2ccnc2)c1,-1.9735916,0.99534255,2.9345767,1.1888821,-2.471263,0.131230849569633,1206155.65,144080.49689020196,2.18019481646137,0.806310187275951
Z4657441325,Z4657441325,CC(C)(N)c1ccc(C#N)cc1.Cl,-4.332512,2.0945544,2.9343874,0.8518351,-5.3797894,0.0156903158425468,1366566.35,16652.399797851962,2.253739050708127,0.7486933756964654
Z228587028,Z228587028,CCC(CC)C(=O)N1CCNCC1,-2.9877357,0.57551545,2.9342337,0.4386884,-3.2754934,0.0297203154824071,1347087.8,18624.055287718624,2.256278211547288,0.7051245949846119
Z16862676,Z16862676,COCCNC(=O)COc1ccc(C#N)cc1OC,-3.5200088,1.202417,2.934178,0.65524024,-4.1212173,0.0311709943458061,1345073.75,38864.42043035635,1.8926170131906996,0.7334366424195463
Z2072045686,Z2072045686,O=C(NCC(F)F)c1sccc1Cl,-2.6448386,0.6303177,2.9341712,0.7680411,-2.9599974,0.0461181618467965,1324321.85,29054.89800235926,2.557423925833003,0.8410630046288491
Z68559696,Z68559696,COC(=O)CCN(C)Cc1sccc1C,-2.2731538,0.814154,2.9339213,0.82537353,-2.6802309,0.0865919256671587,1268130.1,107284.3174270592,2.2500745822185504,0.7210321966515283
Z1255381074,Z1255381074,OCc1cnc(Br)cn1,-3.1862798,1.6550907,2.9335132,1.0612208,-4.013825,0.090260993265387,1263036.15,184877.6367942524,2.7261756995332487,0.7077221789349806
Z359297704,Z359297704,CN(C)CCNc1ccc(Br)cn1,-2.75243,0.48166835,2.9334524,0.36315176,-2.9932642,0.0405147837360895,1332101.3,35556.68831049933,2.1020012884703654,0.8751079604279708
Z910842988,Z910842988,C#CCOc1ccc(CCN)cc1.Cl,-4.027826,1.1886222,2.9332507,0.87441325,-4.622137,0.0138131234919148,1369172.55,15635.11675835841,2.1504643913601544,0.7687413584978021
Z1269156806,Z1269156806,CS(=O)(=O)c1cc(Br)cnc1Cl,-1.3821034,1.1513203,2.933237,1.4293185,-1.9577637,0.2363705117585622,1060185.0,330832.7326642574,2.3938899485046132,0.7323821769490614
Z409927172,Z409927172,COc1ccc(NC(=O)N2CCCC2)cc1OC,-3.1978302,1.0371796,2.9330978,1.0470562,-3.71642,0.0394990816436777,1333511.45,62585.07546330435,1.6117765119647665,0.8953584842079502
Z4090165551,Z4090165551,COC(=O)c1cc(N)cnc1OC.Cl,-4.9446692,1.4849013,2.9329937,0.8762529,-5.68712,0.0080084272697806,1377231.5,14140.120404367142,2.317361354922907,0.7463154670155837
Z56797343,Z56797343,NC(=O)c1ncc(Cl)c(Cl)c1Cl,-1.651921,0.6845277,2.9329479,1.4981306,-1.9941849,0.1482944142327223,1182465.45,149107.15952209503,2.4168879633929485,0.7959473408997585
Z89264995,Z89264995,COc1cc(C)c(CN2CCNCC2)cc1OC.Cl.Cl,-4.594063,1.6978506,2.932713,0.8163022,-5.442988,0.0099621493139337,1374519.05,14478.27956103556,2.21271318290958,0.9215686636226074
Z5098611656,Z5098611656,Cc1cc(Br)c2c(c1)CNCCO2.Cl,-4.6809425,2.1027205,2.9323997,0.8216316,-5.7323027,0.0089231821946915,1375961.5,10188.37426923452,2.841671678809547,0.7876802458086563
Z1449926839,Z1449926839,CN(Cc1nccs1)CC1CCCOC1,-2.5716786,0.65885293,2.9323754,0.71781,-2.9011052,0.0519918248280333,1316167.15,41330.28827539799,2.9846743016113866,0.7849542196524504
Z1499998342,Z1499998342,CN(C)c1ncc(NC(=O)N2CCCSCC2)cn1,-2.9528205,0.5148734,2.9323738,0.5185344,-3.2102573,0.0312753268268088,1344928.9,21547.10601890658,2.5734668922424664,0.8901773089432449
Z54226198,Z54226198,COc1cc(C(=O)NC(C)(C)C)cc(OC)c1C,-3.0626423,0.684936,2.9320126,0.8325773,-3.4051104,0.0308519465552634,1345516.7,28854.9740254605,1.9459925127349607,0.8976789751546059
Z1135205345,Z1135205345,C=C(Br)CNCc1cc(OC)c(OC)c(OC)c1,-3.1621423,0.39300957,2.9318156,0.55777144,-3.358647,0.0240950048618864,1354897.7,20495.418310198016,2.221495802758005,0.8395155954737011
Z169217850,Z169217850,CN(CC(=O)NCCC#N)Cc1ccco1,-2.665598,0.3275951,2.9317815,0.81393576,-2.8293955,0.0405061043684948,1332113.35,21663.09744998392,2.2626500138098713,0.7192613605888563
Z2044804716,Z2044804716,c1cc2c(c(N3CCNCC3)c1)OCCO2,-3.8968117,0.7201565,2.931703,0.8369179,-4.25689,0.0118471206828248,1371902.05,13311.034792513316,2.2577542445791003,0.7610780386256704
Z410122310,Z410122310,COc1ccc(NC(=O)N2CCCCCC2)cc1Cl,-3.3575566,0.58781105,2.9315562,1.0371232,-3.651462,0.0207043973061548,1359605.05,19941.724417599897,1.6935771486527234,0.8973013349214441
Z4499509346,Z4499509346,CN(C)CCN(C)Cc1ccc(N)nc1.Cl.Cl.Cl,-4.958503,2.4035544,2.9312615,1.0677854,-6.16028,0.0228548636871106,1356619.45,89717.47873155765,2.568978712705201,0.9010787153137143
Z2939815605,Z2939815605,N#Cc1csc(CNC(=O)CCl)n1,-2.9295356,1.113564,2.931039,0.91652626,-3.4863176,0.0511517988979725,1317333.4,66986.05778324323,2.8071089807780574,0.7613367470285166
Z1269150265,Z1269150265,CC(C)(C)OC(=O)Nc1ccsc1Br,-2.2714467,1.1480869,2.930962,0.3644546,-2.8454902,0.1173391075737386,1225442.25,177063.9796516714,2.496599920411473,0.846713339932144
Z1567524336,Z1567524336,CCNC(=O)NCc1ncoc1C,-3.1771798,0.8751355,2.930948,0.73626864,-3.6147475,0.0318756437497749,1344095.45,40160.99363869748,2.7452589807780576,0.7279969456043976
Z5101986085,Z5101986085,C=CC(=O)NCc1cnc(N(C)C)cn1,-2.7963343,0.53660506,2.9309127,0.5653445,-3.0646367,0.0370005402096013,1336980.3,21463.282545081496,2.657698597227931,0.7218695003658249
Z1269131987,Z1269131987,O=Cc1c(Br)cccc1OC(F)(F)F,-2.7280567,0.6132478,2.9307666,0.6394899,-3.0346806,0.0478375409658947,1321934.75,73644.87647071926,2.4921504401619927,0.7706418584032506
Z351854640,Z351854640,CC(=O)NCC(c1ccsc1)N(C)C,-2.1514053,0.6686143,2.9307492,0.72361153,-2.4857125,0.0863460942845825,1268471.4,73281.02590466375,2.7465609845467185,0.8197704226476717
Z1270528173,Z1270528173,Clc1cnc(CN2CCNCC2)s1,-2.6634233,0.7013878,2.9307048,0.7560706,-3.0141172,0.048322144992257,1321261.95,41811.807951193645,2.6717433937335215,0.8072946660742902
Z184516404,Z184516404,Cc1nc(CSCC(=O)NC(C)C)cs1,-2.1760688,0.88743865,2.9303012,0.85958576,-2.6197882,0.1019010696150106,1246875.65,130316.94235450546,2.2649068523874067,0.8632116316615946
Z56905061,Z56905061,O=C(NC1CCS(=O)(=O)C1)N1CCCCCC1,-3.6405473,1.2691702,2.9302764,0.7563734,-4.275132,0.0319911045485649,1343935.15,59447.48974117832,2.6078263835291438,0.7566287475250756
Z163668448,Z163668448,CNCc1ccc(CN(C)C)cc1,-3.4357674,1.4401662,2.930241,1.3153496,-4.1558504,0.0537549249108653,1313719.35,107981.1324576081,1.676497442316517,0.7507698506192301
Z3337548706,Z3337548706,COc1ccc2c(c1)OCCN2C(=O)CCl,-3.2078807,0.71997744,2.929868,0.9004419,-3.5678694,0.0259401087621996,1352336.05,23233.527443061677,2.2037484753483323,0.7395623377678446
Z433013068,Z433013068,CN(CC(=O)N(C)C)Cc1cc(Br)cs1,-2.4176636,0.3287973,2.9298298,0.2628856,-2.5820622,0.0561805740627363,1310351.7,42378.08533322382,2.4117604264962242,0.8472156339488685
Z1993522692,Z1993522692,CCN1CCN(c2cncc(Br)c2)CC1.Cl.Cl,-4.760808,2.164097,2.9298031,0.7849561,-5.8428564,0.0118673245219145,1371874.0,15722.973646864642,2.323761966455942,0.8234019589766248
Z163051626,Z163051626,CCN(CC(=O)OC)c1ccc(F)cc1,-3.0547776,1.2692071,2.9297748,1.2230765,-3.6893811,0.0624940396873987,1301586.4,113828.20428540547,1.8683800231191139,0.7114066846291125
Z1692741592,Z1692741592,CCCC(NCC(C)C)C(=O)OC(C)(C)C,-2.5242703,0.94157934,2.9296117,0.5008296,-2.99506,0.0725462599488602,1287630.4,80433.58040047702,2.618657925254558,0.7117121606587007
Z2082999179,Z2082999179,Cl.Cl.Clc1ccccc1N1CCCNCC1,-5.047179,1.5893397,2.9294412,0.9519461,-5.8418493,0.0078765440991104,1377414.6,15075.34983806346,2.0936844324145216,0.8522906949269368
Z431545372,Z431545372,CNC1CCSc2ccc(Br)cc21,-2.617633,0.6938959,2.9293485,0.4724534,-2.964581,0.0486761263370187,1320770.5,30140.503430599827,2.9138962512816136,0.8297106161236761
Z1160867659,Z1160867659,CN(C)C1CCCN(CCC(=O)O)C1.Cl,-5.2575207,2.0085964,2.9292912,0.747711,-6.261819,0.0081417870133611,1377046.35,15233.96964115066,2.642382935285406,0.7882654089012594
Z1393763053,Z1393763053,COc1cc(OC)c(NC(=O)N2CCCC2)cc1F,-2.8105857,0.72452635,2.9292798,0.87693477,-3.172849,0.0427792703568985,1328957.4,43310.92058869218,1.8904695531036175,0.9158191602644595
Z279972226,Z279972226,COCC(=O)Nc1cc(OC)c(OC)cc1C(=O)OC,-3.4195008,0.5672526,2.9292054,0.40083387,-3.7031271,0.0205061043684948,1359880.35,24704.78427000527,1.8443824620581033,0.7864050660244336
Z951284304,Z951284304,CCSc1nnc(NCC(F)(F)F)s1,-2.4871519,1.1843239,2.929172,1.1885307,-3.0793138,0.0952170202038391,1256155.45,158972.84702567133,2.6039696545180497,0.8248620270405731
Z1785664091,Z1785664091,COC(CNC(=O)OC(C)(C)C)CC(=O)O,-3.9035888,0.90289354,2.9291291,0.6911229,-4.355036,0.0164740159181762,1365478.3,25151.07933687936,2.7701213398887035,0.739593887489084
Z821173888,Z821173888,CCOC(=O)CNc1cc(Br)ccc1OC,-3.244878,0.8646088,2.9291122,0.576979,-3.6771824,0.0323245939424496,1343472.15,55744.70576321575,1.8551180557679103,0.8453402156248092
Z1889710317,Z1889710317,CNCc1ccc2c(c1)CCO2.Cl,-4.913211,2.2822647,2.929112,0.956555,-6.054343,0.0121942953866099,1371420.05,17048.758275824668,2.1498743653934422,0.784098266555199
Z2573150778,Z2573150778,CC(=O)Nc1ccc(F)c(Br)c1F,-2.9978735,1.0249999,2.9290292,0.80355436,-3.5103736,0.0420223646774948,1330008.25,46720.42340548189,2.241946989827831,0.7625095020044077
Z1497330165,Z1497330165,CNC(=O)c1ccc(N(C)C)cc1F,-3.2998118,1.2419063,2.9289165,1.4019572,-3.920765,0.0413309324017718,1330968.2,76311.36366269444,1.9144290264405797,0.7717115864428358
Z33408206,Z33408206,CC(C)OCCCNC(=O)c1cccs1,-2.8585916,0.74577594,2.9286535,1.0135826,-3.2314796,0.0404148089458709,1332240.1,42278.02241578951,1.979941910012709,0.7572137700592605
Z2738283705,Z2738283705,C=CC(=O)NCc1cc(COC)cs1,-2.8480146,0.8772059,2.928593,0.9152302,-3.2866175,0.0461665286131018,1324254.7,55178.85815156019,2.5344888697158066,0.7527056555302479
Z100840894,Z100840894,COCC(C)NC(=O)c1cnn(C)c1,-3.3276882,0.8581142,2.928537,0.8133604,-3.7567453,0.0270547772535744,1350788.5,39767.8221046866,2.6076002558017812,0.7490103015484145
Z52401793,Z52401793,C#CCNC(=O)COc1ccc(Br)cc1,-3.050591,0.6827739,2.928319,0.4496906,-3.391978,0.0336516728490654,1341629.7,46119.26959319717,1.9678561957269949,0.8417856750075277
Z30013347,Z30013347,CCCCNC(=O)c1cc(OC)c(OC)c(OC)c1,-3.2009213,0.51902956,2.9281936,0.7923527,-3.460436,0.0230771059170958,1356310.9,18358.183131508413,1.6900838547671206,0.7697373302836923
Z57008877,Z57008877,COc1cc2ccncc2cc1OC,-2.0537436,0.974389,2.9281917,1.2481687,-2.5409381,0.114617135448554,1229221.3,121202.5444452797,1.7971202010767549,0.7256534593354161
Z104617856,Z104617856,COc1ccc(NC(=O)N2CCCC2)cc1,-3.3441863,1.1966041,2.9278884,1.0666199,-3.9424884,0.0433554939316455,1328157.4,81847.00662663236,1.477096301435287,0.8306382994157722
Z3582144769,Z3582144769,COC(=O)Cc1cc(N)cnc1OC,-3.469209,0.87446475,2.9276004,0.9255851,-3.9064412,0.0233267187668815,1355964.35,30533.04459642864,2.341898399457321,0.707549771431708
Z836909364,Z836909364,CN(CCCC(=O)O)CCC1CCCCN1C,-3.4018738,0.5269841,2.9273744,0.34151092,-3.665366,0.0180925198977203,1363231.25,13930.583131638818,2.734987656033237,0.7371315073417792
Z364247240,Z364247240,CNCCCOc1ccccc1OC,-3.833242,0.44501433,2.9273448,0.50208545,-4.055749,0.0121040443692151,1371545.35,15247.287143210102,1.5793375087690613,0.7005162064327057
Z26714521,Z26714521,CCCC(=O)Nc1ccc(OC)cc1OC,-3.2586598,0.57470363,2.9272933,0.3156518,-3.5460117,0.0229254150610437,1356521.5,24352.44060356169,1.5375376361874942,0.8335979393490036
Z1269123778,Z1269123778,N#Cc1c(Br)cccc1OC(F)F,-2.8206515,0.48614094,2.9269862,1.111384,-3.063722,0.0371440198797132,1336781.1,33835.666587049825,2.445610299459375,0.8055098912753111
Z641507208,Z641507208,CC(=O)N1CCCN(CCCOc2ccc(C#N)cc2)CC1,-3.2734802,0.32917684,2.9269812,0.42296267,-3.4380686,0.020203442935859,1360300.55,19124.7333588602,1.9495497308131302,0.779285054951731
Z398429196,Z398429196,Nc1cc(Cl)c(OCC(F)(F)F)c(Cl)c1,-2.7235951,0.70600283,2.926833,0.6903172,-3.0765965,0.0513729967227284,1317026.3,67357.18507338323,2.30218400637788,0.8254417176343359
Z90184342,Z90184342,COCCN(CCOC)Cc1ccc(C#N)cc1,-2.8259428,0.6745567,2.9268026,0.60547185,-3.1632211,0.0395531386177837,1333436.4,31931.926599251725,2.028390991602773,0.701533314873627
Z2738282808,Z2738282808,C=CC(=O)NCc1ncccc1OC,-2.903877,0.6053496,2.926629,0.66673326,-3.2065518,0.0344560089314653,1340513.0,26931.431833454382,2.2876048460471665,0.7207075709197458
Z915923382,Z915923382,CC(Nc1ccc(C#N)cn1)C(=O)NC(C)(C)C,-2.678869,0.84197456,2.9262984,0.4059931,-3.0998564,0.0598769402528179,1305219.85,74807.92800250184,2.780161766142042,0.8500127859883478
Z728838444,Z728838444,CCN(CC(=O)O)C(=O)CC(C)(C)C,-3.4076352,0.49742094,2.9262803,0.2821003,-3.6563456,0.0178964958403861,1363503.4,16452.963776778943,2.1793210252525768,0.7466740097351902
Z1255404809,Z1255404809,COc1cc(OC)c2ncccc2c1,-2.617707,1.346709,2.9261274,1.7161714,-3.2910614,0.0998927143731768,1249663.95,194937.83269172636,1.760116354922907,0.7256534593354163
Z1457933163,Z1457933163,COCCCNC(=O)[C@@H](N)C(C)(C)C.Cl,-4.2286367,1.4966047,2.9259553,0.7137168,-4.976939,0.0129543342817012,1370364.85,18050.346692723106,2.74973764502473,0.7009401859280942
Z1486013433,Z1486013433,CNC(=O)c1cc(F)cc(OC)c1,-3.423923,1.333445,2.9258335,0.97690725,-4.0906453,0.0454603666222493,1325235.1,88989.36980499413,1.7298076620967393,0.747561299626318
Z1508955067,Z1508955067,N#Cc1cc2c(c(C(=O)O)c1)OCCO2,-4.992034,1.1097853,2.9253044,0.91750574,-5.5469265,0.0042965030431807,1382384.95,5505.88097832672,2.372958393529192,0.7400652015800309
Z1329739167,Z1329739167,COCC(C)Oc1ccc(Br)cc1F,-3.1961818,0.35994315,2.925158,0.42227834,-3.3761535,0.0214386862102494,1358585.6,12563.517880752986,2.474793778068987,0.8308900019498028
Z1172220471,Z1172220471,Brc1cncc(N2CCSCC2)c1,-2.7522683,0.6187287,2.9248781,0.51663244,-3.0616326,0.0436239060755573,1327784.75,43989.66733549482,2.495591167012874,0.7700324958015851
Z382843532,Z382843532,CC(SC(F)(F)F)C(=O)N1CCCCC1,-2.160483,0.4724411,2.9248252,0.5594093,-2.3967035,0.0798493895631504,1277491.1,64242.12020855164,2.8800096512617372,0.7404075701887026
Z1230587840,Z1230587840,CCCN1CCN(C(=O)NC(C)COC)CC1,-3.4312472,0.3744712,2.9247959,0.36360097,-3.6184828,0.0169043108726186,1364880.9,13245.73923531639,2.4569009129890453,0.7750974651224466
Z1459916815,Z1459916815,CN(CCCC(=O)O)CCc1cccs1.Cl,-4.25963,1.3888239,2.924792,0.8377646,-4.954042,0.0108363525047717,1373305.35,11938.458193062452,2.2582057204288333,0.8218358911342915
Z1696871310,Z1696871310,COC(=O)COc1ccc(C(C)N)cc1.Cl,-4.6597714,1.4528649,2.9247239,0.8070811,-5.386204,0.0096760903230453,1374916.2,16247.440043280663,2.3222603374764823,0.8202641221547353
Z360055716,Z360055716,COc1cc(OC)c([C@H](C)O)cc1Cl,-3.0899787,0.5974888,2.924718,0.9337783,-3.3887231,0.0280495552274283,1349407.4,26752.76922189552,2.3839038229316625,0.8435358405626475
Z407334882,Z407334882,O=C(NCc1ccsc1)c1cccs1,-2.5442488,0.9871824,2.9247055,1.0092448,-3.03784,0.0788693413044261,1278851.75,124702.39898729896,2.013724112896641,0.8513720522820636
Z412572654,Z412572654,CN(C)C(=O)Nc1cc2c(cc1Cl)OCCO2,-3.2053325,0.39308944,2.9246535,0.63196117,-3.4018772,0.0212768754276659,1358810.25,11690.38016437019,2.1664760744755807,0.8381343116683586
Z382704896,Z382704896,CN(CCCC(=O)O)C(=O)OC(C)(C)C,-3.3940558,0.68187857,2.924596,0.6522362,-3.7349951,0.0227783700075629,1356725.65,28525.529180499,2.0590185439051307,0.7781413339354117
Z425414442,Z425414442,CC(NCc1cccs1)C(=O)O,-3.6577573,1.5605897,2.924446,0.96846783,-4.438052,0.0502352432743905,1318605.9,103515.08305068396,2.5057285484111134,0.7432267155123434
Z1723520729,Z1723520729,COC(=O)c1sc(N2CCN(C)CC2)nc1N,-3.3346877,0.7071159,2.9243097,0.39450255,-3.6882458,0.0212268160046097,1358879.75,16749.10203525849,2.3830417045901466,0.7655181988848057
Z5212931139,Z5212931139,CC1(C)CN(CC(=O)O)CCN1.Cl.Cl,-6.2886724,2.738854,2.9242697,0.75269634,-7.658099,0.0082647027046494,1376875.7,18285.35580758548,2.9037131648776597,0.7475790685883387
Z54752205,Z54752205,N#Cc1ccc(OCCN2CCCC2)cc1,-2.7978559,0.45385095,2.9242465,0.3320439,-3.0247812,0.0361642957467497,1338141.3,19398.76783741689,1.738679735577465,0.772321750467237
Z1449957372,Z1449957372,Cl.Cn1nccc1NC(=O)CCN,-3.4485097,1.274973,2.9239612,1.0410384,-4.085996,0.0474945798970001,1322410.9,167084.522722154,2.493694501140048,0.7352998640386866
Z1833147080,Z1833147080,CNC(=O)c1ccc(OC)cc1OC(F)F,-3.3375633,0.9889335,2.9235497,1.3215567,-3.83203,0.0282219541181978,1349168.05,36718.04838560323,1.9230032159565607,0.8567134928235667
Z241971864,Z241971864,Cn1cc(C(=O)NC(C)(C)C)cn1,-3.160423,0.9457771,2.923532,1.0644305,-3.6333115,0.0357193791190981,1338759.0,48101.18051877729,2.195053324669461,0.7007602222590638
Z364368884,Z364368884,COCC(=O)Nc1cc(Br)ccc1Br,-3.198423,0.81260294,2.9230561,0.5498037,-3.6047244,0.0288510822199012,1348294.6,33704.85361546612,1.906254674760964,0.9289550723873303
Z433861582,Z433861582,CCCN(CCC)C(=O)CN1CCSCC1,-2.6340117,0.76570517,2.9230325,0.35496137,-3.0168643,0.0599213814960205,1305158.15,79472.52934144919,2.328225398425255,0.7101376153326909
Z1510067944,Z1510067944,CN(C1CCCN(S(C)(=O)=O)CC1)S(C)(=O)=O,-3.0736232,0.5795866,2.922748,0.5340518,-3.3634164,0.0289565671480535,1348148.15,27190.420219766744,2.718459512899777,0.7124243080620121
Z648954142,Z648954142,CCCC(=O)NC1(C#N)CCN(C)CC1,-2.9302542,0.4024539,2.9226916,0.41139624,-3.1314812,0.0306042424460689,1345860.6,24802.68395637859,2.5455312426313093,0.7507217539704959
Z168552936,Z168552936,CCC(=O)N(C)C(C)c1cccs1,-1.9972742,0.4924697,2.922674,0.7782065,-2.243509,0.0923462743544495,1260141.05,51905.29197343466,2.660480842906205,0.729215895729176
Z391851896,Z391851896,C1CCN(CCOC2CCNCC2)CC1,-3.799495,0.7064852,2.921842,0.6295293,-4.1527376,0.0132278243958656,1369985.15,13124.36731151258,2.1900838880346853,0.7586272855032191
Z2034742884,Z2034742884,CCNC(=O)CN(CC)S(=O)(=O)CCC(C)(C)C#N,-2.082488,0.9247402,2.9217706,0.50382054,-2.5448582,0.1160001080419202,1227301.25,130119.32191526168,2.720012836774126,0.7123828305624316
Z744049318,Z744049318,COc1ccc(CNC(=O)N2CCCCC2)c(OC)c1,-2.9676895,0.8218408,2.9217494,1.0383915,-3.37861,0.039907768214067,1332944.05,45341.77378475064,1.8005449451890083,0.9197847533784319
Z32016748,Z32016748,CNC(=O)c1ccc(OC(F)F)cc1,-4.066323,1.3405261,2.921682,1.2930714,-4.7365856,0.0215950948968199,1358368.45,45239.93405441148,1.6906445533034749,0.8069397331723209
Z1815961336,Z1815961336,COCCN1CCCN(c2ccc(C#N)cn2)CC1=O,-2.8207483,0.4765925,2.9216156,0.48038533,-3.0590446,0.035560341412468,1338979.8,21083.877763827037,2.400710127375243,0.8055224185915689
Z4357741788,Z4357741788,Cl.NCc1cc(OC(F)(F)F)ccc1F,-3.9451401,1.5910324,2.9209962,1.0580509,-4.7406564,0.0191099146468829,1361818.75,23158.53384580941,2.2310861552411634,0.8131787715492063
Z1222424059,Z1222424059,CNC(=O)c1cccc(Cl)c1OC,-3.2438703,0.9490802,2.9208736,1.2117052,-3.7184105,0.0318039039147188,1344195.05,42378.3812048962,1.7720740357231115,0.7877197275814647
Z28172200,Z28172200,Cn1cccc1C(=O)Nc1nccs1,-3.026116,0.9150037,2.9207604,1.0148687,-3.4836178,0.0403984586019374,1332262.8,55343.28720414067,2.232955585692139,0.8148446579846705
Z2065578124,Z2065578124,N#Cc1cncnc1NCC1CCSCC1,-2.2206855,0.8600092,2.9207454,0.6703929,-2.65069,0.0979651744877011,1252340.05,143252.71262404596,2.8793199974432575,0.8651704669237199
Z1341383906,Z1341383906,N#Cc1ccc(N2CCCNC2=O)cc1,-3.008574,0.65256816,2.9206176,0.6024974,-3.3348582,0.0313323369467353,1344849.75,25501.305113415277,2.133337054403201,0.7477241034959067
Z5042396031,Z5042396031,C[C@@H](NC(=O)CCl)c1ccsc1,-2.4282587,1.1979989,2.920506,0.93179613,-3.0272582,0.1003580509237584,1249017.9,137834.00135993297,2.7304558211383867,0.7500452921168416
Z1617965385,Z1617965385,Cc1cc(Br)ccc1CC(N)=O,-2.9162545,1.357549,2.9203231,1.4384968,-3.5950289,0.0567092952065402,1309617.65,72493.01764740863,1.8979660806386072,0.82320951891793
Z434470180,Z434470180,CCNC(=O)NC(C)c1cc(OC)ccc1OC,-3.2438133,0.845575,2.9202228,0.39445,-3.6666007,0.0308711780170706,1345490.0,34325.55222279752,2.2690918093131565,0.8431719066494927
Z1276458451,Z1276458451,COCc1nc(CSCC2CCOCC2)cs1,-2.7157307,0.6586557,2.920201,0.5672461,-3.0450585,0.0466419130622681,1323594.7,50816.26135608561,2.6652481203020937,0.7972472770320048
Z2014193553,Z2014193553,CC#CC(=O)NCc1cc(Br)ccc1Br,-2.7830763,0.6194782,2.920093,0.46603912,-3.0928154,0.0422225663557459,1329730.3,43111.48075292706,2.651045689160389,0.8299938249381155
Z1126745516,Z1126745516,COc1cc(Br)c(CNC2CCCOC2)cc1OC,-3.3550854,0.29354742,2.9199796,0.32902533,-3.5018592,0.0175372924694781,1364002.1,11170.864558752828,2.630705860597722,0.9011769883718183
Z410010030,Z410010030,CSc1ccccc1NC(=O)N1CCCCCC1,-2.8297145,0.97304404,2.9199057,1.214447,-3.3162365,0.0541287859689558,1313200.3,71860.11542719646,1.8461361360510864,0.823636160030751
Z552028212,Z552028212,CC(Cn1ccnc1)NC(=O)N(C)Cc1ccsc1,-1.7837353,0.5585332,2.9198184,0.7392157,-2.0630019,0.1213693593114128,1219846.85,80488.26525853008,2.9700776554695167,0.9110231182351106
Z1459469943,Z1459469943,CC(NC(=O)CN)c1ccccn1.Cl.Cl,-4.91737,2.1213875,2.9197793,0.8553229,-5.9780636,0.0091902978355602,1375590.65,13100.361022792462,2.722844691747568,0.8447393811181522
Z1269128589,Z1269128589,CCOC(=O)Cc1csc(Br)n1,-2.1787186,1.0775248,2.919565,1.0743624,-2.717481,0.1199333741491698,1221840.5,189455.70463132008,2.481187715253993,0.7701011569290416
Z1269160424,Z1269160424,COc1nccc(Br)c1C=O,-2.6728756,0.50726354,2.919563,0.49208364,-2.9265075,0.043212230345374,1328356.3,29578.1233398943,2.7128757209126135,0.7054171257972797
Z1190154657,Z1190154657,CC(=O)NS(=O)(=O)CCC(C)(C)C,-2.6812103,0.8088377,2.9192731,0.36845535,-3.0856292,0.0598440955090575,1305265.45,92982.97614051455,2.5566133077011326,0.7471515353871964
Z317415594,Z317415594,CC(C(=O)Nc1nccs1)n1cccn1,-2.3195822,0.7605928,2.9191678,0.97374433,-2.6998787,0.0802961068894732,1276870.9,106823.86478025404,2.7998970126213063,0.8564950124308005
Z391851856,Z391851856,C1CC(OCCN2CCOCC2)CCN1,-4.174952,0.60606444,2.9191175,0.5012943,-4.4779844,0.0074754924910865,1377971.4,5925.208666367793,2.2908438880346864,0.7188140731073657
Z89158982,Z89158982,CC(C(=O)N1CCCCC1)N(C)CC(=O)N(C)C,-2.768498,0.70962113,2.919023,0.90581554,-3.1233084,0.0474309071919905,1322499.3,63392.57245774145,2.6180781122958887,0.7305295876509816
Z26968841,Z26968841,CCC(=O)Nc1cc(OC)c(Cl)cc1OC,-2.9099972,0.47080564,2.91878,0.3214218,-3.1454,0.0343071991932869,1340719.6,34960.34832263546,1.7409713733805336,0.8846022079960606
Z448490414,Z448490414,C#CCNC(=O)NCc1cc(Br)cs1,-2.6810043,0.7012962,2.918549,0.59437996,-3.0316525,0.0495558756797637,1319549.1,50170.58253787772,2.643113721786813,0.8118543293176019
Z513563578,Z513563578,CNC(=O)N(C)Cc1cc(Br)cs1,-2.285543,0.5413554,2.9183853,0.51264846,-2.5562205,0.0690273706198004,1292515.85,48973.32929082421,2.535400629129704,0.8718506566539223
Z734016432,Z734016432,CN1CCC(NCCC2CCCO2)CC1,-3.9222195,0.5683668,2.9181335,0.5058691,-4.206403,0.0096351424352648,1374973.05,6682.06960061776,2.6802005253876118,0.7585891652617232
Z1048662712,Z1048662712,COCC(=O)Nc1ccc(OC)cc1Br,-3.5096154,0.84119946,2.9181304,0.40804818,-3.9302151,0.0221148485612416,1357646.85,31068.57480360984,1.751808916177275,0.9135605343985083
Z177089804,Z177089804,CNC(=O)Nc1cccc(OC)c1,-4.3002825,1.238575,2.9179351,1.5045491,-4.91957,0.0138295458637951,1369149.75,21506.65360504744,1.5355128269319032,0.7232240148053796
Z1646212708,Z1646212708,CC(C)OCCCCNC(=O)N1CCCC1,-2.8684478,0.98986757,2.9178302,0.7962919,-3.3633816,0.0567517196672309,1309558.75,96280.9326532907,1.9780007830406383,0.7064228519019324
Z334874816,Z334874816,C#Cc1cccc(NCc2ccco2)c1,-3.2805142,0.61156434,2.9176197,0.7965057,-3.5862963,0.0216174235603414,1358337.45,18440.97298809095,2.1417198320906294,0.7652179611476501
Z28880916,Z28880916,CC(NC(=O)c1cnccn1)c1cccs1,-2.3997188,0.4583269,2.917363,0.65391284,-2.6288822,0.0570911513667302,1309087.5,33695.237104819425,2.578081646602138,0.88210311889943
Z110120998,Z110120998,CCC(=O)Nc1ccc(SC)cc1,-3.757564,0.8615863,2.9172993,0.91270655,-4.1883574,0.0162257715993805,1365822.95,16962.08758518538,1.6466166730857488,0.7513032186783875
Z1333237578,Z1333237578,CC(C)NC(=O)c1cc(C#N)c[nH]1,-3.204816,1.0894979,2.9171224,1.1280391,-3.7495651,0.0422125904851082,1329744.15,84891.6035148795,2.58649689286597,0.7078008453598773
Z406507912,Z406507912,CCOC(C)C(=O)NCc1cccs1,-2.7430367,0.9782033,2.9170783,0.9214538,-3.2321384,0.0612714373176792,1303283.8,91343.38064829876,2.5000854317594268,0.809475255392031
Z13770562,Z13770562,CCOc1ccc(OCC(=O)NC)cc1,-3.883536,0.842168,2.9169874,0.6860528,-4.3046203,0.0156973745813375,1366556.55,22004.622765398635,1.540547404518204,0.7925239169750651
Z31192676,Z31192676,FC(F)(F)c1ccc(N2CCCCC2)nc1,-2.3290098,0.6283888,2.9169397,0.72469616,-2.6432042,0.0682741743796593,1293561.55,53536.12551863928,1.9118684753483315,0.7365799393002123
Z1587334135,Z1587334135,COc1cc(CN[C@H](C)C(=O)O)c(OC)cc1Br,-3.551168,0.8041086,2.9167287,0.53305346,-3.9532223,0.0199197608672165,1360694.4,19837.744194842315,2.5354021507574274,0.8399343037724257
Z54846106,Z54846106,CCN1CCN(CC(=O)NC(C)(C)C)CC1,-3.4481857,0.7174613,2.9166229,0.5391532,-3.8069162,0.0234834155652392,1355746.8,39189.775912347344,1.897577813452088,0.7641511310494883
Z2297442754,Z2297442754,COc1ccc2c(c1)CN(C(=O)CC(F)(F)F)CCO2,-3.1390502,0.4151806,2.9165883,0.44716814,-3.3466406,0.0246738214427196,1354094.1,22290.938275227447,2.242225725461367,0.8387298399729771
Z2112438713,Z2112438713,COc1cc(Br)ccc1OCC(O)C(F)(F)F,-3.6903808,0.39757413,2.9165697,0.4624446,-3.8891678,0.013000864335362,1370300.25,10611.283899109476,2.594178883529146,0.9284625303301892
Z2285293237,Z2285293237,CC(C)N1CCN(CCC(=O)O)CC1.Cl.Cl,-5.7873745,2.5360239,2.9161284,0.7037896,-7.0553865,0.0066403644614109,1379130.85,13539.434088155236,2.165173090732946,0.8389547633420511
Z643319058,Z643319058,CN1CCN(c2ccc(Br)cn2)CC1,-3.2100132,0.7064509,2.9159846,0.48029703,-3.5632386,0.0263255303057586,1351800.95,27392.00386878441,1.919129047230598,0.7603589919701268
Z241634812,Z241634812,CCN(CCOC)Cc1ccc(OC)c(OC)c1,-2.9614491,0.5942758,2.9156735,0.37634996,-3.2585871,0.0339579356790434,1341204.5,29332.0645804212,1.7957308106072976,0.710241662215325
Z644130108,Z644130108,C=CCN(CC=C)Cc1csc(C(C)(C)C)n1,-0.73924375,0.5062601,2.9155755,0.8367781,-0.9923738,0.3188385133431771,945690.55,149497.57002990885,2.8930769497335316,0.7169532698069587
Z2963997125,Z2963997125,COC(=O)c1nc(CCN)sc1C.Cl.Cl,-4.481355,1.6213365,2.9155104,0.7405437,-5.2920237,0.0108954154211833,1373223.35,13016.309470333745,2.782575114645912,0.8491241851546476
Z651577500,Z651577500,CC(C)CCN(C)C(C)C(=O)N1CCCCCC1,-2.577455,0.5915761,2.915401,0.8049306,-2.873243,0.0521279936615406,1315978.1,51471.87821315636,2.5584453414952613,0.7529637364818156
Z149276386,Z149276386,OCCSc1ccc2c(c1)OCCCO2,-3.8835902,0.9933325,2.9152617,0.47679168,-4.3802567,0.0161408146360788,1365940.9,26460.47997845088,2.2483540978248957,0.7992990092766437
Z552070498,Z552070498,CC(Cn1ccnc1)NC(=O)Nc1nccs1,-2.5788226,0.623438,2.9152308,1.0102137,-2.8905416,0.0510338531350164,1317497.15,43896.512992805016,2.895831505193195,0.8656244784420822
Z2857139707,Z2857139707,CSc1ccc(Br)cc1CCN.Cl,-3.772342,1.0331669,2.9152212,0.7772937,-4.288925,0.0158584650844528,1366332.9,14742.656374954957,2.448865541864029,0.8623265603696598
Z331871152,Z331871152,N#Cc1ccc(SCCC(=O)O)cc1,-3.2333298,0.95555097,2.9151602,0.5128602,-3.7111053,0.0292863110887023,1347690.35,32078.657009412043,1.9833160886507173,0.7680893862351819
Z854246118,Z854246118,O=C(NCCCOCc1ccco1)OCC(F)(F)F,-3.4537692,0.9219581,2.9150195,0.9211835,-3.9147482,0.0227652609212373,1356743.85,24548.434728664477,2.348672746136998,0.7798918194004963
Z1289862364,Z1289862364,CCc1nsc(N2CCCN(CC#N)CC2)n1,-2.4117765,1.0285423,2.9149034,0.6786991,-2.9260478,0.0942241509705766,1257533.9,159083.05288524608,2.6529171312911046,0.7539348104830207
Z738521808,Z738521808,CCS(=O)(=O)Nc1cc(Br)ccc1OC,-2.811112,0.29166767,2.9147651,0.5567607,-2.9569457,0.034349047430403,1340661.5,22594.401513428056,1.945162349573149,0.9260571184496181
Z31723211,Z31723211,CCN(CC)C(=O)c1sccc1C,-2.0274346,0.68924767,2.9145627,0.8624684,-2.3720584,0.097995138113588,1252298.45,71114.16572489266,2.0983527170417933,0.7288819116566322
Z33030599,Z33030599,CCCNC(=O)c1ccc(C#N)cc1,-3.241717,1.0182443,2.9143748,1.1683041,-3.7508392,0.0343938848273129,1340599.25,52602.46149456791,1.5874794022601861,0.7844194803838959
Z1458693060,Z1458693060,COCCCN(C)C(=O)[C@@H](N)C(C)(C)C.Cl,-3.8904996,1.5720851,2.9142642,0.7606697,-4.6765423,0.020406957899665,1360018.0,30527.628497805068,2.9681829072144357,0.7502782715564068
Z54748507,Z54748507,COc1ccc(OCCN2CCOCC2)cc1,-4.0704985,0.4497687,2.9142373,0.5335029,-4.295383,0.0090033132855548,1375850.25,8576.046524331594,1.614613043379018,0.774425742519998
Z409666396,Z409666396,O=C(Nc1ccccc1C(F)(F)F)N1CCCCCCC1,-2.948761,1.0147351,2.914097,1.1261704,-3.4561286,0.0499425216984189,1319012.3,71349.36693349143,1.8578423166512046,0.8132015733434185
Z358238798,Z358238798,COC(=O)C(C)(C)NC(=O)c1cccs1,-3.1330054,0.9226479,2.9140663,1.0188028,-3.5943294,0.0348508301220873,1339964.85,45756.171743574654,2.215736964957763,0.7946515653532317
Z208334126,Z208334126,Cc1cc(NC(=O)N(C)C)ccc1Br,-3.5331216,0.7240194,2.9139323,0.7601277,-3.8951313,0.0167255735225266,1365129.05,11885.494358565822,1.8987978414093938,0.8238266806611613
Z1470672308,Z1470672308,COc1ccc(C#N)cc1CN(C)CC(F)(F)F,-2.614774,0.63777786,2.913589,0.4889975,-2.933663,0.0536097885979759,1313920.85,50334.543024919774,2.2711933106073,0.8323492361057147
Z1343129559,Z1343129559,Clc1ncc(CSCc2ccco2)s1,-1.6247215,1.1887777,2.9135175,1.1332133,-2.2191105,0.2053299600244895,1103280.15,305957.2234859434,2.724913231095515,0.8191136439910562
Z7858650916,Z7858650916,COc1ccnc(CN2CCNCC2)c1.O=C(O)C(F)(F)F,-3.7091815,1.3397472,2.9134943,0.5751313,-4.379055,0.0295085533186876,1347381.8,54421.92505470567,2.325499367617004,0.8692271011066204
Z1269121360,Z1269121360,O=C1CCOc2ccc(Br)cc2N1,-3.6322353,1.3794168,2.9134805,0.93126166,-4.3219438,0.0291504303669823,1347879.0,43754.17103317122,2.2188601242292005,0.7565920998569
Z57727841,Z57727841,COc1c(Br)cc(Br)cc1C(=O)O,-4.18357,0.55796534,2.9132352,1.0911537,-4.4625525,0.0076856700399754,1377679.6,7535.192136900027,2.0204899762531703,0.9134427508940695
Z56886615,Z56886615,COc1cccc(NCCC#N)c1,-3.618145,0.73637176,2.9131467,1.0074505,-3.986331,0.0160376706161989,1366084.1,16167.382419241529,1.8719990015680779,0.7136596852049945
Z2194207840,Z2194207840,COCC(=O)Nc1nnccc1OC,-3.2813659,1.0118849,2.9129794,0.6959587,-3.7873082,0.0290874779414413,1347966.4,28679.65760151261,2.360946857881487,0.7389519107783399
Z1483956699,Z1483956699,Cl.NCCOc1ncccc1C(F)(F)F,-3.85333,1.4793624,2.9129202,0.8325436,-4.593011,0.0182594446645298,1362999.5,20052.51524746958,2.4631224679163424,0.8801964290403891
Z2907416432,Z2907416432,O=S(=O)(F)c1cc2c(cc1Br)OCCCO2,-3.379891,1.7453932,2.9128861,1.6687998,-4.2525873,0.0828734829113695,1273292.6,205861.26782554312,2.5752565173063733,0.7467016596637618
Z373770786,Z373770786,COCCSCC(=O)Nc1cnn(C)c1,-2.6747217,0.22949563,2.9128823,0.3131031,-2.7894695,0.0390289912486043,1334164.1,16448.13949630778,2.292337514408313,0.7309168077149333
Z19977102,Z19977102,CCNC(=O)CSc1nnc(SC)s1,-2.331572,1.0282816,2.9128432,0.902855,-2.845713,0.0996005330068066,1250069.6,155251.26589512886,2.36376579279273,0.8012716633617557
Z54739003,Z54739003,COc1ccc(CC(=O)N(C)OC)cc1OC,-3.001781,0.97484624,2.9127944,1.1262572,-3.4892042,0.048695789966507,1320743.2,100102.2595936775,1.9452625684626295,0.7258620528905043
Z1269167005,Z1269167005,CCOC(=O)c1cn(C)nc1C(F)F,-2.7202084,0.59232926,2.912204,0.8156744,-3.0163732,0.0425072568156444,1329335.05,33472.24433388803,2.4837229973345494,0.7011592521014283
Z2235822434,Z2235822434,COc1ccc(F)c(Br)c1C=O,-2.997369,0.7102681,2.9120984,0.55265415,-3.352503,0.0393077754168617,1333777.05,67650.37272364063,2.4432016575616835,0.7328496562776458
Z31431475,Z31431475,O=C(CN1CCCCCC1=O)N1CCCCCC1,-3.2427487,1.229438,2.9118562,1.0622793,-3.8574677,0.0476251305506537,1322229.65,83318.13634874162,1.9295805147493112,0.7515288168604579
Z3211605347,Z3211605347,CCOc1ccc(N)c(OCC)c1.Cl,-4.279346,1.355791,2.9118114,0.6906345,-4.9572415,0.0114679655706414,1372428.45,13598.255430293257,1.8434356792472322,0.788592328658963
Z239873248,Z239873248,COc1ccc(N)cc1OCCN(C)C,-3.3725877,0.40582174,2.9117875,0.69383144,-3.5754986,0.0175351676450462,1364005.05,11623.887996169784,1.8319342445074813,0.742226446164087
Z1139535486,Z1139535486,CN(CCC#N)CC1CCN(CCO)CC1,-3.374904,0.5584978,2.9117737,0.40442502,-3.6541529,0.0199237224042929,1360688.9,17945.910656469903,2.36624078304064,0.7164675447980368
Z103844416,Z103844416,C#CCN(C)Cc1cccc(OC)c1OC,-3.6096375,0.41209233,2.9114537,0.6841181,-3.8156836,0.0149315734504987,1367619.75,14165.646638523072,2.2490600138098706,0.7044245740985214
Z505807778,Z505807778,O=C(Nc1nccs1)NC1CCCCNC1=O,-3.3757958,1.2635837,2.9112523,1.1203977,-4.0075874,0.0471764684697662,1322852.55,101334.72643545004,2.837386607234013,0.7339548951833422
Z1946189505,Z1946189505,C=CC(=O)Nc1nc(OC)cc(OC)n1,-3.3997886,0.6241358,2.910704,0.7932715,-3.7118566,0.019587423920481,1361155.8,17676.712659881083,2.50916989178703,0.7355959536486609
Z224845302,Z224845302,C=CCN1CCN(c2nccs2)CC1,-2.6865373,0.6691384,2.9105873,0.52117956,-3.0211065,0.0464145208340837,1323910.4,38385.226829341525,2.3135034749979546,0.7024375265977761
Z28276710,Z28276710,CCOc1c(Br)cc(C(=O)NC(C)(C)C)cc1OC,-2.8347676,0.55133295,2.910574,0.9562009,-3.110434,0.0367091511506464,1337384.85,26601.962578492214,2.0148609435245177,0.9205638963486111
Z805418268,Z805418268,COc1ccnc(N2CCCN(CC(N)=O)CC2)n1,-2.9126782,0.8255157,2.9102201,0.54712695,-3.325436,0.0422802607411676,1329650.2,54444.68407714384,2.211330994806568,0.7884920281171177
Z365015888,Z365015888,COCC(=O)NC(C)Cc1ccco1,-3.1622586,0.70129496,2.9101872,0.75178087,-3.512906,0.0265075809414052,1351548.2,20182.64619568009,2.5189233015819124,0.7649145745574695
Z104505502,Z104505502,Cc1cc(Cl)c(C)c(S(=O)(=O)Cl)c1Cl,-1.2968113,0.46817467,2.90989,1.2914599,-1.5308987,0.1920039615370763,1121781.3,96380.69497108848,2.528046299977852,0.733537702583259
Z98978853,Z98978853,C#CCNC(=O)COc1ccc(C#N)cc1Cl,-2.8541367,0.81995934,2.9098606,0.5030542,-3.2641163,0.0494792019303489,1319655.55,70425.22427048067,2.253530084295548,0.8182650916117672
Z1699857471,Z1699857471,Cn1ncn(Cc2ccsc2)c1=O,-2.2583976,1.611859,2.9097834,1.6332921,-3.064327,0.1746424172578961,1145885.2,350952.731677159,2.8071757167447924,0.7070298828632589
Z5002980693,Z5002980693,COc1cccc(CNC(=O)C(F)Cl)c1OC,-3.1863601,0.33819503,2.9097533,0.46399486,-3.3554575,0.0223630208520906,1357302.3,15557.006225813504,2.6084204888803164,0.8232493948224084
Z92747069,Z92747069,CC(C)OCC(O)CN(C)Cc1ccsc1,-2.4731455,0.8141107,2.9095173,0.54267704,-2.8802009,0.069816724889257,1291419.95,85689.23768506464,2.900814832980977,0.794463151352285
Z2286680323,Z2286680323,C[C@H](O)COc1ccc(Br)c(Cl)c1,-3.472237,0.45585158,2.9093442,0.3417758,-3.700163,0.0165850109842619,1365324.2,15735.6140255155,2.51628699675236,0.9105005376824585
Z1522026738,Z1522026738,Brc1cncc(NCc2cncs2)c1,-1.8120155,0.71181417,2.909226,0.7503053,-2.1679225,0.1256189721611986,1213946.9,101027.52424755345,2.6317691410392303,0.9313930646415708
Z274553658,Z274553658,CCOc1ccc(NC(=O)N2CCCCCC2)cc1,-3.4056962,0.77269423,2.90921,1.1682814,-3.7920432,0.0228812619296286,1356582.8,27162.284627033863,1.598808943524519,0.9055374489564852
Z1486399481,Z1486399481,CCC(N)C(=O)N(C)Cc1ccco1.Cl,-3.6489387,1.212925,2.909144,0.6677464,-4.255401,0.0196069434940757,1361128.7,18366.40292790072,2.819787669013216,0.8538142884569346
Z28173759,Z28173759,COc1cc(OC)cc(C(=O)Nc2nccs2)c1,-3.0801182,0.9300418,2.9089384,0.9614308,-3.545139,0.0383741131559044,1335073.3,53609.546778628894,1.903335787982865,0.9208480884711762
Z29693862,Z29693862,O=C(NCc1cccs1)c1cccs1,-2.6533895,0.984047,2.9089224,1.0145048,-3.145413,0.0690155580365181,1292532.25,105891.600120536,1.9071121053919526,0.8513720522820636
Z4493866010,Z4493866010,CNC(CCN1CCOCC1)C(=O)OC.Cl.Cl,-5.3031654,2.0536582,2.9084187,0.6681103,-6.3299947,0.0066976987070983,1379051.25,11159.485596903647,2.8453626597529222,0.738454503402376
Z445556336,Z445556336,CCN1CCC(Nc2cccnc2OC)CC1,-3.134471,0.786883,2.908153,1.0936875,-3.5279124,0.0305666798717902,1345912.75,27059.6735676449,2.077442719988124,0.8657034742235504
Z900516390,Z900516390,c1csc(CNCCn2cncn2)c1,-2.3537362,0.80496615,2.908128,0.792763,-2.7562191,0.0784151690856052,1279482.3,95534.67615483918,2.347506959318512,0.7489692113652555
Z756096416,Z756096416,N#CCc1cc(Br)c2c(c1)OCO2,-2.9080749,0.69454813,2.908116,0.77385056,-3.255349,0.0389227140130371,1334311.65,43860.954775603095,2.5680750930441683,0.7553970660574238
Z646338414,Z646338414,CCN(Cc1cc(=O)n(C)c(=O)n1C)C(C)C,-2.1148665,0.61629784,2.9080784,0.6250435,-2.4230154,0.0933560341412468,1258739.15,110896.41067287752,2.5113613370853116,0.7597110157835811
Z1614088447,Z1614088447,CCN(CC)CCn1cnc(C#N)c1C#N,-2.3829753,0.47106227,2.9080381,0.5510361,-2.6185064,0.060656930889185,1304136.95,43618.91174992219,2.980055118704975,0.7365190619288442
Z1481113226,Z1481113226,Fc1cnc(NCc2ccsc2)nc1,-2.1420033,0.864227,2.9077485,1.1342521,-2.5741167,0.1007837360896027,1248426.9,109089.19332312436,2.3809038502324764,0.8423520998755455
Z641274858,Z641274858,Cn1ccc(CN2CCCCCC2)cc1=O,-3.091673,1.2909935,2.90762,1.0749624,-3.7371697,0.0645772679799763,1298694.15,124589.09390804438,2.019302655950339,0.7585573164173997
Z373094014,Z373094014,CC(C)NC(=O)CN(C)c1cnccn1,-2.4371185,0.4097936,2.907363,0.37620232,-2.6420152,0.0549889797241329,1312006.05,34281.999526683096,2.361107227621927,0.7795814230223
Z2142942554,Z2142942554,COc1cncc(Cn2ccnc2)c1,-2.2763362,0.780139,2.9073339,0.89467233,-2.6664057,0.07712093492275,1281279.15,59661.05723692381,2.231277583815965,0.7309761086410959
Z432747802,Z432747802,COCCCNC(=O)CN1CCCCCCC1=O,-3.3137863,1.2193415,2.9072623,1.0232818,-3.9234571,0.0466233298519825,1323620.5,91075.15526503373,1.978284204272457,0.7192890734575725
Z408806958,Z408806958,CC(=O)NCc1cccnc1N(C)C,-2.7574682,1.2847326,2.9071963,1.2649109,-3.3998346,0.0859246947815752,1269056.45,159625.66165766548,2.0706595330605584,0.7713548935949415
Z1022803612,Z1022803612,CN(C)C(=O)c1csc(C(C)(C)C)n1,-1.6876816,1.039695,2.907127,0.9956528,-2.207529,0.17539269636619,1144843.55,232584.04725786223,2.460776739538291,0.7142872024438536
Z406438950,Z406438950,CC(OCC(F)(F)F)C(=O)N1CCCCC1,-3.1711447,0.6711856,2.9069638,0.7197817,-3.5067375,0.0268170850289912,1351118.5,24124.976697398077,2.64878285217109,0.7531532878609645
Z2895178038,Z2895178038,CCNc1nc(Cl)nc(NCC)n1.Cl,-3.1842628,0.7064099,2.9067528,0.7035278,-3.5374677,0.0252518457161378,1353291.6,15471.192912636052,2.5344523112638626,0.8370239724945501
Z1124553343,Z1124553343,c1cn(CCCNC2CCOC2)cn1,-3.2682793,0.95943785,2.906648,0.59213895,-3.7479982,0.0294494183743293,1347463.9,36463.60779448463,2.911855085182925,0.7011828974082039
Z8546718353,Z8546718353,CN(Cc1ccncc1)c1ccncc1.O=C(O)C(F)(F)F,-3.1397338,1.4588542,2.906536,1.0807617,-3.869161,0.0635060683545214,1300181.35,116932.0098832116,2.276735091215439,0.9435711648907625
Z2238737808,Z2238737808,CN(C)c1ccc(Br)c(C(=O)O)c1,-4.1381774,0.71040535,2.9064827,0.9791377,-4.49338,0.0078009867828717,1377519.5,5133.123878302568,1.9657854513662922,0.8665030795201545
Z2311175307,Z2311175307,Cl.NCc1ccc(C(F)(F)F)c(Cl)c1,-4.356256,1.6824139,2.9064212,0.99628335,-5.197463,0.0131223394677133,1370131.6,16088.269765266865,2.203081025252578,0.8081763648601108
Z211818332,Z211818332,C#CCNC(=O)NC(C)c1cc(OC)ccc1OC,-3.0705345,0.891816,2.9061103,0.53838366,-3.5164425,0.0432528180934203,1328299.95,68830.93170913424,2.61268662982849,0.7939555216597602
Z169036848,Z169036848,Cc1ccsc1CN(C)Cc1cscn1,-1.6103668,0.39214927,2.9059944,0.7148913,-1.8064414,0.1362527460654734,1199183.5,61646.40386956891,2.583153512363845,0.8132076212676901
Z333666228,Z333666228,COCC(=O)NCc1cccnc1OC,-3.3304985,1.0671936,2.9055815,0.7979099,-3.8640952,0.0346344941837433,1340265.2,56024.08100950876,1.9453166352874334,0.7615551545023046
Z813107436,Z813107436,C#CCN(CC)C(=O)Nc1cccnc1OC,-2.7617311,0.8929858,2.9055772,1.0936939,-3.208224,0.0544122159397846,1312806.8,87052.06883101631,2.4837209189927663,0.803150361005107
Z1269165776,Z1269165776,Brc1cncc(-n2cccn2)c1,-1.2603748,1.6046475,2.905108,2.082146,-2.0626986,0.3111132639464111,956415.9,419785.0250004043,2.38536837459465,0.7413933128300872
Z2467329448,Z2467329448,C=CC(=O)NCc1cc(C)ns1,-2.3298907,1.3248435,2.904996,1.0596786,-2.9923124,0.1371916303525767,1197880.0,259934.79899967223,2.9152268760931523,0.7148101959046268
Z382925958,Z382925958,COc1cc(NC(=O)CSC(F)(F)F)cc(OC)c1,-2.73495,0.55455875,2.9048576,0.46139565,-3.0122294,0.0440401555803651,1327206.85,40028.03459736063,2.153625414112751,0.9070952527574299
Z234897649,Z234897649,NCc1ccnc(N2CCCCCC2)c1,-2.9155636,1.549493,2.904723,1.094441,-3.69031,0.0839229300968775,1271835.6,140480.4618743831,1.955715636286433,0.8017428261769314
Z168991486,Z168991486,CCN(CC(=O)OC)Cc1ccc(Cl)s1,-2.318549,0.9579845,2.9047146,0.9768599,-2.7975411,0.08898779126301,1264803.8,94880.06239279146,2.2235710174905954,0.7487108114377239
Z162795266,Z162795266,CNS(=O)(=O)Cc1ccc(C#N)cc1,-3.0117059,1.4547395,2.9047105,1.0430048,-3.7390757,0.0663680988223429,1296207.85,106610.36769624004,2.0610182375140003,0.7941089129129661
Z352250284,Z352250284,Brc1ccc(OCc2cscn2)cc1,-2.314664,0.8212267,2.9046,0.80516124,-2.7252772,0.0780561097705909,1279980.8,68351.33505689556,1.9971019740598663,0.8513483558963212
Z56767582,Z56767582,CC(=C(C#N)C#N)c1ccc(Br)cc1,-1.4767087,0.6461257,2.9042354,0.47189888,-1.7997715,0.1766235099218497,1143134.75,178469.49464036565,2.4779077111982115,0.7146981303809282
Z1509590704,Z1509590704,COc1c(C)c(C)c(OC)c(C=O)c1C,-2.5396285,0.9546968,2.9041202,0.5831885,-3.0169768,0.0808785968955955,1276062.2,131119.4273506409,2.445296432413384,0.7155763165052063
Z5030695767,Z5030695767,COc1cc(C(F)(F)F)ccc1CCN.Cl,-3.7696686,1.257504,2.9038408,0.69197685,-4.3984203,0.0166970504555767,1365168.65,14165.710374968849,2.0975113271306967,0.9012184675484395
Z283724538,Z283724538,CCOC(=O)NC(=S)Nc1nccs1,-3.1454244,1.1640756,2.903766,1.0975215,-3.7274623,0.0473476068714661,1322614.95,82119.1564006079,2.3426521833252743,0.7566686400156939
Z54183031,Z54183031,COc1cc(C(C)=O)ccc1OCC#N,-3.318709,0.6679056,2.9037294,0.68010706,-3.6526618,0.0228320668419346,1356651.1,22814.244396648337,1.864756383344254,0.7030230773171008
Z2915833086,Z2915833086,CC(C)(C)NCc1cc(Br)cc(Br)c1O,-2.8633626,0.64139783,2.9036613,0.5525338,-3.1840615,0.0414068858717182,1330862.75,45034.88886172031,2.361498799277289,0.8603831588151256
Z237732546,Z237732546,COCCNCCOc1ccccc1F.Cl.Cl,-4.631297,1.843904,2.9035747,0.97544116,-5.5532494,0.0102388446717327,1374134.9,12381.540453029258,2.0318819664559413,0.780079109971445
Z1198234151,Z1198234151,CC(C)(C)OC(=O)Nc1ccoc1,-3.3956993,0.95569277,2.90348,0.8031754,-3.8735456,0.0267178665322145,1351256.25,40960.99702506642,2.466213376382452,0.7276297807517845
Z32017004,Z32017004,CNC(=O)c1ccc2c(c1)OCCO2,-4.3186693,1.5001817,2.9034786,1.0146787,-5.06876,0.0186486836892714,1362459.1,39977.36216397975,1.799989816461368,0.7178020428266432
Z1198164046,Z1198164046,CCc1nc(N)sc1C(=O)OC,-2.5802665,0.7931384,2.9034567,0.65214986,-2.9768357,0.0556621889293046,1311071.4,54826.55923765415,2.415357907561683,0.7016067545121065
Z1891773033,Z1891773033,COc1ccc(OC)c2c1CNCC2O,-3.555635,0.8071641,2.9031107,0.45807415,-3.959217,0.0229766269312493,1356450.4,31960.64550724845,2.9163262996133845,0.757523346528613
Z1269134427,Z1269134427,CN(C)c1ncc(Br)c(C(=O)O)n1,-3.4030883,0.48965973,2.9029925,0.9137297,-3.6479182,0.0178941549321137,1363506.65,13606.081777186995,2.563890428741857,0.8427279855899588
Z32014577,Z32014577,CCOc1ccc(C(=O)N(C)C)cc1,-3.3750138,1.1436923,2.9028556,1.1074932,-3.9468598,0.0325236071595778,1343195.85,51372.99554948592,1.4595886828581293,0.7320296138599681
Z1508931073,Z1508931073,CCc1cc(OC)cc(OC)c1C(=O)O,-3.6817136,1.0478635,2.9027674,1.1886792,-4.2056456,0.0190493391435876,1361902.85,24339.37885870344,1.935888888034686,0.824928247786844
Z2050004031,Z2050004031,COc1ccc(N(C)C(=O)CCl)c(OC)c1,-2.9267411,0.79320496,2.9026895,0.5906391,-3.3233435,0.0450615118666041,1325788.85,66108.54296100845,2.092283716851016,0.7586147986974856
Z381016862,Z381016862,C#CC(=O)Nc1cccc(Br)c1,-3.768312,0.93811375,2.9026194,0.97316694,-4.237369,0.0168830626282998,1364910.4,22788.7646185571,2.2819415614078373,0.7261242638200444
Z56828429,Z56828429,CCOCCCNC1=NC(C)(C)CS1,-3.0643373,0.41648605,2.9025939,0.3335632,-3.2725804,0.0265657074945078,1351467.5,22420.469730806264,2.882034431845984,0.7124813391372204
Z1011123452,Z1011123452,CCN(CCC(F)(F)F)CC(=O)N(C)C(C)C,-2.4532175,0.7256904,2.9025671,0.58269626,-2.8160627,0.0688981164691899,1292695.3,82401.68172137023,2.5350698018763342,0.7246414801439491
Z1084351270,Z1084351270,COCCN1CCCC1CN1CCCCC1,-3.1587415,0.7809005,2.9025557,0.6447389,-3.5491917,0.0325547592465875,1343152.6,46176.758230088,2.527392299131849,0.7077453967058319
Z235448576,Z235448576,COc1cc(CO)ccc1OCC(C)C,-3.730599,0.34524354,2.9025364,0.5017133,-3.9032207,0.012464184103432,1371045.35,11010.482601934393,1.7245725184286815,0.8095074266303932
Z1252497676,Z1252497676,CCN1CCC(N(C)CCNS(=O)(=O)CC)CC1,-2.8287868,0.55974513,2.902355,0.29567412,-3.1086595,0.0412637663413404,1331061.45,47120.26818946917,2.384795645772135,0.7290809741501199
Z1160929037,Z1160929037,CN(C)C(=O)COc1ccc(C#N)c(F)c1,-3.1226547,0.38445148,2.9023428,0.42137134,-3.3148804,0.0242452191450283,1354689.15,17850.992751875176,2.080414664972661,0.7708062594158562
Z1607545313,Z1607545313,OCCOc1cc(Br)ccc1F,-3.8159745,0.7563964,2.9023175,0.5753365,-4.194173,0.0130470702632621,1370236.1,14901.236582579311,1.8982184844847616,0.8671226332350822
Z352257758,Z352257758,NCC1(N2CCSCC2)CCCCC1,-2.8859441,0.6396366,2.902306,0.6977149,-3.2057624,0.0374173299240105,1336401.65,35368.36720330047,2.7903143567990814,0.7584181557175591
Z1890046163,Z1890046163,N#Cc1ccc(NC(=O)c2nccs2)cc1,-2.9265695,0.899502,2.9022226,0.8839729,-3.3763204,0.0450360139734217,1325824.25,64706.08059516123,2.0804123549469953,0.8585361691029784
Z90505124,Z90505124,c1coc(CNCCCN2CCOCC2)c1,-3.7709453,0.82490295,2.9021223,0.7581918,-4.183397,0.0136804840278028,1369356.7,12759.558609528778,2.0179936676560235,0.7340642848723439
Z406340940,Z406340940,COc1ccccc1OCC(C)CN,-3.5644507,0.61744016,2.9020026,0.6073621,-3.8731709,0.0187426441459286,1362328.65,19791.712998815943,2.238201408090788,0.7768797251238875
Z334899444,Z334899444,COc1cc(NC2CCCCCC2)cc(OC)c1OC,-3.0061078,1.0982873,2.9019916,1.249498,-3.5552516,0.0443349299528216,1326797.6,49315.18191429491,1.8870858358772669,0.8310991959890921
Z45620595,Z45620595,Cc1cc(Br)ccc1NS(C)(=O)=O,-3.065932,0.87029105,2.9019294,0.82069784,-3.5010777,0.0344310872618575,1340547.6,36294.86000579145,1.8200017409590536,0.8889397928197282
Z1696091842,Z1696091842,C[C@@H](N)c1ccc(Cl)c(Cl)c1Cl.Cl,-3.1810136,1.766098,2.9017837,0.9725791,-4.0640626,0.0513041740195194,1317121.85,75121.09515327569,2.8717413786204915,0.7567318638479958
Z56869407,Z56869407,COc1ccc(OCCC(=O)O)cc1,-4.4160013,0.57838845,2.9017513,0.5641064,-4.7051954,0.0064889977311196,1379341.0,6557.039331893625,1.4404261478223166,0.7757712583151058
Z2311264848,Z2311264848,COc1cc(Cl)c(Br)cc1C=O,-2.8835683,0.6321253,2.9016657,0.5244306,-3.199631,0.0413562502250872,1330933.05,59355.84290823861,2.224791561407839,0.7534443697330542
Z32926198,Z32926198,COCC(C)NC(=O)c1cc(OC)cc(OC)c1,-3.6558025,0.8018331,2.9016497,0.81866026,-4.056719,0.0171700579824972,1364511.95,18961.871786495656,2.2747969898469087,0.8337405798670597
Z316452342,Z316452342,CN(Cc1cccs1)C(=O)CC(F)(F)F,-1.8634682,0.51462036,2.9015467,0.6622994,-2.1207783,0.1090681744516872,1236925.2,77616.51782230378,2.3242942726500697,0.7910319159193094
Z234897591,Z234897591,Cl.Cl.NCCc1ccc(N2CCCCC2)cc1,-4.9441166,1.7028152,2.9013255,0.8240862,-5.795524,0.0077933878344796,1377530.05,11556.308093309905,1.9214050433790177,0.9198282024762218
Z229184824,Z229184824,CCSc1nnc(NCc2ccco2)s1,-2.3009198,1.0441016,2.9012475,1.0709034,-2.8229706,0.1047004357690785,1242989.15,172551.61135187204,2.3591768250976237,0.8156715125160151
Z952741882,Z952741882,CC(=O)NC1CCN(CC(F)F)CC1,-3.2476063,0.41217554,2.9012322,0.43984598,-3.453694,0.0212727338207224,1358816.0,16529.94667565507,2.2397757273925425,0.7421834729181691
Z1245807354,Z1245807354,O=C1OCCN1CCCSCc1ccco1,-3.153123,0.5990742,2.901151,0.8199889,-3.45266,0.0265976879029062,1351423.1,24810.69242060769,2.5484617323041423,0.7169775579471637
Z1348471795,Z1348471795,CN(CC#Cc1ccc(C(F)(F)F)cc1)CC(N)=O,-2.794018,0.8319289,2.901139,0.6384635,-3.2099824,0.0453708358843232,1325359.4,41019.69165096198,2.469898717280172,0.8454933424422078
Z3241270758,Z3241270758,CN1CCN(c2ccc(Br)cc2)CC1.Cl,-4.538078,1.5652765,2.900919,0.6834556,-5.320716,0.0101892174163574,1374203.8,14920.364682540438,1.7773635128001626,0.7847005422367916
Z94599756,Z94599756,COc1cc(Br)c(CC(N)=O)cc1OC,-2.9161916,0.54325217,2.9006886,0.6315549,-3.1878176,0.0332259876832211,1342220.7,25841.76872061972,1.9534354264962257,0.9044626305094547
Z991553606,Z991553606,COCCOc1ccc(Cl)cc1C#N,-2.628107,0.9101631,2.9004376,0.6938777,-3.0831885,0.0609752944142327,1303694.95,78420.9675192005,1.928282952556044,0.7177022356478523
Z998307488,Z998307488,CNC(=O)C(C)(C)n1cc(Br)cn1,-1.8235586,0.68356365,2.900285,0.8269447,-2.1653404,0.1253728886808081,1214288.55,115750.09223213387,2.9229578495563384,0.8496623419119267
Z2732843735,Z2732843735,COc1ccc(CS(=O)(=O)F)cc1,-3.5797913,1.3100152,2.9002812,1.279582,-4.234799,0.0379831094464653,1335616.15,71117.30367939649,2.0325993104483864,0.700519357230638
Z1652220208,Z1652220208,Cc1nc(N(C)CCN(C)C)ccc1Br,-2.230955,0.7322347,2.9002507,0.7362032,-2.5970721,0.0828148161486657,1273374.05,88943.56972455907,2.4749196572654544,0.8368782739768981
Z1269124219,Z1269124219,CNC(=O)c1c(Br)cccc1OC,-3.3606212,0.55892295,2.9002147,0.7987675,-3.6400826,0.0191385097417797,1361779.05,11424.295805322095,1.9762335961626718,0.8611362368186396
Z418974874,Z418974874,CC(CN1CCCCC1)C(=O)O.Cl,-4.8777266,1.8359581,2.9001765,0.7961062,-5.795706,0.011013757337847,1373059.05,20916.35158787259,2.5274473458150624,0.7647900734095954
Z1510352917,Z1510352917,CCN(CC(CC(C)C)NC(C)=O)C(C)=O,-2.3972907,1.0223547,2.9000525,0.3476832,-2.908468,0.0892622537544567,1264422.75,106869.6744628124,2.8945543605266035,0.7468978246693482
Z2981785708,Z2981785708,COc1nn(C)cc1CNC(=O)CCl,-2.9040496,0.75377697,2.8999906,0.6981193,-3.2809381,0.0372765873158785,1336597.05,27848.91811807956,2.6383263346799914,0.7377264536301681
Z1537125850,Z1537125850,N#Cc1ccc(N2CCCN(CCO)CC2)c(Br)c1,-3.1727424,0.24802828,2.899981,0.44407895,-3.2967565,0.0220467101235279,1357741.45,15658.976966823217,2.201310481986056,0.9215384774875571
Z29325014,Z29325014,CSCCC(=O)Nc1ncc(C)s1,-2.7056468,0.65928626,2.89992,0.9004064,-3.0352898,0.045240933482191,1325539.75,35411.66955238767,2.3126512884703647,0.8381510429420745
Z3083106375,Z3083106375,COc1cc(C=O)cc(OC)c1C(C)C,-2.869165,0.32339188,2.899909,0.4014488,-3.030861,0.032788453920121,1342828.15,25279.800476417924,2.1382538880346864,0.7134146977804916
Z440635106,Z440635106,C=CC(=O)NCc1ccc(OC)c(OC)c1,-3.4492173,0.62623763,2.8997786,0.7165584,-3.7623363,0.0186816364749522,1362413.35,16116.63132380647,1.7928575662574229,0.7664901539507284
Z104474394,Z104474394,CCOc1cc(C(=O)O)cc(OCC)c1OCC,-3.8555646,0.7734176,2.899774,0.3121145,-4.2422733,0.0166086361508266,1365291.4,24057.79041682756,1.8514191936528253,0.8097313501808544
Z53112195,Z53112195,COc1ccc(Br)cc1CN(C)CCC#N,-2.6013846,0.71095794,2.899591,0.5156679,-2.9568636,0.0588036878308784,1306709.9,75610.29156464087,2.1317862375860948,0.8333378908200667
Z1262398532,Z1262398532,Cl.Fc1ccc(CNCC(F)(F)F)cc1,-4.2351823,1.8012124,2.8994877,0.73186266,-5.1357884,0.0151575251197464,1367306.05,18080.8569832157,1.9769520537151593,0.8052832952838105
Z1904774950,Z1904774950,C=CCNC1CCc2ccccc2OC1,-3.529572,1.8577312,2.8993466,1.7557987,-4.4584374,0.0763390355457918,1282364.7,160424.3155310628,2.801086889023974,0.7600207668057677
Z2733755507,Z2733755507,COC(=O)c1cc(Br)ccc1S(C)(=O)=O,-3.0158973,0.7736497,2.89926,0.65706277,-3.4027221,0.0361478733748693,1338164.1,43134.93629171139,1.9543437696914907,0.7777205586786706
Z31386047,Z31386047,CC(C)NC(=O)c1ccc(C#N)cc1,-3.4810843,1.3199914,2.8990536,1.3197734,-4.14108,0.0352904526956459,1339354.5,62815.45674155367,1.6363020431820168,0.7674787276396896
Z594413648,Z594413648,CNCC(=O)N(C)C1CCN(C)CC1.Cl.Cl,-5.2570224,2.4698508,2.8989494,0.72756714,-6.4919477,0.0076767385745669,1377692.0,11380.68557688859,2.6049061676560257,0.8170546856134439
Z445588538,Z445588538,COC(=O)C(C)(C)NCc1cc(Br)cs1,-2.4385679,0.5817587,2.8989265,0.4133272,-2.7294471,0.0610251377534483,1303625.75,50974.09018008561,2.594893118803917,0.8667612109331948
Z56756203,Z56756203,COc1ccc(NC(=O)C(F)(F)F)cc1,-4.0644627,0.8411238,2.8989224,1.087329,-4.4850245,0.0112798285734865,1372689.65,14645.849658777057,1.6500108111116099,0.8274848057916036
Z56922115,Z56922115,CCOc1cc(N2CCOCC2)c(OCC)cc1N,-2.7662804,0.8009253,2.898809,0.2432861,-3.166743,0.050389022940901,1318392.4,50986.54925016989,2.12476945634503,0.82492307333024
Z1362473315,Z1362473315,CCNC(=O)CSc1cccc(C#N)c1,-2.5255096,0.46908605,2.898749,0.37358427,-2.7600527,0.0495303777865812,1319584.5,21866.79897127149,2.0348682836390815,0.7869287598375263
Z138656824,Z138656824,CC(C)(C)CCN1CCN(CCO)CC1,-3.5519886,0.34911254,2.8985362,0.3392447,-3.7265449,0.0147264018439153,1367904.6,14861.533953128795,2.050794657265456,0.7570959159999241
Z805624630,Z805624630,CCS(=O)(=O)NC(C)c1cc(OC)c(OC)c(OC)c1,-2.5431743,0.68665737,2.898357,0.46963012,-2.886503,0.0601937551770086,1304780.0,61950.42253689639,2.5719683583282134,0.8298591971122217
Z647583254,Z647583254,CCN1CCN(c2nc(C)cs2)CC1,-2.7531347,0.9378934,2.8983378,0.7946712,-3.2220814,0.0547357654770049,1312357.6,66322.73521078574,2.086297124153674,0.7403901581207202
Z2407371920,Z2407371920,CCOc1cc(Br)ccc1NCC(C)O,-3.3646111,0.8302336,2.8983135,0.3242779,-3.779728,0.0273054345085893,1350440.5,38768.78130983743,2.4735997919746815,0.8668987764051178
Z86416839,Z86416839,O=C(Nc1nncs1)c1ccco1,-3.1800287,1.4785028,2.8981876,1.1999459,-3.91928,0.0800591349443584,1277199.9,176465.7957106419,2.2762462277416198,0.7855994768627421
Z1317848389,Z1317848389,CCN1CCCC1CN(C)CCCC(=O)O,-3.270658,0.33903202,2.898181,0.32067636,-3.440174,0.0202977995462239,1360169.55,18622.952785407047,2.705480217596362,0.7123934694543914
Z1266854883,Z1266854883,CCN(C1CCNCC1)S(C)(=O)=O.Cl,-4.4832616,1.396122,2.8980546,0.7613941,-5.1813226,0.0116438578168329,1372184.25,16156.883294357856,2.6859305856921374,0.7816642642769648
Z45770918,Z45770918,S=C(NCCN1CCOCC1)N1CCCCCCC1,-3.682988,1.077117,2.8980117,0.6646572,-4.221546,0.0210266143263586,1359157.7,23468.83169461148,2.0947420753926487,0.7926555286849851
Z1562137800,Z1562137800,CCOc1ccc(OC)cc1NC(=O)CCl,-3.1005554,0.6280438,2.8977978,0.41223514,-3.4145772,0.0312407894262973,1344976.85,35388.29369618575,1.7491603634602217,0.8074326862908714
Z90135129,Z90135129,CN1CCCN(c2cccc(F)c2C#N)CC1,-2.7625406,0.67487615,2.8977487,0.6075895,-3.0999787,0.0439917888140598,1327274.0,41659.64340341862,2.0814031203020953,0.7411301062450518
Z899230656,Z899230656,CC(C)(C)OC(=O)NCC(=O)N1CCCCCCC1,-3.2102025,0.7021748,2.8976114,0.694327,-3.5612898,0.0263589512730939,1351754.55,26154.53392334683,1.9062729080215597,0.8373150777501656
Z1272491557,Z1272491557,CS(=O)(=O)CCOCCNc1ccc(Br)cn1,-2.8899784,0.6809894,2.897399,0.39163274,-3.230473,0.0408703136817085,1331607.7,48153.28557128786,2.3539235376507026,0.7666326952344671
Z3976570544,Z3976570544,Cl.NCc1ccc(Cl)nn1,-4.136527,2.548022,2.897398,1.4721414,-5.410538,0.1109922930096877,1234253.85,337018.15103259275,2.638140372592673,0.7010264989400231
Z2050098551,Z2050098551,COc1cc(OC)c2c(c1)C(=O)OC2OC,-3.8883862,0.95320493,2.8972905,0.73628676,-4.364989,0.0142514495624301,1368564.0,18003.265562114,2.952146301512446,0.7283989480571443
Z1040055410,Z1040055410,COCCN(C)CCNC(=O)Cc1cccs1,-2.435021,0.65902525,2.89729,0.8964294,-2.7645335,0.0633341376454064,1300420.05,59678.28341739984,2.145081004917479,0.7538264973985433
Z332371038,Z332371038,COCCNC(=O)Nc1ccc(C#N)cc1,-3.6835256,0.5514642,2.8970685,0.48635754,-3.9592576,0.0136005690207801,1369467.65,12882.753798295613,1.773013090732947,0.7499630141287811
Z1509754054,Z1509754054,C#CC(=O)NCc1cccnc1OCC,-3.113407,1.1066214,2.8969498,0.86031735,-3.6667175,0.0496513127093312,1319416.6,88719.04466144797,2.5207594924302903,0.7354597648307779
Z3490365827,Z3490365827,C=CC(=O)NCc1cc(OC)c(OC)cc1F,-3.1144843,0.981091,2.8969312,0.71913064,-3.6050298,0.0374723952893722,1336325.2,46404.42092150273,2.0699712641148054,0.794573725137009
Z28138916,Z28138916,COc1ccc(NC(=O)C(C)C)cc1,-3.8788147,0.7768894,2.8969083,0.8802069,-4.2672596,0.0115381928188137,1372330.95,8075.635866450394,1.3589526504694671,0.7993992845618542
Z1254124646,Z1254124646,COCCS(=O)(=O)CCOc1ccc(C#N)cc1OC,-3.232774,0.61864334,2.8965309,0.44396043,-3.5420957,0.0262010299996398,1351973.8,27487.0534608568,2.2544632079788496,0.711782233693129
Z1097110210,Z1097110210,CS(=O)(=O)CCCN1CCCC1CO,-3.8330643,0.6932653,2.8964686,0.29778385,-4.179697,0.011646594878813,1372180.45,9055.777754975,2.744538717340241,0.7028660861237295
Z1324095883,Z1324095883,CNS(=O)(=O)c1cc(Br)c(C)cc1OC,-2.9051576,0.47276786,2.896467,0.5257774,-3.1415415,0.0321958439874672,1343650.9,19335.865886740117,2.14484554483942,0.9223976746740371
Z3024766857,Z3024766857,C=CC(=O)Nc1ccc(OC)c(COC)c1,-3.7058632,1.2188349,2.8963437,1.4156232,-4.315281,0.0211851838513342,1358937.55,24905.55683070547,1.9973180557679129,0.7731068929681846
Z1486408088,Z1486408088,CCCCN(CC)C(=O)C(N)C(C)(C)C.Cl,-3.1225128,1.0151526,2.896226,0.73546934,-3.630089,0.0340563978823783,1341067.8,32543.6558865165,2.9215000669777513,0.8147820773802217
Z435815320,Z435815320,O=C(NCCSC(F)(F)F)c1cccs1,-2.503787,0.6593609,2.8959756,1.1262782,-2.8334675,0.0578987287067381,1307966.3,51473.15747950575,2.4058505672091712,0.8381030268596069
Z1989795648,Z1989795648,COCCN(Cc1cc(Br)cs1)CC(C)O,-2.4499412,0.35519093,2.895974,0.3437148,-2.6275365,0.0547887780458817,1312284.0,38522.03594437864,2.9686232245893684,0.8390836776312928
Z1996664559,Z1996664559,CC[C@H](O)COc1ccc(OC)c(F)c1,-3.5696342,0.53197825,2.8959603,0.5590424,-3.8356233,0.0167376382036229,1365112.3,16932.34263207546,2.2858020433818123,0.8141474858900338
Z56761492,Z56761492,O=C(Nc1ccc(Br)cc1)C(F)(F)F,-3.6898484,0.8064893,2.8959458,0.6696118,-4.093093,0.015731407786221,1366509.3,15062.667456662515,1.7920552218667734,0.8330582810181304
Z1431486724,Z1431486724,CNC(=O)c1ccc(F)c(OC)c1,-3.7554913,1.2778391,2.8959231,1.2682415,-4.3944106,0.0259205531746318,1352363.2,55126.07458145374,1.6060230467121244,0.747561299626318
Z1198263822,Z1198263822,COc1cc(Cl)ccc1CC#N,-2.3696883,0.91077125,2.8958359,1.092064,-2.825074,0.0813039219217056,1275471.7,97569.90452188627,2.0429485544148314,0.702199328838448
Z2345543451,Z2345543451,Cl.Cl.Cl.c1n[nH]cc1CN1CCNCC1,-5.365269,2.484303,2.8958335,0.8873436,-6.607421,0.0082737061980048,1376863.2,13259.898927216602,2.897597024129361,0.8488791327188251
Z7945325185,Z7945325185,Cc1nccn1-c1ccncc1C#N.O=C(O)C(F)(F)F,-3.0312376,1.5531915,2.8957891,1.1558269,-3.8078334,0.0756355025749991,1283341.45,129545.2835314644,2.6705697742783236,0.8698429628172448
Z422793026,Z422793026,COc1cc(C(C)NC(=O)CCSC)cc(OC)c1OC,-2.746623,0.71395326,2.8957675,0.29274154,-3.1035995,0.0494059495084092,1319757.25,59272.71442567398,2.514911063821163,0.7993762712382436
Z2065464268,Z2065464268,CNC(=O)CCC1CCCCN1.Cl,-4.885714,1.7295175,2.895697,0.6749638,-5.750473,0.0093429610688947,1375378.7,14189.28936592668,2.9121445791699436,0.7258097121827057
Z4665958885,Z4665958885,Cc1ncc(Br)cc1OCCOC(F)F,-2.9310782,0.58439773,2.8955703,0.38039577,-3.223277,0.0366070875499693,1337526.55,44131.69503030107,2.5925304921622665,0.7780869337019712
Z824233656,Z824233656,COCCN(CC(=O)O)C(=O)OC(C)(C)C,-4.046623,1.1186728,2.895561,1.1465564,-4.60596,0.0158710699751504,1366315.4,18492.48198160539,2.1671642351982374,0.7648224720130766
Z437341786,Z437341786,COc1ncccc1NC(=O)C(C)C,-3.3366218,0.9559801,2.895551,0.99505085,-3.814612,0.029739691000108,1347060.9,40713.53778769416,1.8620380755706822,0.7960819192990385
Z1695709442,Z1695709442,Cl.Cl.Cl.NC1CCN(Cc2cccnc2)CC1,-5.6155214,2.4865904,2.8954973,0.82023185,-6.8588166,0.0071263370187633,1378456.15,11759.500998235428,2.3213795189034947,0.910890645267212
Z219298620,Z219298620,NC(=O)CN1CCN(c2nccs2)CC1,-2.6909783,0.67429,2.8953645,0.69213426,-3.0281234,0.0468793531890373,1323265.05,45924.10856344955,2.164410399662593,0.7717917590535263
Z403316558,Z403316558,O=C(NC1CCCCNC1=O)c1cnccn1,-3.4249482,1.0579035,2.8952549,0.7900938,-3.9538999,0.0308892210177549,1345464.95,50790.31254823601,2.7598877061351104,0.746562560350373
Z2471214708,Z2471214708,CC(C)CCCN1CCC(N)CC1.Cl.Cl,-4.8690977,1.6677772,2.8952239,0.8808206,-5.7029862,0.0085724421075377,1376448.45,13741.41991744303,2.3414727949172764,0.8386123252048145
Z85931715,Z85931715,C#CCNC(=O)Nc1ccccc1OC,-3.530522,1.1837727,2.895185,1.4295484,-4.1224084,0.0304335362120502,1346097.6,43576.92372506347,1.922223228694028,0.732003839457358
Z422493448,Z422493448,O=C(COCC(F)(F)F)NCCn1ccnc1,-2.9670033,0.91535646,2.8947606,0.49518183,-3.4246817,0.0407073144380019,1331834.0,49634.31134003976,2.4374659271760724,0.804159708788785
Z33030524,Z33030524,CCCNC(=O)c1ccc(Cl)s1,-2.9496331,0.9996791,2.8946948,1.1208698,-3.4494727,0.049681024237404,1319375.35,76227.69464523705,1.8884842187504933,0.8040030784795127
Z57057726,Z57057726,CCCOc1ccc(C(C)N)cc1OCCC,-2.7551813,0.6193892,2.8945374,0.6511994,-3.0648758,0.0455216984189865,1325149.95,47742.89096868244,2.320793220681354,0.7911161299166751
Z26344107,Z26344107,NC(=O)COc1c(Br)cc(Br)cc1Br,-2.6364377,0.7425456,2.894479,0.35199803,-3.0077105,0.0584409190766016,1307213.55,86597.75098319529,2.206844826856379,0.8666603115265613
Z56989667,Z56989667,Cc1cc(Br)ccc1NC(=O)CN.Cl,-4.375867,1.3936588,2.894291,0.98549736,-5.072696,0.0107024525515899,1373491.25,13685.05384306178,1.92963827799983,0.8706771205694511
Z240085156,Z240085156,O=C(O)CCOc1ccc(Br)cc1,-3.8814423,0.62180644,2.8941073,0.37962106,-4.1923456,0.0105484568012388,1373705.05,8032.051415889966,1.5723051346242087,0.8846941212896748
Z86134129,Z86134129,CCC(CO)NCc1cc(OC)c(OC)cc1Br,-3.0138276,0.44118077,2.8940492,0.38478234,-3.234418,0.0292455432707891,1347746.95,22474.56787231959,2.573506565985058,0.8100843242727338
Z910842972,Z910842972,Cl.N#Cc1ccc(N2CCCNCC2)cc1,-4.660156,1.5888803,2.8940313,0.80480653,-5.454596,0.0127197392588324,1370690.55,23083.840272959354,2.1080653984252535,0.8094959074045832
Z838950560,Z838950560,OC(c1cccnc1)C(F)(F)F,-3.7029476,1.4629729,2.8938928,1.0375962,-4.434434,0.0433637051175855,1328146.0,102431.79188220814,2.7561662669425804,0.7073738431388467
Z2286665240,Z2286665240,CC(C)N1CCN(CCCC(=O)O)CC1.Cl.Cl,-5.22583,2.0496192,2.8938131,0.82443535,-6.25064,0.0075055281449202,1377929.7,12836.020154627367,2.138963540695654,0.8359501222360897
Z644887204,Z644887204,CN(CC1CCCCO1)CC1CCCO1,-3.578197,0.78027105,2.8936472,0.66194355,-3.9683325,0.0171382216299924,1364556.15,16403.1449462443,2.9678705903737974,0.7087740262253001
Z45685990,Z45685990,CCCS(=O)(=O)Nc1cc(OC)cc(OC)c1,-2.468985,0.39376527,2.8934653,0.38458493,-2.6658678,0.0548660280188713,1312176.75,47770.797718768525,1.977024441372329,0.8464944297561902
Z2489237072,Z2489237072,FC(F)(F)Cc1ccc(Br)cc1Cl,-1.8163786,0.91699773,2.8934102,0.9290747,-2.2748775,0.1439423056145784,1188507.7,152457.84372117426,2.158914863130997,0.7189265500541342
Z103749396,Z103749396,COc1ccc(CCN(C)C)cc1OC,-2.8146172,0.8135046,2.8933587,0.98932946,-3.2213695,0.0419145748550437,1330157.9,35273.3566759672,1.6057488786538237,0.7378997125446431
Z138656734,Z138656734,CC(C)CCN1CCN(CCO)CC1,-3.5802174,0.35782737,2.8932104,0.28740755,-3.759131,0.0145215543630928,1368189.0,12209.088119102098,1.8856545501891802,0.7054329034343676
Z2265709814,Z2265709814,COCC(COC)NCc1ncc(Br)s1,-2.6020474,0.38913316,2.8930118,0.39034897,-2.796614,0.0455662116901358,1325088.15,31372.150988217243,2.8856946572654536,0.8305764689305262
Z432769956,Z432769956,CCCN(CC)Cc1ccc(OC)c(OC)c1,-2.7120907,0.71592754,2.892524,0.4944039,-3.0700545,0.0512057118161846,1317258.55,59905.075724411705,1.7295474329043863,0.7275064371645223
Z1269177788,Z1269177788,Brc1ccc(Br)c2ncccc12,-1.5643158,0.9888711,2.892467,1.39581,-2.0587513,0.1891888572766233,1125689.65,239735.54605549737,2.090616222041323,0.7185645799149023
Z1623881007,Z1623881007,C#CCNc1nc(C(C)C)nc(N(C)C)n1,-2.2260032,0.28699702,2.8924298,0.39791998,-2.3695016,0.0678247920193034,1294185.45,41041.70856028657,2.882322715062106,0.7686334735876269
Z403318506,Z403318506,O=C(Cc1cccs1)NC1CCCCNC1=O,-3.1160443,1.105627,2.8924222,0.86831534,-3.6688578,0.050095401015594,1318800.05,89640.61395454351,2.694316277563683,0.8453146993470106
Z193289710,Z193289710,CONC(=O)c1ccc(OC)cc1OC,-4.00743,1.1189606,2.8923585,1.0449232,-4.5669103,0.0137405913494436,1369273.25,16672.8793430379,1.8469792726500707,0.7545518614808396
Z898572464,Z898572464,CNC(=O)COc1c(Br)cccc1Br,-2.9093966,0.8278442,2.892348,0.57860357,-3.3233187,0.0432264558648755,1328336.55,44072.54106524266,2.0749846342751344,0.9272756292868581
Z381174908,Z381174908,N#CCSCC(=O)Nc1ccc(C#N)cc1,-2.9836953,0.6084776,2.8922985,0.57890564,-3.287934,0.0368328591493498,1337213.1,51871.60372679835,2.156591552271408,0.8007678921301491
Z1414545133,Z1414545133,CC(=O)NCC1CCN(CCF)CC1,-3.2880883,0.91115254,2.8922331,0.78646326,-3.7436645,0.0297028126913241,1347112.1,37910.50823703106,2.218824964390363,0.7311866694077436
Z3185611994,Z3185611994,COc1cc(C=O)c(Br)cc1Cl,-2.9708624,0.38647103,2.8921638,0.61108243,-3.1640978,0.0299860265783123,1346718.9,28336.80824457829,2.1999074267924534,0.7534443697330542
Z2445897068,Z2445897068,COCc1nccn1CC(C)(C)O,-3.0041368,1.0412761,2.8920217,0.75365007,-3.5247748,0.0505027910829402,1318234.45,82595.99345638684,2.6241426071516827,0.7525619981397277
Z147280156,Z147280156,CCOc1ccc(C(N)C(C)C)cc1OCC,-2.6481955,0.83652794,2.8918927,0.35485992,-3.0664594,0.05895242554111,1306503.4,60278.694806208274,2.3935251711545646,0.8262995283540848
Z28173539,Z28173539,O=C(Nc1nccs1)c1ccc(Cl)s1,-2.746206,1.073231,2.8918638,1.24848,-3.2828217,0.0719484279900601,1288460.4,132842.8373279493,2.1630498164613687,0.8821133182257571
Z91153563,Z91153563,CN(Cc1ccsc1)C(=O)c1ccsc1,-1.7800281,0.4550397,2.891675,0.65785104,-2.0075479,0.116100875139554,1227161.35,64271.338040587725,2.3094923316840603,0.803042196179738
Z733975742,Z733975742,CC(C)N1CCC(N2CCNCC2)CC1,-3.4090562,0.4519966,2.8916676,0.42969686,-3.6350546,0.0178043360823999,1363631.35,15809.458802485931,2.2433656769434513,0.7275159596888887
Z1763150255,Z1763150255,CCN(CC)C(=O)CN(C)c1cccc(Br)c1C#N,-1.9985005,0.88553107,2.8915877,0.32865447,-2.441266,0.1216272913890589,1219488.75,129011.39021880006,2.541559350764336,0.8364263701314738
Z105905080,Z105905080,C#CCNC(=O)CN(C)Cc1ccc(Br)cc1,-2.5144076,1.0027282,2.891562,0.9636976,-3.0157719,0.0732709331220513,1286624.3,84195.78500798007,2.1328122446883473,0.8374780965954619
Z1272424166,Z1272424166,CC(CCO)Nc1cncc(Br)c1,-2.8734612,0.8799364,2.8914256,0.62963593,-3.3134294,0.0462816652861309,1324094.85,58569.6374670998,2.883588974774339,0.8525428395782731
Z510667112,Z510667112,CC(C)CCCNC(=O)N1CCCSCC1,-3.0975242,0.46677032,2.8913302,0.35857594,-3.3309093,0.026630892786401,1351377.0,26274.9127267818,2.2913700138098694,0.7709239359209885
Z1029463648,Z1029463648,COc1ccc(CNC2CCCSC2)cc1OC,-3.330544,0.5444606,2.8910236,0.5546154,-3.6027744,0.0204995138113588,1359889.5,17963.731228505952,2.549969680343226,0.8883058157170002
Z27645106,Z27645106,CCOc1cc(C(=O)NC(C)C)ccc1OC,-3.3967252,0.75355196,2.8909497,0.9256851,-3.7735012,0.0225081211510065,1357100.85,24669.023848289984,1.5728612306699876,0.853901865185979
Z1996663753,Z1996663753,CC[C@H](O)COc1c(F)cccc1OC,-3.403623,0.50195813,2.8908787,0.61708605,-3.654602,0.0189059315014226,1362101.95,15070.370355352918,2.4629247450703673,0.8141474858900338
Z31244869,Z31244869,c1cnc(NC2CCCCCC2)cn1,-2.8517883,1.2954512,2.8907306,1.1411251,-3.4995139,0.0630877300392552,1300762.15,72731.80920359056,2.068569596681149,0.7300815935339242
Z1795818216,Z1795818216,CNCc1cccc(Br)c1OCCS(C)(=O)=O.Cl,-3.72579,0.91342366,2.8907092,0.74477744,-4.182502,0.0153441135160442,1367047.0,13706.52434061969,2.41035421486262,0.8450423368578361
Z644525724,Z644525724,COCCN(CC(=O)N(C)C)Cc1csc(Br)c1,-1.9483593,0.45415524,2.89063,0.2010441,-2.175437,0.101716209889437,1247132.3,82742.46340489265,2.51108387183179,0.7645799638215938
Z1255395785,Z1255395785,COc1cc2ccccc2cc1OC,-2.8067558,1.3708147,2.8905134,1.7710809,-3.4921632,0.0880307559333021,1266132.5,168838.37197731444,1.4002098164613699,0.7210537401799791
Z3766261208,Z3766261208,COc1cc(OC)cc(N(C)C(=O)CCl)c1,-2.7110426,0.83936435,2.890493,0.48846948,-3.130725,0.0550924118558,1311862.45,60291.61912776517,2.1816590299100493,0.7586147986974856
Z5279815779,Z5279815779,Cl.Cl.NCc1ccnc(N2CCCCC2)c1,-4.8501053,1.9982564,2.8904145,0.8924134,-5.8492336,0.0117777217560414,1371998.4,16761.305937784204,2.227460818818816,0.891279838604034
Z1365849320,Z1365849320,CN(C)S(=O)(=O)N(C)Cc1sccc1Br,-1.7628142,0.8152809,2.8903499,0.4798861,-2.1704545,0.1490421723628767,1181427.3,160453.21202864713,2.7182254264962236,0.8495696529733954
Z2219401837,Z2219401837,CCCN(C)C(=O)c1sccc1F,-2.176807,0.59121615,2.8902044,0.5631495,-2.472415,0.0802206936291279,1276975.6,68562.52573046008,2.5141883214373966,0.7348413791862898
Z19854475,Z19854475,NC(=O)CSCc1ccc(Br)cc1,-2.451683,0.6976061,2.8901591,0.57470304,-2.800486,0.0610303957935679,1303618.45,47030.156648128446,1.895489750008828,0.90105996966071
Z51851902,Z51851902,CCN(CC)C(=O)c1ccc(SC)cc1,-2.8629827,0.9075715,2.8901062,1.1139649,-3.3167684,0.0510056181798537,1317536.35,79326.54295207563,1.7943773964774614,0.7315042962692808
Z2234216488,Z2234216488,CC(=O)Nc1c(Br)c(C)nn1C,-2.0615535,0.6392873,2.8899581,0.7137034,-2.3811972,0.093790254618792,1258136.3,74523.38251455042,2.492367367859451,0.7959707458782852
Z1321378687,Z1321378687,COc1cc(NC(=O)N2CCCC2)ccc1Br,-2.9316912,0.8759587,2.889486,0.8520482,-3.3696704,0.0446703641012713,1326331.9,65226.891434361634,1.8067473510713263,0.9114947740240199
Z5018086834,Z5018086834,COc1cc(Br)c(C)cc1S(=O)(=O)F,-2.6933825,0.5804301,2.8894498,0.7422881,-2.9835975,0.0443275470882701,1326807.85,37896.98128911457,2.4042921241536774,0.7828226198885595
Z1278860406,Z1278860406,CCc1nsc(N2CCCN(CCS(C)(=O)=O)CC2)n1,-2.3982172,1.1593448,2.8894484,0.86103225,-2.9778895,0.1045936183239096,1243137.45,167775.41201960284,2.538483652534296,0.794343925545193
Z27705947,Z27705947,COCCNC(=O)c1cc(Br)c(Br)s1,-2.732481,0.51520324,2.8891385,0.6134232,-2.9900827,0.043004789858465,1328644.3,47055.82258137669,2.313149411603069,0.8541161963577734
Z339627832,Z339627832,CSc1ccc(NC(=O)N2CCCC2)cc1,-3.1829908,0.88857013,2.8891354,0.99684113,-3.627276,0.0341144163935607,1340987.25,51549.449140485485,1.7497782412346208,0.8004411172900538
Z343573028,Z343573028,COCC(=O)NCC(c1ccsc1)N(C)C,-2.2508717,0.8109783,2.8890436,0.52986795,-2.6563609,0.0867454172218821,1267917.0,99412.56523196652,2.7277851127012553,0.8123553590321028
Z3300732099,Z3300732099,Cc1cscc1NC(=O)CCl,-2.6083388,0.9200639,2.8890107,1.0433878,-3.0683708,0.061929880793748,1302369.65,72699.92473398786,2.732698797835692,0.7108010163025033
Z406559072,Z406559072,CSC(C)C(=O)NCCc1cccs1,-2.0796332,1.232872,2.8889537,0.9785915,-2.6960692,0.1495673281233118,1180698.2,243151.9579194459,2.640510283830432,0.8380579338021531
Z240591114,Z240591114,COC(=O)CCCN(C)C(=O)c1ccoc1,-2.7252407,0.5634507,2.8886836,0.49143323,-3.006966,0.0446447581661685,1326367.45,54715.63758147665,2.2761072166070733,0.7086381137153284
Z1272491361,Z1272491361,CS(=O)(=O)CCOCCNc1cncc(Br)c1,-2.780521,0.9341884,2.8886395,0.7791328,-3.247615,0.0502701048006626,1318557.5,53153.17901076096,2.4691205916605234,0.7666326952344671
Z8630719524,Z8630719524,Cl.NCc1ccc(OS(=O)(=O)F)cc1,-4.732511,1.7976581,2.8883789,1.5584257,-5.63134,0.0112096373392875,1372787.1,16627.242696550744,2.4769152010767534,0.8066423034714129
Z343525938,Z343525938,COCC(=O)Nc1ccc(F)cc1OC,-3.4996586,1.320439,2.888372,1.1209662,-4.1598783,0.0351467929556668,1339553.95,60602.70228915127,1.6507894039821558,0.8223382878018072
Z1723849125,Z1723849125,CN1CCc2cc(CN)ccc21.Cl.Cl,-5.2532473,2.6730304,2.8882833,0.7231153,-6.5897627,0.0105632945582886,1373684.45,16836.169325220628,2.3575075087690607,0.8059805084201114
Z1873328852,Z1873328852,CC#CC(=O)NC(C)c1ccc(OC)c(OC)c1,-3.060855,0.677823,2.888146,0.3488862,-3.3997664,0.0351757481902977,1339513.75,47153.427430967306,2.727877052641258,0.826640365432877
Z728929672,Z728929672,COc1cccc(CNCCCS(C)(=O)=O)c1OC,-3.145771,0.43599105,2.888109,0.57451147,-3.3637667,0.0246301725069326,1354154.7,21451.51541756433,2.020570245299666,0.7285382869123586
Z363124156,Z363124156,COCCSCC(=O)Nc1cc(OC)cc(OC)c1,-3.1599243,0.50133145,2.8881075,0.44477254,-3.41059,0.0258951633233694,1352398.45,22513.29836446673,1.9939656343808299,0.7405848266983944
Z4263355145,Z4263355145,COC(=O)COc1ccc(C(C)N)cc1OC.Cl,-4.535679,1.4365543,2.8878572,0.7281931,-5.253956,0.0108019231461807,1373353.15,16835.29956750102,2.413827825880176,0.8282234616029746
Z1939448189,Z1939448189,COc1c(F)cc(Br)cc1C(=O)O,-4.4125323,0.7021694,2.8877163,1.0823044,-4.763617,0.0062612453632009,1379657.2,6205.858551401248,2.0304795690133517,0.8740751974533906
Z3300752929,Z3300752929,O=C(CCl)Nc1ccsc1Cl,-2.5633905,0.70541066,2.8875954,0.7757376,-2.9160957,0.0548752836100407,1312163.9,42926.32692637469,2.59384033629723,0.7464418826309557
Z1925930213,Z1925930213,COC(=O)Nc1cnccc1C.Cl,-4.318042,1.6054883,2.8873718,0.7591754,-5.1207857,0.0116763064068858,1372139.2,11918.22776087116,2.11145513462421,0.7579258398324572
Z1354406399,Z1354406399,OCCCCCCN1CCCN(c2ncccn2)CC1,-2.881267,1.0675585,2.8872209,0.70657927,-3.4150462,0.0550660496272553,1311899.05,76713.8499773509,2.066742131766926,0.7668336853585943
Z4622649970,Z4622649970,Cl.Cl.NCc1cccc(N2CCOCC2)n1,-5.46297,2.279912,2.8871992,0.767512,-6.602926,0.007650700471783,1377728.15,14611.247350158028,2.3810082249011035,0.8740921235883984
Z1042087880,Z1042087880,CCN(CC)C(=O)CN(C)c1ccc(C#N)c(Cl)c1,-2.0739102,1.0050797,2.8871865,0.33555573,-2.57645,0.1197510714157091,1222093.6,122894.9655858205,2.337206409587866,0.8320013938523331
Z1198330390,Z1198330390,COc1cc(C#N)ccc1C(=O)O,-4.5076056,0.9989067,2.8870707,1.1256031,-5.007059,0.0061888212626498,1379757.75,5309.620587904564,1.7950349148439901,0.7378127417830408
Z167436408,Z167436408,CC(C)C(=O)N(C)C(C)c1cccs1,-1.8982979,0.59517133,2.8870442,0.76134694,-2.1958835,0.1084602585803291,1237769.2,72158.16382406082,2.7433350079628482,0.7524780381340233
Z425807944,Z425807944,COc1ccc(C)cc1NC1CCSCC1,-3.0663743,0.8497931,2.886973,0.88407874,-3.4912708,0.0346440739006734,1340251.9,37049.962316984886,2.175213358291476,0.8711644123384251
Z90515126,Z90515126,c1coc(CNCCN2CCOCC2)c1,-3.8313088,0.9069452,2.8867946,0.7640128,-4.2847815,0.0132854467533403,1369905.15,15057.859310921323,2.028394657265455,0.7260107580198817
Z52301391,Z52301391,CCOc1ccc(NC(=O)C(C)(C)C)cc1OC,-3.2500877,0.4411209,2.886633,0.6893083,-3.4706483,0.0208287175424064,1359432.45,14980.022521595218,1.7309885029149932,0.8941787620802325
Z1238628671,Z1238628671,CC(C)(CC(=O)O)NC(=O)OC(C)(C)C,-3.1951783,0.8968654,2.8864505,0.75052387,-3.643611,0.0327434364533439,1342890.65,38530.64468481549,2.2495243869951853,0.754921622922543
Z2444673109,Z2444673109,CCCOc1ccc(Br)cc1CN1CCNCC1,-2.7614207,0.6587328,2.8857722,0.43613312,-3.0907872,0.0470910073108366,1322971.2,50483.53850672514,2.0492139467019737,0.9043379410272664
Z2000190068,Z2000190068,CCN(CCOCCO)c1ccc(C#N)nc1,-3.010285,0.5711686,2.885676,0.4803446,-3.295869,0.0293674865847949,1347577.65,18625.05034160982,2.629243504917479,0.7074623104611693
Z1262514170,Z1262514170,COc1ccc(C)c(OC)c1C(=O)O,-4.047796,0.5293454,2.8856444,0.7138039,-4.3124685,0.0091016674469694,1375713.7,9207.320468518516,1.91769222810378,0.7990773469984801
Z1313483211,Z1313483211,CC(C)(N)CCC(=O)OC(C)(C)C.Cl,-3.7066185,1.2676764,2.8856323,0.73483133,-4.340457,0.0201272733820722,1360406.3,20356.58066596647,2.4411812849928385,0.7472589622601801
Z169329148,Z169329148,C=C(Cl)CN1CCN(CC(C)C)CC1,-3.0551903,0.83398587,2.8856254,0.7459592,-3.4721832,0.0420842366838332,1329922.35,76788.73542797472,2.255352650469465,0.709708517853516
Z1491211148,Z1491211148,CN(C)S(=O)(=O)N1CCC(N)CC1.Cl,-4.4430256,1.3234278,2.88561,0.63820076,-5.1047397,0.0105912053876904,1373645.7,15576.44650778861,2.516811135142687,0.7203432906068101
Z1741967271,Z1741967271,Cl.Cl.Fc1cccc(Cl)c1CN1CCCNCC1,-4.6643167,1.5672944,2.8854837,1.0580788,-5.4479637,0.0089584758886448,1375912.5,12593.414908197065,2.2452519644534537,0.9018993977594355
Z2013408234,Z2013408234,C#CCOc1cc(CNC(=O)C#CC)ccc1OC,-3.3048751,0.7603981,2.8854213,0.8027378,-3.685074,0.0257677098714301,1352575.4,30460.641825805316,2.604761280244402,0.8098868552918446
Z1650069666,Z1650069666,CNc1cc(Cl)nc(COC)n1,-2.8653998,1.6451178,2.8852117,1.3667479,-3.6879587,0.126695537868693,1212452.25,280426.4638570823,2.5577821208483957,0.7255089616189643
Z91837534,Z91837534,O=C(O)CSCc1cc(Cl)c2c(c1)OCCCO2,-3.5591805,0.6978271,2.8851113,0.36964956,-3.908094,0.016336154427918,1365669.7,13934.537208318045,2.40535117259825,0.9231307884778815
Z3224147572,Z3224147572,Br.COc1cc(Br)c(CCN)cc1OC,-3.2394676,1.2602205,2.884818,0.89630204,-3.869578,0.0453202002376922,1325429.7,77271.41275212975,2.1129958406974083,0.9156175223078926
Z431563776,Z431563776,CCn1cc(NC(=O)OCC(F)(F)F)cn1,-2.8827767,0.81411743,2.884442,0.6385736,-3.2898355,0.0446620088594374,1326343.5,64020.97334038276,2.3733767401068295,0.8743628828444888
Z437336772,Z437336772,COc1ncccc1NC(=O)C(C)SC,-3.0319085,0.66481787,2.8842084,0.87062,-3.3643174,0.0319150070227247,1344040.8,27466.14565169274,2.578155139066615,0.8499047454663317
Z2856393342,Z2856393342,C=CC(=O)NCCn1ccnc1CC,-2.1055198,0.8975795,2.8838809,0.8355134,-2.5543096,0.1107074945078691,1234649.25,136027.0416001447,2.4961598756329657,0.7012717054247803
Z1259108364,Z1259108364,Cc1ccc(Br)cc1C(=O)N(C)C,-2.9510212,0.83502334,2.8837917,0.92108595,-3.368533,0.0416518529189325,1330522.65,57096.4680459965,1.7586877138097314,0.7402626371639941
Z432806494,Z432806494,CCCN(C)Cc1ccc(OC)c(OC)c1,-3.2406056,0.60087776,2.8836124,0.7947255,-3.5410445,0.0259599884755284,1352308.45,29413.671607732005,1.6891687550686125,0.739470457119781
Z1939446978,Z1939446978,COc1cc(Br)c(C(=O)O)cc1F,-4.4442563,0.765567,2.8836033,0.9783058,-4.8270397,0.0056688875283609,1380479.6,3663.862366410616,1.9353279853029424,0.8740751974533906
Z28173650,Z28173650,Cc1ccc(C(=O)Nc2nccs2)s1,-3.1406562,1.002747,2.883444,1.1539258,-3.6420298,0.0429509489681996,1328719.05,77722.82685059455,2.1414463549229072,0.851872244960174
Z1695797815,Z1695797815,CC(C)CCOCC1CCNCC1.Cl,-4.648985,1.3783623,2.8833158,0.84004366,-5.338166,0.0094302229264954,1375257.55,16060.330206676948,2.4271542699026636,0.7207231394465551
Z3847414831,Z3847414831,CNCc1ccccc1C(C)(C)C.Cl,-3.7751858,1.3225197,2.8829541,0.7738205,-4.4364457,0.0191393020491951,1361777.95,19047.722544900214,2.0208228933844463,0.7963034173728551
Z90499230,Z90499230,CCN(CC)CCNC1CCCCCCC1,-3.054894,0.94341,2.8829145,0.8623108,-3.526599,0.0409420535167643,1331508.1,58687.041793653225,1.9737006492613745,0.748719242926044
Z641812566,Z641812566,COCCCN1CCCC1c1cccs1,-2.155433,0.76362276,2.8829002,0.6341606,-2.5372443,0.0900889545143516,1263275.0,77758.07686086379,2.602640035877121,0.7144173284080014
Z3337548710,Z3337548710,COc1ccc2c(c1)OCCN2C(=O)C(C)Cl,-3.0577607,0.61792064,2.8828597,0.5192629,-3.3667212,0.031310116325134,1344880.6,32804.91439921769,2.7239490308286545,0.7595311970761657
Z1783981506,Z1783981506,COC1(CNCCC(C)(C)C)CCOCC1,-3.0846956,0.46877405,2.882813,0.44049916,-3.3190825,0.0282749666870746,1349094.45,25171.36318015971,2.908719104718962,0.7332083676948314
Z337934946,Z337934946,COCC(=O)NCc1cc(OC)cc(OC)c1,-3.4879062,0.9759728,2.8826985,0.8840808,-3.9758925,0.0252072604170418,1353353.5,39669.10246463864,1.7791932594182978,0.8032037270906778
Z227266956,Z227266956,Nc1ccccc1OCC(F)(F)F,-3.2775512,1.1094297,2.8826962,1.2280204,-3.832266,0.0334997659091726,1341840.6,44093.82413263789,1.92171535440443,0.7271062521804685
Z2940715369,Z2940715369,COC(=O)c1ccc2c(c1)OCCNC2.Cl,-4.7188454,1.5849184,2.8825657,0.86412174,-5.5113044,0.0099730615478806,1374503.9,15777.169191271292,2.3486107131105705,0.7573828435536829
Z369939938,Z369939938,CNC(=O)Nc1ccc(OC)c(OCCOC)c1,-3.7274978,0.5858734,2.8824897,0.99487954,-4.0204344,0.0138210465660676,1369161.55,15287.017748648686,1.8114849644534523,0.7542627143611597
Z4457865489,Z4457865489,Cl.NCc1ccc(SCCO)cc1,-4.8406305,1.8644646,2.8823955,0.7340859,-5.772863,0.0102769114416393,1374082.05,15888.563728276386,2.1614318379209134,0.7575703521717688
Z1562154337,Z1562154337,COc1ccc2c(c1)N(C(=O)CCl)CCO2,-2.9800599,0.7009985,2.882371,0.75474805,-3.330559,0.0368952353513163,1337126.5,47617.36035785688,2.2148130907329477,0.7395623377678446
Z5774179697,Z5774179697,COc1ccc(CNCC(C)O)cc1.Cl,-5.160758,2.162289,2.8822749,0.8825508,-6.2419024,0.0091193863218927,1375689.1,17515.071755205572,2.219461574338661,0.808872592355326
Z403698722,Z403698722,CC(Cn1cccn1)NC(=O)CC(F)(F)F,-2.0635567,0.84837127,2.8822474,0.83845615,-2.4877424,0.1093083516404365,1236591.75,127447.44568914476,2.9172436750691215,0.8555957847676758
Z445129472,Z445129472,Cl.NCCOc1ccc(C(F)(F)F)cc1,-4.7874784,1.9171413,2.8821824,0.79231304,-5.746049,0.0104207872654589,1373882.3,17760.96919399389,1.9084987992772913,0.8824051951284965
Z1119762205,Z1119762205,FC(F)(F)Cn1ccnc1CN1CCSCC1,-2.328916,0.53115356,2.882112,0.5745459,-2.594493,0.0646239060755573,1298629.4,43148.170289596295,2.704973312609786,0.8337558241689582
Z449374976,Z449374976,COc1ccc(C=O)c(Br)c1OC,-3.231732,0.6546159,2.8819442,0.8025484,-3.5590398,0.0248975402456153,1353783.5,21271.61201108181,2.219071398360473,0.7660682846180933
Z44300066,Z44300066,COc1ccc(Br)cc1C=C(C#N)C#N,-2.1775444,0.77667165,2.881869,0.2526374,-2.5658803,0.0946422732020024,1256953.4,102564.87592416813,2.4619612613930357,0.7706006268809984
Z1517189482,Z1517189482,COCC(C)(C)C(=O)N1CCCN(CC(=O)N(C)C)CC1,-2.9548965,0.40676022,2.8816898,0.5332425,-3.1582766,0.0307780818957755,1345619.25,30082.799562000542,2.449526312739861,0.731686552659717
Z1123707974,Z1123707974,Cl.O=C1NCCCCC1NCc1ccc(F)c(Br)c1,-3.7893791,0.9861999,2.8816502,0.7408309,-4.2824793,0.0156937731839953,1366561.55,16735.305998024058,2.806902902017841,0.8790381324964737
Z1255439013,Z1255439013,COc1cc(O)cc(OC)c1C=O,-3.7795768,0.67041427,2.8814964,0.48908523,-4.114784,0.0157404112795764,1366496.8,21431.70380907687,2.2165276620967393,0.7139059911063813
Z203975932,Z203975932,COc1ccc(Cl)cc1Cn1ccnc1,-1.9658215,0.89308655,2.8814886,1.0742998,-2.4123647,0.1231799258112148,1217333.15,147015.99877947808,1.9624400955481036,0.7983869328664965
Z852768298,Z852768298,NC(=O)COc1c(Br)cccc1Br,-2.6819148,0.74816823,2.8810601,0.41333658,-3.0559988,0.0532660352216659,1314398.1,52569.91411529984,2.077342167591244,0.9292002072502783
Z54737350,Z54737350,CCC(C)(C)NC(=O)Cn1cncn1,-2.2305362,0.7798097,2.881026,0.7388493,-2.620441,0.0872050275506897,1267278.9,86416.62120269457,2.437345767878373,0.7660407078042052
Z1450063895,Z1450063895,COCCN(CC(C)C)C(=O)[C@H](C)N.Cl,-3.6191158,1.1021786,2.8810184,0.7131158,-4.170205,0.0194380019447545,1361363.25,20275.974975016616,2.875748871635958,0.7478362259967661
Z1437068749,Z1437068749,COc1cc(NCCCS(C)(=O)=O)ccc1Br,-2.820395,0.5312138,2.8810172,0.579584,-3.0860019,0.0374536320092195,1336351.25,31207.013897319623,2.103241163780355,0.8167660335352965
Z552062596,Z552062596,CC(Cn1ccnc1)NC(=O)N(C)Cc1ccco1,-2.2124314,0.40984294,2.8810143,0.5379523,-2.417353,0.0691812583282314,1292302.2,30055.08940529041,2.8865417580336192,0.8917663297402592
Z56998594,Z56998594,COc1ccc(C(N)=S)cc1OC,-3.2380767,0.99216634,2.8809745,0.9035643,-3.73416,0.0331121475132351,1342378.75,46367.45273128016,1.6386089807780557,0.7425610433793052
Z2442099476,Z2442099476,CCC1NCCc2c1ccc(OC)c2OC.Cl,-3.0959277,0.87925106,2.8808002,0.7135669,-3.5355532,0.0329548024633558,1342597.2,37657.859138033855,2.9917602882114203,0.9033065789388359
Z422397824,Z422397824,Cc1ncsc1C(=O)NC(C)(C)C,-2.1722453,0.69857264,2.8806357,0.78235245,-2.5215316,0.0846896675910252,1270771.1,65659.5060672101,2.3840940486513595,0.7493752447157307
Z135505592,Z135505592,CNC(=O)c1ccc(C)c(OC)c1,-3.553767,1.0593555,2.8805494,0.8667053,-4.0834446,0.0224626715165484,1357163.95,27101.44586083001,1.5303716181406948,0.744086739322665
Z2677964710,Z2677964710,CC(N)c1cc(F)c(Br)cc1F.Cl,-4.255105,1.454145,2.8804233,1.0855525,-4.9821777,0.013604242446069,1369462.55,18133.469476288865,2.9990437824666465,0.7808927032267188
Z103703790,Z103703790,COc1cc(CN2CCN(C)CC2)ccc1OC(F)F,-3.2490323,0.34417462,2.8803113,0.3656168,-3.4211197,0.0201450282709692,1360381.65,12554.450709907622,1.9173921690178126,0.8268324133325926
Z594275248,Z594275248,FC(F)(F)c1cc(Br)ccc1N1CCNCC1,-2.753306,0.62651455,2.8801076,0.5598329,-3.0665631,0.0436828249360752,1327702.95,41579.1014254457,2.2184462872415374,0.8580113180019412
Z885349960,Z885349960,COCCCN(C)C(=O)Nc1c(C)cc(Br)cc1OC,-2.901278,0.6188496,2.8800807,0.41441312,-3.210703,0.0390390391471892,1334150.15,42878.42128189306,2.2769568210324636,0.8054339509267061
Z8606939732,Z8606939732,Cc1cc(Cl)nc(CN)n1.Cl.Cl,-5.1296334,3.579199,2.879766,1.2802631,-6.919233,0.0850510318003385,1270269.4,272799.7923416365,2.884139439391923,0.7478991643404603
Z1272555812,Z1272555812,C=CCN(CCO)c1ncc(Br)cn1,-2.2084024,0.43079245,2.8797438,0.33893105,-2.4237986,0.074409766989592,1285043.2,55700.15745094443,2.856195378591547,0.8067049977323334
Z2002256276,Z2002256276,COCC1CCCCN(CCN2CCOC(C)C2)C1,-3.867616,0.8407232,2.8796883,0.5121047,-4.2879777,0.0140367702668635,1368862.05,18256.803196274534,2.995228023486007,0.7548889981835805
Z281904918,Z281904918,O=C1NCCCCC1NC1CCCCCC1,-3.3070858,1.1725802,2.879388,0.9590847,-3.8933759,0.0376398242518096,1336092.75,59594.20155591901,2.6632083384117173,0.7040875776547382
Z2685738395,Z2685738395,COCC(C)Oc1cccc(F)c1Br,-3.056047,0.32220113,2.8793614,0.5156049,-3.2171476,0.0259643461663126,1352302.4,18125.839719582647,2.739699850943481,0.8308900019498028
Z94602016,Z94602016,CCOc1cc(Br)c(CC(=O)O)cc1OCC,-3.1081395,0.4264701,2.879224,0.3299814,-3.3213747,0.0266302085209061,1351377.95,24704.36931491068,1.9885859798338679,0.8777060808644864
Z1269109260,Z1269109260,Nc1c(Br)cc(C(=O)O)cc1Br,-4.3287935,0.7228374,2.879026,1.1388291,-4.6902122,0.0069728814780134,1378669.2,6193.158310587579,2.1907132735666472,0.7823470052510095
Z1470721140,Z1470721140,CCOCCOc1ccc(Br)cc1CN1CCN(C)CC1,-3.0875943,0.39054474,2.8788686,0.20155232,-3.2828667,0.0270794468253682,1350754.25,28471.95302903368,2.0308105435090926,0.7007638437627874
Z2189284365,Z2189284365,COCc1ncc(CN)c(N)n1.Cl.Cl,-5.091943,1.8777094,2.8787103,0.8067233,-6.0307975,0.0083203082796124,1376798.5,14944.073459067313,2.874714431845984,0.8044300375804299
Z326178896,Z326178896,CC(C)CCN1CCC(CN)CC1,-3.128667,0.6759875,2.8786597,0.6513772,-3.466661,0.0284824792019302,1348806.35,25424.66709177329,2.0251589807780572,0.7203759230106663
Z364431258,Z364431258,CC(C)(C)C(=O)NCCc1ccsc1,-2.0849946,1.296984,2.8786242,0.7309912,-2.7334867,0.1586560305398495,1168079.9,271062.6933572564,2.165429168688089,0.8172289298192125
Z2065740287,Z2065740287,CS(=O)(=O)CCSc1cc(Br)c(C#N)cc1F,-2.1395142,0.50255626,2.8786213,0.43070355,-2.3907924,0.0830177548888968,1273092.3,82307.89957415995,2.799005043379019,0.7921193318354276
Z854195594,Z854195594,CCCN1CCN(CC(O)C(C)(C)C)CC1,-3.2991233,0.46453682,2.878264,0.5549335,-3.5313916,0.0222581121475132,1357447.95,20549.9294097936,2.593491617824041,0.78819116538303
Z319914348,Z319914348,CCOC(=O)NC1CCN(S(C)(=O)=O)CC1,-3.620377,0.5075246,2.878242,0.6604684,-3.8741393,0.0144623473907876,1368271.2,15501.199191030351,2.0643885469046825,0.7736812916577326
Z561470884,Z561470884,O=C(CCl)NCCc1ccsc1,-1.9883788,1.3114734,2.8778274,1.0259218,-2.6441154,0.1715298735909532,1150206.5,293827.27610681416,2.197614412086569,0.7412719835952983
Z56757210,Z56757210,COc1ccc(NC(C)=S)cc1OC,-3.626046,0.69657886,2.877825,0.90724057,-3.9743354,0.0171095905211222,1364595.9,23018.102430261275,1.8407222860969945,0.7779399850293622
Z435817702,Z435817702,O=C(NCCSC(F)(F)F)c1ccco1,-3.065692,0.32563144,2.8777306,0.74265367,-3.2285078,0.0259853423128173,1352273.25,21002.909921901297,2.4170997229314963,0.8193400880032053
Z1500865508,Z1500865508,CC=CC(=O)Nc1cnc(N(C)C)nc1,-3.0022254,0.53341746,2.8776991,0.49443695,-3.2689342,0.0293338855475924,1347624.3,16981.357148649808,2.5626835878470686,0.7510910371552528
Z361993896,Z361993896,Cl.Cl.NCCNc1ccc(C(F)(F)F)cn1,-4.6829433,2.345969,2.8776708,0.8552459,-5.855928,0.0149634098030034,1367575.55,20145.243261065378,2.4608750138098703,0.8916674441223347
Z90521938,Z90521938,c1cc(CNC2CCCCCC2)cs1,-2.7586443,1.1893303,2.8775744,1.0213164,-3.3533096,0.0692767673857456,1292169.6,112339.57760353205,2.0086652010767523,0.7505510748075062
Z1602478270,Z1602478270,Fc1ccc(NCc2cscn2)cc1Br,-1.9687126,0.43522847,2.8775432,0.6402912,-2.1863267,0.0958488493535492,1255278.25,73326.69034592724,2.3226622780167965,0.9315579080523074
Z19630959,Z19630959,CCOC(=O)NC(=O)CSC1=NCCS1,-3.0198755,0.35805413,2.877352,0.31884956,-3.1989026,0.026943890229409,1350942.45,17261.4583754531,2.6959957561665533,0.809592818586892
Z641573580,Z641573580,COCCCN1CCCN(Cc2ccc(C#N)cc2)CC1,-2.87781,0.7880766,2.8771598,0.70791274,-3.2718482,0.0417158857636763,1330433.75,45633.0406677826,1.9102960794485622,0.7512726802213573
Z2212095592,Z2212095592,CNC(=O)c1cc(Cl)cc(OC)c1,-3.3954208,1.3660111,2.8769913,1.054935,-4.0784264,0.0428753556379875,1328824.0,80281.19691060914,1.7129193104483882,0.7877197275814647
Z440633888,Z440633888,C=CC(=O)Nc1cc(OC)c(Cl)cc1OC,-3.0899892,0.5023304,2.8769913,0.6257925,-3.3411543,0.0258448518024992,1352468.3,17233.90917087589,2.007844718639925,0.8242229353963956
Z3405281043,Z3405281043,C=CC(=O)Nc1cn(C)nc1OC(C)C,-2.8464198,0.31253037,2.8766878,0.48777464,-3.002685,0.0331675009903843,1342301.9,23079.51464805965,2.7892688880346856,0.7610022103806835
Z409562690,Z409562690,Cc1cccc(NC(=O)N2CCCCCC2)c1C,-3.0363479,1.1103017,2.876687,1.1514597,-3.5914989,0.0522976554903301,1315742.55,86849.92806472266,1.6912968739557162,0.8045561466546229
Z1258977017,Z1258977017,CC(C)(C)OC(=O)Nc1cnco1,-3.210729,1.0886831,2.876618,0.905556,-3.7550704,0.0352013541254007,1339478.2,45559.041645539466,2.741443266492343,0.7246928867781542
Z409972480,Z409972480,COCC(C)NC(=O)Nc1cc(OC)ccc1OC,-3.545421,0.9156252,2.876617,0.40413418,-4.0032334,0.0225667879137105,1357019.4,23552.65829879931,2.276573907934999,0.8259672960227198
Z1449837083,Z1449837083,CCCC(N)C(=O)NC(C)c1cccs1.Cl,-3.354136,1.0084788,2.8765364,0.6419984,-3.8583753,0.0244555767637842,1354397.1,21899.39122875337,2.928558124740393,0.8566157318345755
Z1791180105,Z1791180105,COCCCC(=O)Nc1cnns1,-2.7172897,0.69655144,2.876476,0.70329344,-3.0655653,0.0441339719811285,1327076.6,31491.191892972227,2.7738551346242097,0.7188542985304945
Z4309474435,Z4309474435,CC(C)(CO)CN1CCC(N)CC1.Cl.Cl,-5.3019757,1.8919923,2.8761392,0.7475366,-6.247972,0.0074543162747146,1378000.8,13705.274574411123,2.7701547404255393,0.8021679693447612
Z28880824,Z28880824,CC(NC(=O)Cc1cccs1)c1cccs1,-2.0577958,0.5538154,2.8760056,0.7304285,-2.3347034,0.0900144416033421,1263378.45,67335.20494991829,2.5076980345620044,0.8877946217144811
Z1642294854,Z1642294854,CNC(=O)c1cn(C)cc1C(F)(F)F,-2.6227922,0.912126,2.8759532,0.7836905,-3.0788553,0.0613596715525623,1303161.3,75160.55013975085,2.618984431845984,0.7400117125885247
Z104592160,Z104592160,CNC(=O)CNc1cccc(OC)c1,-3.9257874,0.7459911,2.8759513,0.8294405,-4.298783,0.0105948067850326,1373640.7,8659.76070165914,1.686898337171428,0.7468325286009796
Z1083217760,Z1083217760,COc1ccnc(N2CCNCC2)c1,-3.0844674,0.5464355,2.875796,0.5261217,-3.357685,0.0272192890841646,1350560.1,19589.836139947674,2.1042576963863215,0.7418769141938218
Z1324029278,Z1324029278,CN(C)CCN(C)c1cncc(Br)c1,-2.4413917,0.45950007,2.8757496,0.56409425,-2.6711416,0.0581939352468757,1307556.45,50265.84833410752,2.449861962210358,0.8211021299854787
Z332686424,Z332686424,C#CCNC(=O)c1csc(Br)c1,-2.652008,0.63120985,2.8757102,0.78906304,-2.967613,0.0491374293225771,1320130.05,51125.23232169708,2.6706282746945504,0.7904093222434626
Z127796502,Z127796502,CCNC(=O)CNc1nccc(OC)n1,-3.1080744,0.39908966,2.8756237,0.64198196,-3.3076193,0.0247332444988654,1354011.6,18137.582014700856,2.223967184737983,0.7168795253996236
Z8768604847,Z8768604847,Cc1cc(OCc2cncn2C)ccc1C#N.O=C(O)C(F)(F)F,-3.420299,0.9326851,2.8755846,0.66828233,-3.8866415,0.0275498613462024,1350101.15,46350.38930286886,2.5482613754185905,0.9273067560690069
Z1863617790,Z1863617790,CC(=O)Cn1cc(Br)ccc1=O.Cl,-3.761025,1.3227447,2.875455,0.961366,-4.422397,0.0178955234631036,1363504.75,16809.428166582587,2.4133935961626722,0.8158772360634121
Z3244928776,Z3244928776,Cl.Cl.NC1CCCN(c2cnccn2)C1,-4.7952547,1.7567786,2.8753495,0.8734557,-5.673644,0.0109410091115352,1373160.05,17545.43929479966,2.997913112800198,0.8156396751748847
Z1505846425,Z1505846425,COC(C)(C)CNC(=O)N(C)CCc1nccs1,-1.8202093,1.0006318,2.8752096,0.90905625,-2.3205252,0.1539208773003926,1174653.95,213647.34564896312,2.809525002130062,0.8573688229564903
Z368958770,Z368958770,COCCN(C)Cc1ccc(C#N)cc1,-2.9060545,0.74482375,2.8751137,0.5388707,-3.2784665,0.0368424748802534,1337199.75,29711.99970866148,1.885830921001718,0.7311541631561475
Z4310907149,Z4310907149,CC(C)OC(=O)NC1CCCNC1.Cl,-4.5145364,1.5383818,2.8750691,0.7247962,-5.283727,0.0119822811250766,1371714.4,17887.722119934668,2.9053761722040132,0.7406372863600584
Z1570070694,Z1570070694,CCS(=O)(=O)N1CCN(C2CCN(C)CC2)C(C)C1,-2.8985887,0.53051287,2.8747945,0.32347053,-3.163845,0.036891705981921,1337131.4,42146.02071773799,2.964000831011923,0.7559586163251739
Z1258919458,Z1258919458,COc1cc(Cl)c(Br)cc1C(=O)O,-3.9481697,0.78309387,2.8747928,0.8636613,-4.3397164,0.0114558288615982,1372445.3,11804.435632845816,1.9621528721807735,0.8942115825810274
Z140600948,Z140600948,COC(=O)CN(C)Cc1ccc(OC)c(OC)c1,-3.3591511,0.65700877,2.8747442,0.6158465,-3.6876554,0.0238533150862534,1355233.25,29597.46464289636,1.7818917211253513,0.7153208961952237
Z2750715454,Z2750715454,COc1cc(NC(=O)CCl)nc(OC)n1,-3.4268112,0.5552073,2.874605,0.4177297,-3.7044148,0.0186401483775705,1362470.95,16482.618789121465,2.4349409987288695,0.7714431412493598
Z18213058,Z18213058,NC(=O)CSc1ccc2c(c1)OCCCO2,-3.643895,0.5178402,2.8745923,0.45477536,-3.902815,0.0134366334137645,1369695.25,9675.80498912106,2.1799421208332834,0.8103902277066923
Z276376528,Z276376528,CC(Cc1cccs1)NC(=O)C(C)C,-2.2028468,1.1119212,2.8745666,0.85418683,-2.7588074,0.1156487557172182,1227789.05,161103.3947607793,2.525973535154007,0.814051697669734
Z1513956792,Z1513956792,N#Cc1ccc(SCCN2CCOCC2)c(Cl)c1,-2.426967,0.50242186,2.8744252,0.59678113,-2.6781778,0.0588329311772967,1306669.3,45250.28725555231,2.2870882070570033,0.7956979781716468
Z1269190597,Z1269190597,COC(CNc1ncc(Br)cn1)OC,-3.0137973,1.0197496,2.8743615,0.5441305,-3.523672,0.0460265422984117,1324449.05,63624.96761529628,2.6112285146862213,0.8096554745570673
Z1689350672,Z1689350672,OCCOCCOc1cc(Br)ccc1C(F)(F)F,-3.2719026,0.5588128,2.8743534,0.74778706,-3.5513089,0.0222152915331149,1357507.4,20770.030783318543,2.2305975296025906,0.8159784802661892
Z1317595240,Z1317595240,CC(C)c1nsc(N2CCOCC2)n1,-2.5307412,1.0352706,2.874338,0.56921464,-3.0483766,0.0829667230885584,1273163.15,133756.81004205917,2.5131567395382923,0.7459115074563648
Z2212094371,Z2212094371,CNC(=O)c1ccc(OC)c(Cl)c1,-3.6188037,1.1155906,2.8742652,0.9892442,-4.176599,0.0218074692980876,1358073.6,27520.08593445885,1.532954914843991,0.7877197275814647
Z1230717673,Z1230717673,N#Cc1cc(Br)ccc1N1CCCC1,-1.9227979,0.6969575,2.8742158,0.82141227,-2.2712767,0.1146887672416897,1229121.85,111444.89368350396,2.01959327799983,0.7668174011188296
Z1258948286,Z1258948286,CN(C)c1ccc(N2CCNCC2)cc1.Cl.Cl,-4.7575493,1.9288416,2.8741555,0.9034645,-5.72197,0.0107909748982604,1373368.35,13896.379320797918,2.161392735686709,0.892441356207407
Z1618120390,Z1618120390,COc1ccc(C(C)=O)cc1OC(C)C,-2.984548,0.4095013,2.8741353,0.5300844,-3.1892986,0.0292267799906363,1347773.0,23965.814776468585,1.6588204264962236,0.7134937275540293
Z2524921333,Z2524921333,C=CC(=O)NCc1cnccc1OC,-2.751411,0.57566595,2.8740408,0.8211433,-3.039244,0.0418934346526452,1330187.25,39539.6137941116,2.255957508769061,0.7207075709197458
Z1838186910,Z1838186910,CCC(C(=O)O)N1CCN(CCOC)CC1,-4.1974435,0.37711883,2.8736768,0.31681457,-4.386003,0.0071984369935534,1378356.05,7005.096983447125,2.5296246231907666,0.7018510437242913
Z1539413038,Z1539413038,N#CCOc1ccc(Cl)c(F)c1,-3.0998642,1.0788444,2.8734317,1.0571843,-3.6392865,0.0396434256491518,1333311.05,47909.62030477283,2.028695407561683,0.7088980768516469
Z805622192,Z805622192,CCS(=O)(=O)N1CCCN(c2ccc(C#N)cc2)CC1,-2.853022,0.5693331,2.8732774,0.5746215,-3.1376886,0.0363383512802968,1337899.65,25053.951838532383,2.0656721140727576,0.8452252959995379
Z752913154,Z752913154,O=C1CN(C(=O)NCCSC(F)(F)F)CCN1,-3.0320888,0.47582874,2.8732693,0.6437892,-3.270003,0.0285035113624086,1348777.15,23140.75879325265,2.7532819664559405,0.7295607844688289
Z1269219209,Z1269219209,CC(C)(C)OC(=O)Nc1cncs1,-2.6998131,1.2354403,2.8727598,1.2225821,-3.3175333,0.0822595166924766,1274145.0,155423.76891067854,2.613073596162671,0.7572981788351144
Z513800220,Z513800220,CNC(c1cccnc1)C(C)C,-2.408815,0.8114824,2.872712,0.8860215,-2.8145561,0.0734927071703821,1286316.4,86007.23160316232,2.633499177781742,0.7387241935429225
Z1139404164,Z1139404164,COCCCN1CCN(CC(O)C(C)(C)C)CC1,-3.3094952,0.48559964,2.8725483,0.50238407,-3.552295,0.0223545935823099,1357314.0,22355.12876053278,2.6222054670839583,0.7224752205050111
Z1024468228,Z1024468228,CN(CCCNc1nccnc1C#N)CC(F)(F)F,-2.1744294,0.7754661,2.8725295,0.73202395,-2.5621624,0.0896669787877696,1263860.85,91456.72047054552,2.7279436180807295,0.7982271007809578
Z98977228,Z98977228,CN(C)C(=O)COc1ccc(C#N)cc1Cl,-2.9095762,0.79483634,2.8724036,0.40725818,-3.3069944,0.0428186336298483,1328902.75,41162.62093073642,2.0054103715916227,0.8051643473133988
Z433796346,Z433796346,COCCN1CCC(CN2CCCC2)CC1,-3.2129917,0.8820134,2.8721998,0.680686,-3.6539984,0.029943638131595,1346777.75,28209.029288288173,1.932961895970264,0.7053428253228378
Z102605386,Z102605386,CCCC(=O)NCC(=O)NC(C)(C)C,-3.0964844,0.6817396,2.8718338,0.4990224,-3.4373543,0.0318774084344726,1344093.0,36491.03695429879,1.9249652010767537,0.7054788091145219
Z237482828,Z237482828,COc1ccc(OCCN2CCCCCC2)cc1.O=C(O)C(=O)O,-4.370018,1.1887949,2.8717377,0.4466908,-4.9644156,0.0134763208124752,1369640.15,26231.906339942205,1.8045600767172907,0.7930625680115267
Z2298167254,Z2298167254,CN1CCN(CCOc2ccc(Br)cc2)CC1.Cl.Cl,-5.0269384,2.1804607,2.871696,0.6915456,-6.117169,0.0110808513703317,1372965.9,20342.40512795869,1.9616661380946532,0.8087290006963862
Z4351247797,Z4351247797,COC(=O)COc1ccc(CCN)cc1.Cl,-4.787844,1.5241575,2.8715863,0.86911917,-5.549923,0.0083985666438577,1376689.85,13446.370630303923,1.8152704789261502,0.7912387151471133
Z168969090,Z168969090,COCCN1CCCC1c1cccs1,-2.2863348,0.7574609,2.8714876,0.6810702,-2.6650653,0.0790538408902653,1278595.6,75159.5794169978,2.614752887380728,0.7585615921830315
Z289004670,Z289004670,COc1ccc(OC)c(CNC(=O)C(C)(C)C)c1,-2.924481,0.54426557,2.8713512,0.5499606,-3.1966138,0.0343430330968415,1340669.85,32926.33003277924,1.8289067721457606,0.8933082811709196
Z344934292,Z344934292,COCCN(CC(C)C)C(=O)c1ccoc1,-2.291494,0.38354394,2.8713377,0.6607529,-2.4832659,0.0659839017538804,1296741.25,49084.87742561348,2.348723999823857,0.7435451383178692
Z1416178788,Z1416178788,NCCOc1c(F)cccc1Cl,-3.0713465,0.575899,2.871301,0.76438665,-3.359296,0.028210789786437,1349183.55,23048.361728059983,2.0469177851840605,0.7874326012092935
Z1263531109,Z1263531109,COc1cc(C)c(Br)cc1C=O,-2.9881008,0.49847943,2.8711495,0.39093384,-3.2373405,0.0331272373680987,1342357.8,39900.02147317719,2.122922811407838,0.7282199080813553
Z286996934,Z286996934,COC(=O)c1sccc1NC(=O)N1CCCC1,-2.7427144,0.91441786,2.871124,0.8843055,-3.1999233,0.0585856952497568,1307012.55,92033.40855008848,2.052369466455941,0.8227078751252609
Z1763191627,Z1763191627,N#Cc1ccc(Br)cc1N1CCS(=O)CC1,-2.3542364,0.79214543,2.8710606,0.63648707,-2.750309,0.0801086901717865,1277131.1,93267.41762260816,2.7875023215021777,0.7951951671260608
Z422341778,Z422341778,O=C(COCC(F)(F)F)NCc1ccco1,-3.379417,0.68479806,2.8710606,0.5769829,-3.721816,0.0188609860625922,1362164.35,12326.453744994948,2.210539384439242,0.8432868564038384
Z805565104,Z805565104,CCS(=O)(=O)NCCc1cccs1,-1.8904167,1.0791354,2.8709996,0.9047545,-2.4299846,0.1521900097237728,1177057.0,192944.8881113465,2.1981820577011337,0.8093397670534126
Z729209574,Z729209574,CN1CCN(Cc2cccc3c2OCCO3)CC1,-3.8641422,0.7199011,2.8709416,0.6328435,-4.2240925,0.0113599236503764,1372578.45,9051.126921411498,2.0868070079948176,0.7850915073475583
Z381542250,Z381542250,COc1cc(OC)c(NC(=O)OCC(F)(F)F)cc1Cl,-3.147315,0.7021289,2.8707478,0.42157418,-3.4983795,0.0315452155436309,1344554.2,38721.02226775528,2.1284867678152413,0.9244649738954408
Z159903370,Z159903370,CN1CCC(NCC(=O)NC(C)(C)C)CC1,-3.625548,0.58080876,2.8706954,0.4796402,-3.9159522,0.015589800842727,1366705.9,16601.51797246264,2.1915896202499425,0.7413226487835093
Z644711384,Z644711384,COC(=O)C(C)N1CCC(N2CCCCC2)CC1,-3.1156006,0.40633512,2.8706386,0.32339963,-3.318768,0.0246834731875967,1354080.7,17481.276478278123,2.501941121345661,0.7145943152952556
Z54750392,Z54750392,Brc1ccc(CN2CCCC2)cc1,-2.9714415,0.79306036,2.8705597,0.7404761,-3.3679717,0.0368925343033096,1337130.25,41445.29344072135,1.473333272276033,0.7674795980212006
Z5002978169,Z5002978169,COc1cc(F)ccc1NC(=O)C(F)Cl,-3.08672,0.8893207,2.870551,0.9680159,-3.5313804,0.0382152555191414,1335293.85,57497.16806006622,2.5477988820309676,0.8168152889554074
Z33545383,Z33545383,COc1cc(C(N)=O)cc(OC)c1C,-2.9609437,0.5636947,2.8705258,0.6763019,-3.2427912,0.0306543018691251,1345791.1,17041.12121575338,1.8166676958792483,0.7854367438780125
Z25106609,Z25106609,O=C(CSc1nncs1)Nc1nccs1,-1.6745999,0.85044974,2.870503,0.8548029,-2.0998247,0.1600924478697735,1166085.65,190876.8916616873,2.496131020901819,0.8457891679324665
Z324553174,Z324553174,Cl.N#Cc1cccnc1N1CCCC1,-3.4808936,0.97258174,2.8702528,0.9972944,-3.9671845,0.0233893110526884,1355877.45,32183.34533337857,2.1583350235619605,0.7102509888438144
Z2017181387,Z2017181387,CC(C)N(CCOCCO)c1cnc(C#N)cn1,-2.5343032,0.54647255,2.8701713,0.5447287,-2.8075395,0.0521552922533943,1315940.2,39152.48895868563,2.8722775798380678,0.712425762885322
Z1139744827,Z1139744827,CC(Cn1cccn1)NCCc1cccs1,-1.6507857,0.7870427,2.870049,0.90207845,-2.044307,0.1565769798681887,1170966.35,172160.1602221823,2.803331415334794,0.8313100384949588
Z1486020858,Z1486020858,COc1cc(F)c(C(=O)O)cc1Br,-4.2132673,1.197879,2.8698387,1.2891694,-4.8122067,0.0143869701444159,1368375.85,23443.927082029157,1.9431429174296415,0.8740751974533906
Z293238804,Z293238804,CCSc1nncn1Cc1ccco1,-1.8508259,1.0773576,2.869667,0.93657905,-2.3895047,0.1559972989519934,1171771.15,204760.36006079763,2.4861920303450464,0.7226005095008754
Z1763019592,Z1763019592,CN(CCC#N)c1ncc(Cl)cc1Br,-1.5958335,0.60342836,2.8696418,0.44510177,-1.8975477,0.1522813051463968,1176930.25,144200.14495342056,2.6953105452063078,0.8507285958151798
Z1269238021,Z1269238021,O=C(O)c1cnc(Br)c(Br)c1,-3.8582218,1.0173805,2.8696284,0.86171144,-4.366912,0.0177783700075629,1363667.4,28320.90801404503,2.453240124095638,0.8033904258943265
Z1699557134,Z1699557134,Cc1nc(NCc2cscn2)n(C)n1,-2.236683,0.6849396,2.8696046,0.8531058,-2.5791526,0.0782482803327691,1279714.0,66604.21312124332,2.8920082779998317,0.8246926450394013
Z169229620,Z169229620,COCCN1CCCC1c1ccc(OC)cc1OC,-2.4207876,0.23683497,2.8694825,0.30393478,-2.539205,0.0541116073036338,1313224.15,30593.92421588803,2.428357142649002,0.7904569716215816
Z1148801551,Z1148801551,CS(=O)(=O)CCSc1cccc(F)c1C#N,-2.157048,0.3699557,2.8693078,0.45629853,-2.3420258,0.0756107249612849,1283375.85,44382.4835664646,2.483885147978029,0.7740530394370365
Z1509350189,Z1509350189,CNC(=O)c1cc(OC)c(O)c(OC)c1,-3.8429523,0.9686297,2.8692317,0.8478686,-4.327267,0.0168625706774228,1364938.85,22351.98349873004,1.7989019649577624,0.7744537337355232
Z56949555,Z56949555,CC(Cl)C(=O)Nc1ncccn1,-2.8420854,0.8934726,2.8691535,1.0803001,-3.2888217,0.0470290992905247,1323057.15,58314.43704887753,2.6523005763831407,0.7009803389496954
Z1522830796,Z1522830796,N#Cc1ccnc(OCC(F)F)c1,-3.209587,0.78911257,2.8691442,0.8717438,-3.6041434,0.0283889148989807,1348936.25,31743.121913061736,2.6222397500088253,0.7161695734974424
Z2755814469,Z2755814469,O=C(CCl)NCc1ncc(Cl)s1,-2.4109316,0.62454295,2.8690186,0.7824889,-2.7232032,0.0616542298411783,1302752.35,45389.74397071986,2.7100856173518935,0.7944268913685888
Z18433099,Z18433099,NC(=O)CSCc1ccc(Cl)cc1,-2.2726235,1.1134837,2.868989,1.2222573,-2.8293653,0.1086943854215436,1237444.15,160180.3007555158,1.7923243653934406,0.835745081489888
Z1473961797,Z1473961797,COC(=O)c1ccc(OCCN)cc1.Cl,-4.7043676,1.5050086,2.8688872,0.8261478,-5.456872,0.0088256923686389,1376096.85,13590.270465575732,1.7195911957269931,0.7922635030267009
Z2218607355,Z2218607355,O=C(Nc1nncs1)c1sccc1F,-2.5338843,0.8882655,2.8687966,1.0095569,-2.978017,0.0709464832354954,1289851.45,108514.38290681792,2.720817893384446,0.8563673211863472
Z123703022,Z123703022,CC(C)CNC(=O)C(C)N1CCCC1,-2.814573,0.71582425,2.8686383,0.6166062,-3.172485,0.0427343609320416,1329019.75,39652.99093621438,2.2709528873807265,0.7369343332245111
Z51311295,Z51311295,COc1ccc(SCC(=O)N(C)C)cc1,-2.785643,0.705522,2.8686318,0.6866158,-3.1384041,0.0440174307631361,1327238.4,48198.76474599738,1.7583740193667694,0.7326847213938827
Z1039076096,Z1039076096,N#Cc1cnc(N2CCSCC2)c(Cl)c1,-2.2009368,0.43979633,2.8684912,0.4189894,-2.420835,0.0741809342024706,1285360.9,59238.51994850986,2.587616481952397,0.7531493409727368
Z193284236,Z193284236,CCONC(=O)c1cc(OC)c(OC)c(OC)c1,-3.6458755,0.73249876,2.8683634,0.7712897,-4.012125,0.0152140670580185,1367227.55,14392.860645038569,2.012085441690502,0.7780927294919385
Z51983945,Z51983945,CCNC(=O)Cn1ccccc1=O,-2.847003,1.2988818,2.868354,1.228564,-3.4964437,0.0833815680484028,1272587.2,164370.17913739706,1.918443596162673,0.7105830521786539
Z1457255696,Z1457255696,CNCC(C)CNC(=O)c1ccsc1.Cl,-4.1572137,1.6344543,2.867997,0.61404145,-4.9744406,0.0145489970108402,1368150.9,16349.7992584007,2.9442765743386605,0.8338644529230909
Z414796734,Z414796734,CCNC(=O)CCNC(C)Cn1cccn1,-2.2639973,1.0109942,2.8679585,0.758968,-2.7694945,0.1053212446429214,1242127.25,158757.69089460673,2.75825154626769,0.7040280476306455
Z1002189924,Z1002189924,N#Cc1ccc(N2CCNC(=O)CC2)c(F)c1,-2.8688045,0.8843406,2.8677669,0.7038839,-3.3109748,0.0437795944826592,1327568.6,47649.96640019802,2.2520540818405568,0.7876205046260354
Z2157914486,Z2157914486,CS(C)(=O)=NCc1ccc(C#N)cc1,-2.7190995,0.64612573,2.867617,0.9102791,-3.0421624,0.0443717722476321,1326746.45,38633.32973026658,2.7034032577569143,0.7435778222038196
Z825759132,Z825759132,Brc1ccc(NCc2ncc[nH]2)cc1,-2.519727,0.9290473,2.8673499,1.0324358,-2.9842505,0.0678951633233694,1294087.75,71562.6596535337,2.097895219838481,0.8812834706136067
Z1667871687,Z1667871687,CCc1nc(C(C)NCC(=O)OC)cs1,-2.0937755,0.89445335,2.867176,0.5472205,-2.5410023,0.1108016350343933,1234518.55,129938.50098045422,2.9131071090478518,0.7764704200809073
Z1272203842,Z1272203842,Cc1nccc(Sc2cccs2)n1,-1.6349962,1.3933829,2.8671658,1.2231307,-2.3316877,0.227945258760399,1071882.2,305550.4475204708,2.6618652560817004,0.7094705780292735
Z1026450452,Z1026450452,COc1cc(F)c(C(=O)O)cc1OC,-4.2267475,1.2447894,2.8670118,1.1634454,-4.849142,0.0134349767709871,1369697.55,21288.01325035993,1.6712681116796624,0.8035551385345793
Z177090256,Z177090256,CNC(=O)N(C)Cc1ccc(Br)s1,-2.3721106,0.3242558,2.8669617,0.4573085,-2.5342386,0.0571256887672416,1309039.55,25890.491979634146,2.436768541217617,0.8718506566539223
Z1270387281,Z1270387281,Cl.N#Cc1ncccc1CN1CCCCC1,-3.9409251,1.3844347,2.8669357,0.80500025,-4.6331425,0.0143757697986819,1368391.4,14167.870607116653,2.185357706117564,0.7929647682206298
Z3246280295,Z3246280295,COc1ccc(CN(C)CCN)cc1.Cl.Cl,-4.9781466,2.0774262,2.8669286,0.8029228,-6.0168595,0.008480318363525,1376576.35,12214.263613804147,2.0011623590256296,0.8855282915878722
Z1764957258,Z1764957258,CNc1nc(NCCS(C)(=O)=O)ncc1Br,-2.5156748,0.7548099,2.86692,0.37800458,-2.8930798,0.0637287067382144,1299872.25,59421.59504580384,2.590316990554056,0.8343768414308586
Z1436020980,Z1436020980,COCCOCCCNc1cc(C)nc(C)c1C#N,-2.058366,0.78327596,2.8669,0.9518496,-2.450004,0.1004964886375914,1248825.7,80709.65761115581,2.500353442798829,0.7268702893700125
Z46160414,Z46160414,COc1ccc(NC(=O)CN2CCCCCC2)c(OC)c1,-3.1485238,0.43424055,2.866699,0.6834104,-3.365644,0.0241010191954477,1354889.35,18634.003816343396,1.669954389662939,0.9057631041477893
Z433796480,Z433796480,CCCN1CCC(CN2CCCC2)CC1,-2.923597,1.0148058,2.866347,0.91952264,-3.431,0.0445059963265745,1326560.1,37452.47652812829,1.8895499020206987,0.7017257115432319
Z729840286,Z729840286,COC(=O)CCn1cc(Br)cn1,-2.4200711,0.7295972,2.8662326,0.83440346,-2.7848697,0.0666360787985738,1295835.8,67577.59353631941,2.244619883086159,0.7367132208865956
Z29693715,Z29693715,CCCCC(=O)NCc1cccs1,-2.2636409,0.84186715,2.8661704,0.9813369,-2.6845744,0.0877798105664998,1266480.9,102183.0978302674,1.7856813300504069,0.7719025777420275
Z594762930,Z594762930,COc1ncccc1CNC1CCN(C)CC1,-3.1448047,1.0940402,2.8659623,1.0003908,-3.691825,0.0465779522454712,1323683.5,80595.68814614092,2.106889815749504,0.8526745529503684
Z1039126304,Z1039126304,CNC(=O)COc1ccc(C#N)cc1C,-3.3118699,0.521524,2.8657424,0.48254424,-3.5726318,0.0225543991068534,1357036.6,23861.070142388835,1.9420415615806519,0.7982220466200208
Z228465218,Z228465218,N#Cc1ncn(CC(=O)NCC(F)(F)F)n1,-2.4846392,0.9172098,2.8656764,0.7885094,-2.943244,0.0766353585191054,1281953.3,109667.4018380576,2.7022550943107646,0.7849710635078316
Z422338084,Z422338084,O=C(COCC(F)(F)F)N1CCOCC1,-4.313593,0.8246775,2.8655946,0.9064388,-4.7259316,0.007369791479094,1378118.15,6123.034968665457,2.226580023119114,0.7011916203338253
Z422598894,Z422598894,CC(NC(=O)c1cnccn1)C(=O)N(C)C,-2.8645792,0.7776627,2.865418,0.68834,-3.2534106,0.0434347606871465,1328047.35,59829.64008104596,2.6260687197918404,0.7603778509277973
Z1704527389,Z1704527389,COCC(C)Nc1cccc(N(C)C)c1C,-3.3344193,0.72341055,2.865391,0.714424,-3.6961246,0.0216298843951453,1358320.15,16441.63484351541,2.6696454639778864,0.828155109782037
Z1272542956,Z1272542956,CC(O)CCN(C)c1ccc(C#N)cc1F,-2.8569088,0.39076385,2.865377,0.37213454,-3.0522907,0.033067382144272,1342440.9,19776.832802296733,2.854401456822252,0.8460192183681776
Z436101426,Z436101426,COC(=O)CN1CCC(CN2CCCCCC2)CC1,-3.4114957,0.9177993,2.8652596,0.5914295,-3.8703954,0.025247163899593,1353298.1,30023.30087265556,1.9798878246433969,0.7272835045896977
Z1395822101,Z1395822101,CCN1CCCN(Cc2nc(C)c(C)s2)CC1,-2.1567538,1.1755145,2.8649888,0.8078375,-2.7445111,0.1313579068678647,1205979.25,211687.47855456048,2.2041117741482488,0.8237141207005955
Z4634986827,Z4634986827,CN(C)c1cccc(N2CCNCC2)c1.Cl.Cl,-4.8882127,1.6821547,2.8649182,0.6936694,-5.72929,0.0086862102495768,1376290.5,14565.497123339112,2.280229658763634,0.8924413562074069
Z31072581,Z31072581,O=C1CCCCCN1CCCNc1cnccn1,-2.4895532,0.73672146,2.8648896,0.99453133,-2.857914,0.0606098966398962,1304202.25,54990.28357344141,2.2559808831762407,0.8054449571570137
Z962939202,Z962939202,COCCNC(=O)NCc1cscn1,-3.0011668,0.95697105,2.8643775,0.8080058,-3.4796524,0.0431687974934273,1328416.6,61900.2966005818,2.300940201076754,0.7065008055617115
Z118314508,Z118314508,CCCOc1ccc(Br)cc1CN1CCN(C)CC1,-2.7623885,0.5815556,2.8643744,0.4031228,-3.0531664,0.0442298411783772,1326943.5,44588.43197568176,1.9117463794219525,0.8268788203391984
Z8812110890,Z8812110890,CN(C)CCNCc1ccccc1.Cl.Cl,-4.949884,2.3140357,2.864243,0.808503,-6.1069016,0.0113295278568085,1372620.65,17770.22057059225,1.8345567874429687,0.8068115559541804
Z54081671,Z54081671,N#Cc1ccc(C(=O)N2CCCCCCC2)cc1,-2.840636,0.8460014,2.8642392,0.96926033,-3.2636366,0.0461804300068426,1324235.4,59081.979264747046,1.6876216390096666,0.7595595362053734
Z18535874,Z18535874,CCOC(=O)CSCC(=O)NCc1ccco1,-3.1743166,0.3465814,2.8641868,0.5860884,-3.3476074,0.0217077105917095,1358212.1,11716.073761717276,2.081665620302095,0.7430968229056963
Z1461933400,Z1461933400,OCCOCCNc1cncc(Br)c1,-3.1936343,1.1662306,2.864183,1.0605949,-3.7767496,0.0356164871970323,1338901.85,34627.43762433917,2.3486471241536773,0.7569404188650085
Z295395794,Z295395794,COc1ccc(OCC(N)=S)cc1,-3.7160995,0.915731,2.8638701,0.581027,-4.173965,0.0188353080995425,1362200.0,23484.284210935617,1.710808980778058,0.7401423456709539
Z381550060,Z381550060,CCN(C(=O)CCl)c1ccc(OC)c(OC)c1,-2.660897,0.74885434,2.863817,0.35796773,-3.035324,0.0535879281161091,1313951.2,56235.760179444536,2.0151555450512593,0.760055766839211
Z1343151513,Z1343151513,CN(C)C(=O)CNc1cncc(Br)c1,-2.6207776,0.5886961,2.8637922,0.53642523,-2.9151256,0.0506751899737096,1317995.1,51733.83268800021,2.296694350874324,0.8894838782237515
Z14507275,Z14507275,NC(=O)Cn1cc(C(F)(F)F)cc(Cl)c1=O,-2.512877,0.8678492,2.86371,0.7218489,-2.9468017,0.0635572442107537,1300110.3,58483.52104319644,2.3823267117460816,0.8558341392717473
Z27644164,Z27644164,COc1cc(C(=O)NC(C)C)cc(Cl)c1OC,-3.1106427,0.75651115,2.8636003,0.9257679,-3.4888983,0.0285945186732451,1348650.8,22475.763605715383,1.7827219664559397,0.901582000469487
Z1639804518,Z1639804518,COC(=O)C(C)(C)CNCc1cscn1,-2.1067452,0.65074253,2.8635583,0.7814001,-2.4321165,0.0907588864479418,1262344.9,84553.3593252805,2.774533118803916,0.7746113674621306
Z446254468,Z446254468,COc1cc(Br)c(CNCCC(=O)O)cc1OC,-3.2884312,0.30846435,2.863507,0.28003448,-3.4426634,0.019088558360644,1361848.4,12983.92862118396,1.976348236039012,0.7531229870407349
Z224844958,Z224844958,CS(=O)(=O)CCN1CCN(c2nccs2)CC1,-2.7257502,0.904744,2.8631945,0.65812624,-3.1781223,0.0533976662945222,1314215.35,55351.58689890923,2.284581004917479,0.7914193384519844
Z988068094,Z988068094,C=CCNC(=O)Nc1cc(OC)ccc1Br,-3.3010125,0.6313031,2.8629866,0.61107606,-3.616664,0.0263566823927684,1351757.7,37429.95729238814,2.05679043339029,0.8356731277635534
Z1725625229,Z1725625229,O=c1c(Br)c(Br)cnn1CCF,-1.7576174,0.8454782,2.8628325,0.9795432,-2.1803565,0.1403712320380307,1193465.6,109714.70535229084,2.955526657561684,0.8336276001971497
Z3217401665,Z3217401665,COc1cc(OC)nc(CNC(=O)CCl)n1,-3.049428,0.84155667,2.862748,0.57153404,-3.4702063,0.0379782835740266,1335622.85,53955.829568523,2.5223264473763045,0.7580645790806343
Z1460008022,Z1460008022,CCC(CC)N(CC(=O)O)CC(C)C.Cl,-3.7420495,1.025694,2.8627024,0.6753177,-4.2548966,0.0161932149674074,1365868.15,15717.820221885093,2.5859148235856217,0.7402379583599922
Z169096938,Z169096938,COCCN1CCCC1c1cc(OC)ccc1OC,-2.4234192,0.44344094,2.862689,0.22443017,-2.6451397,0.0588353441135161,1306665.95,47328.78537684546,2.4034084247002845,0.7904569716215816
Z212046238,Z212046238,NCc1ccc(OC(F)(F)F)cc1,-3.6828885,1.5329523,2.8625827,1.2103189,-4.4493647,0.035996254546764,1338374.6,66878.26172711131,1.7927839258330014,0.7758533812780597
Z362806032,Z362806032,COC(=O)CCOc1c(Cl)cc(Cl)cc1Cl,-2.5999446,1.2160106,2.8625047,1.0328565,-3.2079499,0.0835134152050997,1272404.15,120103.78105883051,1.9449864002141641,0.7922516767056986
Z402630476,Z402630476,CCOC(=O)NCCC(=O)N(C)Cc1ccsc1,-2.164896,0.76976734,2.862437,0.7390848,-2.5497797,0.0945054921309467,1257143.3,111190.56025854893,2.188075425991915,0.8578078453884695
Z1263639240,Z1263639240,CNc1cc(Br)cc(C(F)(F)F)c1,-3.4362264,1.2509702,2.862396,1.1115272,-4.0617113,0.0365638347678898,1337586.6,61758.86168591516,2.2098727816830337,0.8080677891184198
Z3270187722,Z3270187722,Cl.Cl.NCCCc1ccnnc1,-4.3311453,2.9096577,2.862387,1.2116343,-5.785974,0.0885170166024418,1265457.4,274828.1212409676,2.7677718343606905,0.8152233620375807
Z4951089546,Z4951089546,CNCc1ccc(C(F)(F)F)c(F)c1.Cl,-4.0669947,1.1939048,2.8621814,0.8154426,-4.663947,0.0114386501962762,1372469.15,9997.454902498936,2.180303564148046,0.7877636366475266
Z335092286,Z335092286,COc1cc(C(C)N)ccc1OCCO,-3.7681198,0.55112237,2.862121,0.42660397,-4.043681,0.0128497497028846,1370510.05,13563.772909758554,2.299317240379935,0.7647268886236059
Z969560758,Z969560758,C=CCc1cc(CN)cc(OC)c1OC.Cl,-3.872048,1.0807544,2.8619933,0.7121115,-4.412425,0.0138595815176287,1369108.05,13359.433200832287,2.3455166072164637,0.8076066556869997
Z1272134803,Z1272134803,COc1cc(N2CCNCC2)ncn1,-2.9470646,0.48340136,2.861863,0.44001096,-3.1887653,0.0305556235819497,1345928.1,18053.77357202643,2.3145841504200924,0.7118669860956923
Z381081652,Z381081652,COc1ccc(CN)c(C(F)(F)F)c1,-3.0722623,1.3187634,2.8617833,0.94397515,-3.731644,0.0515219505168005,1316819.5,79160.41401451864,1.973862706274259,0.8025624028993437
Z90642497,Z90642497,c1csc(CNCCN2CCCC2)c1,-2.6221032,0.869906,2.861692,0.76200575,-3.0570562,0.0624904743040298,1301591.35,83579.39229096787,1.944771794483346,0.7471485264603633
Z988064556,Z988064556,CCCNC(=O)Nc1cc(OC)ccc1Br,-2.9614244,0.6566432,2.8616884,0.40733534,-3.289746,0.0372973673785429,1336568.2,40326.96168768483,1.8029872865371441,0.8940496568083133
Z734899678,Z734899678,COc1cc(C#N)ccc1OCc1ccc(OC)c(OC)c1Br,-2.4408088,0.7724974,2.8613627,0.5339148,-2.8270574,0.0735794288183815,1286196.0,91276.90916436644,2.156679676819987,0.7625509911145943
Z1330918772,Z1330918772,CNCCC(NC(=O)OC(C)(C)C)C(C)C,-2.68901,0.7788358,2.8612957,0.41955748,-3.0784278,0.054431555443512,1312779.95,54348.02176112302,2.7671123342601867,0.7605594662033596
Z199423610,Z199423610,COc1cc(NC(=O)CCl)c(OC)cc1Cl,-2.9165523,0.73833495,2.8612566,0.5280054,-3.2857199,0.0425594050491591,1329262.65,52737.95971430351,1.8876021426113017,0.8498722749420151
Z71184687,Z71184687,OCCOc1ccc(Br)cc1Cl,-3.7301526,0.4475045,2.8612008,0.36075547,-3.9539049,0.0117493067310116,1372037.85,8453.883807310105,1.7814744285407045,0.8941806437586294
Z425417754,Z425417754,CC(C)C(NCC(F)(F)F)C(=O)O,-3.5834644,0.70677936,2.8610127,0.6101987,-3.9368541,0.0176017214679296,1363912.65,22945.096206542697,2.7656322440051078,0.7158793224236547
Z139813314,Z139813314,CCOC(=O)CN(CCC#N)c1ccc(OC)cc1,-2.7968314,1.0939226,2.860953,0.7499535,-3.3437927,0.0677020924118557,1294355.8,105723.23980119036,2.102498580679814,0.7029990238680541
Z954633224,Z954633224,O=C1NCCCC1Nc1ncccc1Br,-2.6929064,0.87079173,2.8606725,1.1305333,-3.1283023,0.0553852774876652,1311455.85,65218.99049914449,2.900944955376227,0.8565758732187303
Z1259341036,Z1259341036,COc1ccc(CNC(=O)CN)cc1.Cl,-4.3534455,1.2850288,2.8606324,0.88055414,-4.9959598,0.0102106457305434,1374174.05,13540.04867596494,1.6844808111116087,0.8002130413122105
Z54748097,Z54748097,CCC(C)NC(=O)CN1CCOCC1,-3.8581672,0.65489286,2.8604598,0.38294035,-4.1856136,0.0121170814275939,1371527.25,11946.651915390354,2.274091348919189,0.7062427872062136
Z1517926678,Z1517926678,COCC(C)(C)C(=O)Nc1cnc(N(C)C)nc1,-2.5870857,0.39666602,2.8604052,0.49754286,-2.7854187,0.0461718946951417,1324247.25,26982.66359882768,2.6971615798380686,0.851217142444581
Z2442061448,Z2442061448,Brc1cccc(CN2CCCCC2)c1.Cl,-4.0230713,1.2779847,2.8603573,0.85378295,-4.6620636,0.0132410055101378,1369966.85,13374.63471753528,1.7231781737489698,0.7993646224560715
Z405053816,Z405053816,COc1cc(Br)ccc1C(=O)O,-4.9223003,1.1388499,2.860278,1.1582199,-5.4917254,0.0048912738142399,1381559.2,6970.94689837758,1.6332665614078383,0.8476204529344366
Z1033473192,Z1033473192,CCN(CCCNc1nccnc1OC)S(C)(=O)=O,-2.6715908,0.45155096,2.8601522,0.3032342,-2.8973663,0.0458453559981272,1324700.6,54254.66085268621,2.521382967193155,0.703975577088438
Z415691738,Z415691738,CN(CCCOc1ccc(C#N)cc1)CC(N)=O,-3.355772,0.7880066,2.8601265,0.47943485,-3.7497754,0.0257507833039219,1352598.9,28937.37479610063,2.0456483490688377,0.7207819827810699
Z410001712,Z410001712,O=C(Nc1ccc(Br)cc1Br)N1CCCC1,-2.4430707,0.75649685,2.8597775,0.9506497,-2.821319,0.0680508877444447,1293871.55,84961.96576555594,1.8714900138098702,0.8219678648629075
Z1509255549,Z1509255549,CNC(=O)c1ccc(C)cc1OC,-3.335542,0.9705041,2.8597703,1.120158,-3.820794,0.0295509057514316,1347323.0,43623.46041294753,1.5741492005582778,0.744086739322665
Z1820271769,Z1820271769,CCCOCC(=O)Nc1cnns1,-2.70392,0.6692886,2.8594892,0.6529263,-3.0385642,0.0454889257031728,1325195.45,41910.152150135415,2.903952847721923,0.7188542985304945
Z32014854,Z32014854,CN(C)C(=O)Cc1ccc(Br)cc1,-2.8428085,1.013388,2.8591964,1.0502096,-3.3495026,0.0566885151438758,1309646.5,93714.99077655612,1.6827584313275086,0.7770182204225599
Z841233872,Z841233872,CC(C)NC(=O)CSCc1sccc1Br,-2.0890112,0.49959496,2.8591075,0.43998435,-2.3388088,0.0888341196384198,1265017.15,76206.2536090543,2.489204413363016,0.9043505159167373
Z6039243534,Z6039243534,CNCc1ccc(OC)cc1C(F)(F)F.Cl,-4.204855,1.2722615,2.8590562,1.0995314,-4.840986,0.0122564194907623,1371333.8,14646.817144349145,2.113019019438388,0.8968163223143856
Z6598307941,Z6598307941,O=C(CCl)N1CCCOc2ccc(Br)cc21,-2.812003,0.82615364,2.858981,0.68026245,-3.2250798,0.0496975906651779,1319352.35,69750.47443012484,2.356157706117564,0.7467579281615345
Z9092827892,Z9092827892,CN1CCCC1CNc1cnccn1.O=C(O)C(F)(F)F,-3.68252,1.2237067,2.8589463,0.8522934,-4.2943735,0.0223515684085425,1357318.2,25455.58339068268,2.9597615265163633,0.8832653196108877
Z3919186613,Z3919186613,O=S(=O)(F)Oc1ccc(Br)c(C(F)F)c1,-2.7212417,0.40381843,2.858872,0.38473707,-2.923151,0.0411295062484243,1331247.85,34664.58750407251,2.900696432413385,0.8063918885830613
Z4884116882,Z4884116882,CNCc1ccccc1CSC.Cl,-4.2368364,1.3233782,2.8588157,0.78348815,-4.8985257,0.0128189577556091,1370552.8,18847.624199352023,2.2116261236352006,0.8326581271931789
Z88567636,Z88567636,CC(C)(C)C(=O)NCCSCc1cccs1,-2.3127427,0.7639524,2.8587306,0.5444033,-2.6947188,0.0763736089602766,1282316.7,65685.98124417417,2.3415963774462334,0.8210863917842277
Z279270936,Z279270936,CC(NC(=O)C(C)(C)C)C(=O)NC(C)C(C)C,-2.8909898,1.0506978,2.858727,0.8026221,-3.4163387,0.0490440811034682,1320259.65,55717.09420301368,2.87812128617767,0.7880144426785647
Z140600982,Z140600982,COC(=O)CN(C)Cc1cccc(OC)c1OC,-3.4781728,0.44602156,2.8587267,0.59652716,-3.7011836,0.018067814311953,1363265.55,18745.50276859759,1.9402097745005484,0.7153208961952237
Z1673502038,Z1673502038,Cc1cnc(NCc2cccn2C)s1,-2.5738707,0.52938884,2.8587213,0.6754433,-2.838565,0.0481581733712679,1321489.6,33194.28883919642,2.5452798164613686,0.8372310042042111
Z2050015856,Z2050015856,COc1c(Cl)cc(N2CCNCC2)cc1Cl.Cl,-3.574471,1.1189376,2.8586047,0.76781017,-4.1339397,0.0202314618071812,1360261.65,23996.75026597352,2.2564067156198195,0.9083015849099438
Z1269244414,Z1269244414,COC(=O)Cc1ccc(Br)cc1C,-3.2832444,0.95644116,2.858561,0.71066236,-3.761465,0.0297659812007059,1347024.4,39173.15184842803,1.8150327170417953,0.7456128362985421
Z1689283333,Z1689283333,COC[C@@H](O)COc1ccc(OC)cc1Br,-3.8115005,0.80952114,2.8585327,0.4983129,-4.216261,0.0161962041272013,1365864.0,18539.842537087527,2.411979518295663,0.8685926759858029
Z51902863,Z51902863,N#Cc1ccsc1NC(=O)CSCc1cccs1,-1.5030534,0.31933203,2.8584895,0.5639072,-1.6627195,0.1495433428170129,1180731.5,72962.93969852092,2.415950633092507,0.9171337848422869
Z5510284693,Z5510284693,Cl.NCc1cccc(C(F)(F)F)c1F,-4.359087,1.4512281,2.8584034,1.3060316,-5.084701,0.0120288832066842,1371649.7,15627.45432916059,2.3254454208569744,0.7365681021431074
Z323391096,Z323391096,CS(=O)(=O)NCCCNCc1ccsc1,-2.4967327,0.80314356,2.8582244,0.6121597,-2.8983045,0.062467677458854,1301623.0,58396.18376572223,2.294862789133587,0.701036105182932
Z52404276,Z52404276,C#CCNC(=O)c1cncc(Br)c1,-2.8753183,1.0128696,2.8581042,0.9381425,-3.381753,0.0494185904130802,1319739.7,62208.63826519593,2.4127551346242093,0.7878229515115147
Z1989879818,Z1989879818,CCN(CC)C(=O)Cn1c(Br)nc(Br)c1Br,-1.3618125,1.0813885,2.8580737,1.164888,-1.9025067,0.2310235891525912,1067608.4,200149.6722104236,2.8436550687549254,0.7548292404279683
Z3024766459,Z3024766459,C=CC(=O)N[C@@H](C)c1ccc(OC)cc1OC,-3.0235813,0.64507097,2.858013,0.6519953,-3.3461168,0.0327522958908055,1342878.35,37205.730515976975,2.4664041009204496,0.794641703211947
Z5349334242,Z5349334242,Cc1ccc(Br)nc1S(C)(=O)=O,-1.7789625,1.4718088,2.858008,1.382853,-2.5148668,0.216486296683113,1087791.25,390048.0918320041,2.6798934224500215,0.7103250951617055
Z235599076,Z235599076,CCN(CC)C(=O)c1cc(Br)c[nH]1,-2.709521,0.5821721,2.8579903,0.9284416,-3.000607,0.0433894911225556,1328110.2,37029.06219660444,2.37057601374509,0.8705938906546556
Z237482244,Z237482244,COCCNCCOc1ccc(Cl)cc1.Cl,-4.3450394,1.5993203,2.8575525,1.0545126,-5.1446996,0.0128074692980876,1370568.75,15893.505572638782,1.800841132690989,0.7684885229181849
Z25106836,Z25106836,CCC(C)NC(=O)CSc1nncs1,-1.7932749,0.747844,2.8574345,0.9654987,-2.1671968,0.1346228976843014,1201446.3,140587.54170483953,2.8264889820552845,0.7810937979564372
Z2515002882,Z2515002882,COCCN(CCF)c1ccnc(C#N)c1,-2.326292,0.35464573,2.857219,0.48566565,-2.503615,0.0628071811863003,1301151.65,45082.9416257136,2.8079792445791014,0.7305815571566933
Z85929906,Z85929906,Cc1cc(C(C)(C)C)cc(C)c1CCN,-2.5749547,1.5269814,2.8571444,1.3184446,-3.3384454,0.096304642201174,1254645.45,127382.56052398814,2.16487631407019,0.7885372169870424
Z905185712,Z905185712,COC(=O)Cc1cccc(Br)c1,-3.066543,1.7356306,2.8570871,1.2834625,-3.9343584,0.1020198797133288,1246710.7,212325.14039795197,1.6465835194497966,0.7261119904174902
Z558481544,Z558481544,O=C(NCc1ccoc1)N1CCSCC1,-3.1147285,0.59877336,2.8569746,0.67082787,-3.4141152,0.0256053228652716,1352800.85,16547.122025521538,2.5227565453773444,0.8316364644649225
Z1528849962,Z1528849962,CC(C)N(CCS(C)(=O)=O)Cc1nccs1,-1.9503076,0.64923006,2.8569245,0.53844124,-2.2749226,0.1097662332985197,1235956.05,115102.23268141891,2.7357402463680103,0.7773438957738915
Z3292187580,Z3292187580,N#Cc1ccc(CNC(=O)CCl)o1,-3.5677624,0.54470265,2.8567195,0.582242,-3.8401136,0.0142359995678323,1368585.45,9228.098056885829,2.6810320577011346,0.7374612416995443
Z1825939206,Z1825939206,CNc1cncc(C(F)(F)F)c1,-3.1077514,1.452227,2.8566403,0.65834266,-3.833865,0.0540209961465049,1313349.95,67841.00347686125,2.2900891575616846,0.7085807491628735
Z391990604,Z391990604,COc1ccc(OC)c(NC(=O)CSC(F)(F)F)c1,-2.644816,0.5181779,2.856632,0.46788067,-2.903905,0.0484028162927215,1321149.95,46412.0335252346,2.0451312964656925,0.9070952527574299
Z446279072,Z446279072,COc1cc(Br)c(CNC2CCOCC2)cc1OC,-3.1940305,0.44572642,2.8566208,0.38170728,-3.4168937,0.0239595563078474,1355085.75,21596.4453044361,2.137146379421953,0.9011769883718183
Z25280897,Z25280897,COC(=O)COc1ccc(Cl)cc1Br,-3.1343243,1.0905311,2.8565702,0.7836872,-3.6795897,0.0446259948860158,1326393.5,72670.99978567792,1.7642623670686568,0.7980726247221372
Z1188324847,Z1188324847,CCN(C)C(=O)Nc1ccc(OC)c(Br)c1,-3.408294,0.4084662,2.8562732,0.74926835,-3.6125271,0.016637627399431,1365251.15,9643.742656640108,1.9435277240066497,0.9282858306701947
Z162694642,Z162694642,C#CCN(CC)Cc1ccc(OC)c(OC)c1,-2.7357008,0.6686258,2.856235,0.41846997,-3.0700138,0.0474356610364822,1322492.7,46168.91687390988,2.1258597078634693,0.7027763912692504
Z1509848152,Z1509848152,C#CC(=O)Nc1ccc(OCC)c(C)c1,-3.6173706,0.8073252,2.856229,1.0012718,-4.0210333,0.017183959376238,1364492.65,17018.958232732697,2.1654070400046663,0.7625374847089926
Z370278114,Z370278114,COCc1ccccc1C(=O)N(C)C,-3.122084,1.7261418,2.8561594,1.5252253,-3.9851549,0.1097727878416826,1235946.95,238634.95314108423,1.7746396950038807,0.7282938558038533
Z1048532372,Z1048532372,COc1cc(Br)c(CNC(=O)C(C)(C)C)cc1OC,-2.6198819,0.37166235,2.8560722,0.45652544,-2.805713,0.0446892714373177,1326305.65,30657.099964404657,2.041476020447595,0.9226479582729432
Z86410790,Z86410790,COc1cc(OC)c(OC)cc1CNc1ncccn1,-2.3328452,0.5447622,2.856037,0.8702359,-2.6052263,0.0647620196636296,1298437.65,46527.454600778445,1.987407293367145,0.8707249862074016
Z409633466,Z409633466,CCc1cccc(C)c1NC(=O)N1CCCCCC1,-2.6901307,1.0328554,2.8557346,1.2328326,-3.2065585,0.069214463211726,1292256.1,104300.86168143578,1.8347745845501606,0.8571602093600298
Z355129842,Z355129842,CNS(=O)(=O)c1cc(OC)c(OC)cc1C,-2.7735138,1.2154825,2.8552837,1.3561225,-3.3812551,0.0796114452407534,1277821.45,148415.4066771624,1.8866649588648166,0.8563775459874561
Z1269162713,Z1269162713,CNC(=O)c1cnc(Br)cn1,-2.3763223,1.2344383,2.8551826,1.1030045,-2.9935415,0.107532754708827,1239056.9,160160.39380286876,2.4374572593741526,0.7471776927709122
Z759956236,Z759956236,CC(C)N(CCO)c1ccc(C#N)cn1,-2.6661396,0.5896729,2.8551812,0.58884025,-2.9609761,0.0463557460294594,1323992.0,39307.48072059567,2.5368385597044796,0.8009102498359173
Z169295586,Z169295586,C=CCN1CCN(Cc2cccs2)CC1,-2.5455556,1.0408906,2.855139,0.70612144,-3.066001,0.0788658119350308,1278856.65,110939.16826093254,2.0941771747479727,0.7194841410501106
Z1230745697,Z1230745697,Cc1[nH]cnc1CN1CCCCCC1,-2.8664556,1.4667102,2.8551238,1.276042,-3.5998106,0.1010337811070695,1248079.75,208879.9331515297,2.1692738314707487,0.7796331259761202
Z1999522506,Z1999522506,CS(=O)(=O)c1cnc(Cl)c(Br)c1,-1.3602427,1.1137128,2.8550544,1.4371889,-1.9170991,0.2378891129758347,1058076.65,288673.469390811,2.414623447263917,0.7323821769490614
Z1500860450,Z1500860450,CCCC(=O)Nc1cnc(N(C)C)nc1,-2.7188225,0.3479801,2.8550396,0.36173546,-2.8928125,0.0384711708142758,1334938.55,20970.397975420023,2.1945008486350623,0.809423753903162
Z332369828,Z332369828,CN1CCN(C(=O)Nc2ccc(C#N)cc2)CC1,-3.6175206,0.5227412,2.8550217,0.3408066,-3.8788912,0.0140380307559332,1368860.3,10115.386216551497,1.8343873716932713,0.8105847483566199
Z28737255,Z28737255,COC(=O)c1cc(OC)c(OC)cc1NC(=O)CSC,-2.9981837,0.85981196,2.8549984,0.4036415,-3.4280896,0.0452845824179782,1325479.15,72204.55303253043,1.9632927184683595,0.8073359304644296
Z1493036870,Z1493036870,CC(C)c1cc(Br)ccc1OCC(N)=O,-2.5725741,0.42640015,2.8547277,0.44120523,-2.7857742,0.0482947743724565,1321299.95,36398.91915218775,1.9246319649577615,0.9147456077355999
Z1729693861,Z1729693861,COc1ccnc(NS(C)(=O)=O)c1,-3.03786,0.66623074,2.8545337,0.60181,-3.3709753,0.0308161126517089,1345566.45,30350.6682718437,2.060129420338498,0.7728217140806747
Z2379556371,Z2379556371,N#Cc1nccc(NCC2CCSCC2)n1,-2.5785606,0.44602075,2.8545012,0.8538523,-2.801571,0.0464995498253321,1323792.35,27340.51357102679,2.9602728616003784,0.8651704669237199
Z239126466,Z239126466,CCN(CC)c1ccc(CN)cn1,-2.8702285,0.9496315,2.8543458,0.911142,-3.3450444,0.0518723664781934,1316333.0,77411.08867856077,2.223385903854979,0.7590567105113164
Z837062822,Z837062822,CCOc1ncccc1NC(=O)OCC(F)(F)F,-3.2218928,0.7718263,2.8542066,0.8198241,-3.607806,0.0297837721035761,1346999.7,45891.873319902734,2.2424487069966244,0.9075326950487087
Z1652083158,Z1652083158,Cc1nc(N2CCCN(C)CC2)ccc1Br,-2.7813506,0.90655655,2.8540452,0.71028584,-3.234629,0.0542663593474267,1313009.3,79113.69809400899,2.1856623215021784,0.7885274545631613
Z1266824437,Z1266824437,Cc1ccc(NC(=O)OCC(F)(F)F)s1,-3.3898416,0.86375177,2.8539195,1.1396503,-3.8217175,0.0252753628407822,1353258.95,33071.33572215522,2.5523715803423777,0.8603393036588802
Z14507284,Z14507284,N#CCn1cc(C(F)(F)F)cc(Cl)c1=O,-2.1669774,0.6898351,2.8537939,0.7719978,-2.511895,0.085355205819858,1269847.1,76976.4007582194,2.646914183892674,0.7490962060131879
Z52404256,Z52404256,C#CCNC(=O)c1cccc(OC)c1,-3.5176132,1.2682129,2.8537488,1.2917905,-4.1517196,0.0404023841250404,1332257.35,84245.62307459954,1.8472687513726136,0.7218432473049082
Z404002776,Z404002776,Sc1nnc(NCc2cccs2)s1,-2.5435703,1.0143888,2.8536963,1.051541,-3.0507646,0.0783059387042173,1279633.95,119444.479396695,2.8808676852314985,0.794166674848164
Z5357166173,Z5357166173,CCc1cc(F)cc(N)c1OC.Cl,-4.4597816,2.3730361,2.8534827,0.81954485,-5.6463,0.0172459034105233,1364406.65,21196.913169787247,2.317888701057777,0.7529991174371804
Z1269134364,Z1269134364,COc1ccc(F)c(C(=O)O)c1OC,-3.8493772,0.83778465,2.853395,0.81974113,-4.2682695,0.0137260777181547,1369293.4,16364.157229750634,1.8407525191640737,0.8035551385345793
Z16034821,Z16034821,NC(=O)CSc1ccc(F)cc1,-2.435332,1.024569,2.8533776,1.1577606,-2.9476166,0.0821775128749954,1274258.85,110951.81551974488,1.7487051977714732,0.7232288801381745
Z1104874311,Z1104874311,Brc1ccsc1CNCc1ccsc1,-1.611469,0.47871628,2.853225,0.69324094,-1.8508272,0.140012388806857,1193963.8,74371.24349141945,2.47294024798107,0.9004379657576195
Z85932361,Z85932361,O=C(O)c1cc(Cl)c2c(c1)OCCO2,-5.053554,1.5096886,2.8529737,0.8459742,-5.8083982,0.0053851334317714,1380873.55,9635.809459900089,2.068228514686222,0.7747617428671982
Z56879726,Z56879726,Cl.OC(COCc1cccs1)CN1CCCCCC1,-4.2886763,1.3385683,2.852872,0.70633876,-4.9579606,0.0108230993625526,1373323.75,12981.979948663457,2.687926373418234,0.8769535739835517
Z45527659,Z45527659,CCOc1ccc(Br)cc1S(=O)(=O)NC,-2.6028442,0.5007752,2.852818,0.56264925,-2.853232,0.0464392624338242,1323876.05,28403.46436700108,1.941095041880839,0.9202484210386432
Z19738467,Z19738467,CC(Oc1ccc(Br)cc1Br)C(N)=O,-2.4691868,0.9175558,2.8527484,0.3648483,-2.9279647,0.0817897504231642,1274797.2,117672.51240523424,2.468844363472204,0.9290338165349717
Z1263351836,Z1263351836,CCN1CCCN(Cc2sc(C)nc2C)CC1,-2.080473,1.1637124,2.852709,0.8714367,-2.6623292,0.1364113876183958,1198963.25,199257.5218083059,2.2345502356867097,0.8237141207005955
Z30869273,Z30869273,COc1cc(C(=O)NCC(C)C)cc(OC)c1OC,-3.1355205,0.53699917,2.8526835,0.8169358,-3.40402,0.024993589512731,1353650.15,18860.65471099824,1.7466353688638847,0.8572135478460362
Z608481854,Z608481854,CCOc1cc(CC#N)ccc1OCC(F)(F)F,-2.8483639,0.83338493,2.8522968,0.3684935,-3.2650564,0.050601253286275,1318097.75,74070.14405809874,2.197248079053141,0.8155509979640666
Z169467688,Z169467688,CC(c1cccs1)N(C)CC(=O)NCCC#N,-1.9171005,0.44920412,2.8522873,0.5808365,-2.1417027,0.0995376886231856,1250156.85,63573.55997525623,2.8377467395029594,0.7839350229123893
Z275128574,Z275128574,CCOC(=O)Cn1cc(Br)c(C)n1,-2.6285923,1.128134,2.8522713,0.84292763,-3.1926594,0.0803374149169877,1276813.55,135517.43541016226,2.2859127170417928,0.760334407571908
Z1458196239,Z1458196239,CSCCCNC(=O)[C@@H](N)C(C)(C)C.Cl,-3.522478,1.125224,2.8521848,0.7486955,-4.08509,0.0246305686606403,1354154.15,29290.76338075708,2.979553861240948,0.7339705937867413
Z2609885670,Z2609885670,CC(C)c1nccn1CCOC(F)F,-2.2072196,0.94414234,2.8520594,0.9028717,-2.6792908,0.1023945690928079,1246190.5,131435.55138603103,2.6963890877164296,0.7350742764881124
Z1848951940,Z1848951940,Fc1cnccc1NCc1cscn1,-2.0618615,0.6234402,2.8520346,0.9287687,-2.3735816,0.0905980480426406,1262568.2,58181.54399343488,2.4884985969491726,0.8423520998755455
Z1266854953,Z1266854953,Cl.NC1CCOc2ccc(F)cc21,-5.040085,2.2430072,2.8520303,0.89921397,-6.1615887,0.0084158893650736,1376665.8,13107.834842566486,2.7887278758732386,0.7004718242430644
Z246686976,Z246686976,COc1cc(Cl)ccc1S(=O)(=O)N(C)C,-2.4557672,0.76770484,2.8520215,1.0837703,-2.8396196,0.0662614974610148,1296355.85,76360.29317470895,1.87177453892226,0.8175739198265691
Z1272333810,Z1272333810,OCCCSCCNc1ccc(Br)cn1,-2.7291121,0.68469614,2.8520172,0.45558867,-3.0714602,0.0484513991428674,1321082.5,52152.22705551509,2.4211309721133976,0.7571121177374907
Z409972738,Z409972738,COCCNC(=O)Nc1cc(OC)ccc1OC,-3.6963372,0.68579465,2.8519988,0.37093496,-4.0392346,0.0162078726545898,1365847.8,14920.057622542883,1.705694810607298,0.7542627143611598
Z415653118,Z415653118,N#Cc1cc(N)ccc1OCC(F)(F)F,-2.8269815,0.9367825,2.8519976,0.53069836,-3.2953727,0.0567608672164799,1309546.05,95813.5840961369,2.2757254264962246,0.7696682447864812
Z670157462,Z670157462,CCc1ncc(CNCC(=O)OC)s1,-2.3782725,0.9819797,2.8519778,0.597344,-2.8692625,0.0928232434184462,1259478.85,143526.43041380044,2.4739030708992384,0.7419565723923046
Z2598652097,Z2598652097,CN(CCOC(F)F)Cc1ccc(Br)cc1,-2.7652314,0.89981866,2.851956,0.7802614,-3.2151408,0.0497135448554039,1319330.2,49962.04069050823,2.2298767970266553,0.7990240932107411
Z1509533474,Z1509533474,COC(=O)c1ccc2c(c1)CNCCO2.Cl,-4.8991323,1.8058393,2.8518212,0.82606405,-5.802052,0.0097955126589117,1374750.4,16750.758888480246,2.285340083739939,0.7573828435536829
Z355152782,Z355152782,CN(C)S(=O)(=O)N(C)Cc1ccco1,-2.9288087,0.6655215,2.8518112,0.72928816,-3.2615695,0.0337537364497425,1341488.0,24559.23581873019,2.3749745565861087,0.7399168824659599
Z1782591337,Z1782591337,C=CCNC1CCCOc2ccc(OC)cc21,-3.3465188,0.5631777,2.851574,0.6133365,-3.6281075,0.0199640220405518,1360632.95,17778.631433479346,2.7453266386311856,0.8110085638716477
Z1020847934,Z1020847934,CC(C)(C#N)c1ccccc1Br,-1.686341,0.78696907,2.8514082,1.3178706,-2.0798256,0.1488966759102531,1181629.3,118925.91216261491,2.318616561407838,0.7177184052120595
Z46160319,Z46160319,N#Cc1ccc(NC(=O)CN2CCCCCC2)cc1,-3.1517146,0.52014875,2.8513694,0.6246831,-3.411789,0.0237717434364533,1355346.5,14436.188601912902,1.7050441882797607,0.9040794340732661
Z27644504,Z27644504,CC(C)NC(=O)c1cc(Br)c(Br)s1,-2.2124546,0.47685903,2.8512416,0.67868614,-2.450884,0.0753230453415925,1283775.25,65923.66962698223,2.3528302477463825,0.8861786102950208
Z177096162,Z177096162,CCN(Cc1ccc(Br)s1)C(=O)NC,-2.3464313,0.34512743,2.8510766,0.41145137,-2.518995,0.0602321100587027,1304726.75,34195.673815374656,2.4381328124127855,0.904748111416171
Z219206950,Z219206950,CN(C)C(=O)CN(C)c1ccc(C#N)cn1,-2.699328,0.5024491,2.850766,0.5352716,-2.9505525,0.0443244138725825,1326812.2,40059.794308758,2.4386951658671148,0.7399225818351473
Z1395320779,Z1395320779,COCCOc1ccc(F)cc1NC(C)C,-2.7798388,0.92739284,2.850764,0.8954882,-3.2435353,0.0521514747722116,1315945.5,65807.97343673486,1.9345760977259552,0.7578051423406894
Z1430643027,Z1430643027,CC(C)C(O)CNC(=O)CSC(C)(C)C,-2.8213494,0.5377796,2.85072,0.47363055,-3.0902393,0.0397899665070046,1333107.6,36665.636422132375,2.9707054204925054,0.7589287501881748
Z1771725618,Z1771725618,COCCCN1CCN(CC(C)(C)O)C(C)C1,-3.324943,0.44353074,2.8506818,0.3255371,-3.5467083,0.0195309540101559,1361234.2,12086.2627044095,2.875271993897039,0.701211572061569
Z167204416,Z167204416,CN(Cc1ccsc1)C(=O)c1ccoc1,-2.0472581,0.7697949,2.850492,0.63345045,-2.4321556,0.1031766125256599,1245104.75,96017.97988078848,2.3817885749756513,0.797867177793146
Z1579209181,Z1579209181,COc1ccc(OC(F)(F)F)cc1B(O)O,-4.3616877,0.6837212,2.850141,0.6572149,-4.7035484,0.007416429574675,1378053.4,8339.20461674853,2.522335288535144,0.7393774412736633
Z146564742,Z146564742,COC(=O)CC(C)NC(=O)c1cccs1,-2.9272792,0.81145155,2.8501034,0.99767244,-3.333005,0.0398475528505061,1333027.65,43730.68915106987,2.4501930377532943,0.7915693526911645
Z1000014186,Z1000014186,COc1cc(C#N)ccc1OCC(=O)N(C)CC#N,-3.4093862,1.2099727,2.8499827,0.7975547,-4.0143723,0.0321659523895272,1343692.4,34233.77092930313,2.280140363642861,0.7339486762273988
Z1945700427,Z1945700427,Brc1cccc2c1OCCNC2.Cl,-4.7797174,2.0878372,2.8498142,0.8422682,-5.823636,0.0102407894262974,1374132.2,13980.426204518944,2.74917436539344,0.7766062304320103
Z3241251964,Z3241251964,Cl.Nc1cc(C(F)(F)F)c(Cl)cn1,-3.7043328,1.3261192,2.8498101,1.2557721,-4.3673925,0.0227787301472972,1356725.15,30509.7756010676,2.528734942316518,0.7476170757588755
Z1263529645,Z1263529645,COC(=O)COc1ccccc1CN.Cl,-4.4969034,1.2156123,2.8497355,0.7008681,-5.1047096,0.0097814311953038,1374769.95,15004.126520644246,1.887472349573148,0.7892634226243734
Z1500857181,Z1500857181,CN(C)CCC(=O)Nc1cnc(N(C)C)nc1,-2.737068,0.3009832,2.8494992,0.34460515,-2.8875594,0.0369370475744589,1337068.45,15652.42269578419,2.3109394915395534,0.8045357358232462
Z2002373677,Z2002373677,CC(C)COCCN1CCC(C)(C)S(=O)(=O)CC1,-2.931435,0.72397995,2.8494904,0.4974422,-3.293425,0.0360588108185976,1338287.75,32736.02195727972,2.95530004137653,0.7155352679382454
Z1516184188,Z1516184188,CS(=O)(=O)CCCCOc1cc(Br)ccc1Cl,-2.4241757,0.59612966,2.849476,0.39350477,-2.7222404,0.0646168833507401,1298639.15,63032.67759763581,2.0336823009041023,0.7456405565052601
Z807094744,Z807094744,C=C(C)CN(CC)C(C)c1ccc(C#N)cc1,-1.6757259,0.9661307,2.8493404,0.46257105,-2.1587913,0.1772957467497389,1142201.45,220943.5620665321,2.793269652759914,0.7209474245755433
Z5865728165,Z5865728165,COCCOc1cc(Cl)ccc1CN.Cl,-4.2564335,1.3271272,2.849135,0.7029303,-4.919997,0.0121516188281052,1371479.3,17105.049050207366,2.0622800418808414,0.8171815795210592
Z1037913324,Z1037913324,CN(CC(C)(C)C)C(=O)c1cnns1,-2.1638389,0.534302,2.8490112,0.63450813,-2.4309897,0.0816089962905608,1275048.15,68343.66042821747,2.8797491927607446,0.7501952301622088
Z2507843209,Z2507843209,COc1ccc(Br)c2c1CNCC2.Cl,-4.1618495,1.1618545,2.8489838,0.93377894,-4.742777,0.0125371123996109,1370944.1,17168.05206160559,2.6199145937893036,0.8522353815447924
Z3025680672,Z3025680672,Cl.Cl.NCCc1ccc(CCN)cc1,-5.0976152,2.2639365,2.8489716,1.0031852,-6.2295837,0.009128029675514,1375677.1,12970.58409209084,2.0206421241536763,0.8339334190070807
Z362839416,Z362839416,COc1ccc(C(N)C(F)(F)F)cc1Br,-2.7061574,1.0421312,2.8488097,0.85719264,-3.227223,0.0730625562718334,1286913.6,137502.88431716626,2.663432639427418,0.9056108129487181
Z1783879420,Z1783879420,N#Cc1csc(CNc2ncccn2)c1,-2.215605,0.70113575,2.8487625,0.76970613,-2.5661728,0.0813278352000576,1275438.5,69835.7747293606,2.5104208810416804,0.8522152240960392
Z103889780,Z103889780,CN(Cc1ccco1)CC1CCCO1,-3.1796255,0.9472675,2.8487413,0.94961435,-3.6532593,0.0286676270392912,1348549.3,22040.71975480837,2.6033889098947984,0.7333385639268386
Z2738285230,Z2738285230,C=CC(=O)N1CCOc2cc(OC)ccc2C1,-3.432633,0.7602739,2.8486865,0.98984843,-3.81277,0.0213130334569813,1358760.05,21077.22348525773,2.2951704279944014,0.7282523670857487
Z89296721,Z89296721,Cc1occc1C(=O)Nc1nccs1,-2.932858,0.8870312,2.8485355,0.92144215,-3.3763735,0.0429329419814887,1328744.05,57616.64406009344,2.1912959703075217,0.8233635089853394
Z4297487652,Z4297487652,CC(C)OC(=O)NC1CCNCC1.Cl,-4.735442,1.7067423,2.8485167,0.7231702,-5.5888133,0.0113236215651671,1372628.85,19648.94101542116,2.4342997125112653,0.7406372863600584
Z1263529649,Z1263529649,CCNCc1cccc2c1OCCO2.Cl,-4.4800773,1.6180722,2.8484929,0.74962664,-5.2891135,0.0111883890949687,1372816.6,16517.175598146314,2.2371078440786434,0.8601229463929069
Z90504173,Z90504173,c1coc(CNCC2CCCO2)c1,-3.844624,1.0622078,2.8483481,1.1862079,-4.375728,0.0134870889905283,1369625.2,10751.39725152038,2.5499014008098406,0.7648644324727624
Z1983895097,Z1983895097,Fc1cncc(NCc2cncs2)c1,-2.0211308,0.7150001,2.848254,0.7368159,-2.3786309,0.1004707746605684,1248861.4,79366.54308296413,2.6074269271555544,0.8423520998755455
Z1151235232,Z1151235232,COC(=O)NCCC(=O)NC(C)C(C)C,-3.4882827,0.3867689,2.848145,0.30323693,-3.681667,0.0160473583750495,1366070.65,11496.893485959588,2.4419758346936895,0.7169435470055379
Z1653964817,Z1653964817,COCCOc1ccc(C#N)cc1NC(C)=O,-3.212389,1.0023751,2.8481245,0.52027607,-3.7135766,0.0404968127633521,1332126.25,61481.20534266956,1.9619919500893293,0.7843130535898106
Z1037335988,Z1037335988,CNCC#CCOc1c(C)cc(C)cc1C,-2.905064,0.98546004,2.8479347,0.957803,-3.3977942,0.0451049807325242,1325728.5,50410.39390492798,2.559132041781899,0.7838000167911465
Z68399430,Z68399430,COCC(C)NC(=O)c1cccn1C,-3.347159,1.0445426,2.8479075,0.85680586,-3.86943,0.0299525695970035,1346765.35,40993.36290459104,2.616345195073034,0.7733282147405575
Z1276298526,Z1276298526,CCSCCC(C)NC(=O)c1cccs1,-2.3442204,0.62041366,2.847734,1.0750514,-2.6544273,0.0666075917455972,1295875.35,46918.67562418509,2.7374175084045937,0.7782007865479359
Z1013678578,Z1013678578,COc1ccc(NCc2cncs2)cc1F,-2.22443,0.46191028,2.8477273,0.5286796,-2.4553852,0.0708691972485324,1289958.75,50033.36411023648,2.2091936258500056,0.8888977005599186
Z1874937796,Z1874937796,CNCCN1CCC(C(=O)OC)CC1.Cl.Cl,-5.395424,2.0359547,2.8477223,0.7084314,-6.413401,0.0068502899124861,1378839.4,12411.464770122822,2.250572115123191,0.7738633137039304
Z808553260,Z808553260,COC(=O)C(C)N(C)Cc1ccoc1C,-2.6800666,0.73622394,2.8477063,0.86030364,-3.0481787,0.0513571865883962,1317048.25,63948.6264143922,2.860742728184814,0.7090806201919218
Z3300791312,Z3300791312,Cc1cc(C#N)ccc1OCC(=O)O,-4.1883397,0.6522794,2.847653,0.6105394,-4.5144796,0.0090668419346706,1375762.05,10685.150019887416,1.8619214763803988,0.7818884502586291
Z512447382,Z512447382,CCC(CC)C(=O)NCc1c(OC)cc(OC)cc1OC,-2.5578752,0.5200796,2.847552,0.23817268,-2.817915,0.0531198545035473,1314601.05,46654.21653556621,2.1394104220516024,0.8009556498600101
Z1273052092,Z1273052092,CC(CO)SCc1ccc(C#N)cc1,-3.1565375,0.8117698,2.8472197,0.44000956,-3.5624225,0.028417618035798,1348896.4,27323.116389606806,2.7798735974399005,0.8225593766694131
Z1139415530,Z1139415530,CCN1CCN(C2CCN(CCOC)CC2)C1=O,-2.8446674,0.46613225,2.8469598,0.33709577,-3.0777335,0.0360524003313286,1338296.65,29758.89439860796,2.3315348830054887,0.7306664099686102
Z447985106,Z447985106,COc1c(N)cc(C(C)(C)C)cc1C(C)(C)C,-2.3063421,0.80447483,2.8469565,1.5082386,-2.7085795,0.0750712716534014,1284124.8,56349.75344364871,2.255654417260949,0.7498435701569397
Z450394732,Z450394732,C#CCNC(=O)c1oc(Br)cc1C,-3.195895,0.7866388,2.8469024,0.8600596,-3.5892143,0.0287179745741348,1348479.4,27211.02719928081,2.8991905192395944,0.8019372163049643
Z1481102552,Z1481102552,Fc1cnc(NCc2cccs2)nc1,-2.1324806,0.909264,2.8468564,1.0070395,-2.5871127,0.1041421471530954,1243764.25,111569.23469168149,2.271485463740918,0.8423520998755455
Z433016404,Z433016404,CN(CCC(N)=O)Cc1cc(Br)cs1,-2.0820436,0.48094395,2.846679,0.37581575,-2.3225157,0.0890867216479994,1264666.45,82097.34179221335,2.428914188931005,0.8919520026193606
Z19691733,Z19691733,COc1cc(C)c(CSCC(=O)O)cc1OC,-3.1972032,0.78814507,2.8466134,0.7983328,-3.5912757,0.0279241545719739,1349581.5,28366.438221073862,2.0119859798338666,0.8462124875943431
Z237478594,Z237478594,CNCCCCOc1ccc(C)cc1OC.Cl,-4.047265,1.3510906,2.8464694,0.7409641,-4.7228103,0.014086685634026,1368792.75,16497.578206739923,1.8424067156198216,0.7641785487922083
Z26343345,Z26343345,NC(=O)COc1c(Cl)cc(Cl)cc1Cl,-2.1260862,1.0334063,2.8463798,1.1739547,-2.6427894,0.111731227716354,1233227.95,119945.40990236976,1.9336153050268567,0.9008915231551685
Z1726058699,Z1726058699,COc1ccc(Br)c(F)c1C(=O)O,-4.2185984,0.5754902,2.8461385,0.8775756,-4.5063434,0.0079371556163791,1377330.45,10132.689127151783,2.206203550913804,0.8740751974533906
Z283666006,Z283666006,CS(=O)(=O)N1CCCN(CCOc2ccc(C#N)cc2)CC1,-3.1606376,0.26938018,2.8459196,0.4284509,-3.2953277,0.0228288976122735,1356655.5,17710.07737278412,2.0410528857227366,0.8049187436006991
Z1449373505,Z1449373505,CS(=O)(=O)c1nccn1CCCF,-1.9159687,1.2861453,2.8458927,1.138158,-2.5590413,0.1799329059675154,1138540.15,320252.0249174508,2.913036673085749,0.7262866915644333
Z331852952,Z331852952,NCc1ccc(N2CCCC2)cc1,-3.3490548,1.4192204,2.845813,1.2562609,-4.0586653,0.0446224655166205,1326398.4,66909.03157377186,1.6080672803731986,0.7434462377696998
Z432746440,Z432746440,CCCN(CC)Cc1ccc(OCC)c(OC)c1,-2.6175494,0.8805529,2.8455586,0.33265507,-3.0578258,0.0634821550761695,1300214.55,66697.0026661431,1.788760656761145,0.7071476874068584
Z103966292,Z103966292,CNC(=O)CN(C)Cc1ccc(Br)s1,-2.5399852,0.31220907,2.8455062,0.26396438,-2.6960897,0.0481332517016602,1321524.2,32460.310456925705,2.2925623670686566,0.9079697262753044
Z221028306,Z221028306,CC(=O)NC(C)C(=O)N(C)Cc1ccsc1,-2.2499435,0.68389916,2.8454266,0.8726106,-2.5918932,0.0793461302985558,1278189.8,82930.54933894989,2.699488755570016,0.8602718843247935
Z5622954834,Z5622954834,CNc1ccc(Cl)cc1C(F)(F)F.Cl,-4.415433,2.0206587,2.8453617,0.9352548,-5.425762,0.0165468721864083,1365377.15,22303.371521532343,2.145093332944885,0.7936014521803304
Z1643359057,Z1643359057,COC(C)CNC(C)c1ccc(C#N)cc1,-2.8419948,0.6851516,2.845311,0.39106512,-3.1845706,0.0398263406201605,1333057.1,34458.168347867824,2.898083849016116,0.8240203192755647
Z1259136095,Z1259136095,COc1ccc(Br)c(CC(=O)O)c1,-3.9885411,0.52731186,2.8452156,0.4643451,-4.2521973,0.0089898080455216,1375869.0,6321.146596939514,1.7903193104483872,0.8862320354551411
Z367858636,Z367858636,O=C(CSc1cccs1)Nc1nncs1,-2.0468428,0.5661479,2.8451858,0.92072755,-2.3299167,0.0920799870349695,1260510.75,77076.60255153634,2.5417887132095114,0.8541082576191522
Z1796316012,Z1796316012,CN(C)CC(=O)Nc1ccncc1N(C)C,-2.4267712,0.43326914,2.8450775,0.69120985,-2.6434057,0.0543234775092735,1312930.0,24747.54078085336,2.3108790656882245,0.8122374353532639
Z2242131332,Z2242131332,CCOC(=O)CNC1CCCCC1.Cl,-4.5685143,1.980266,2.8450437,0.9452229,-5.558647,0.0141686894515072,1368678.9,20767.4628443149,2.0226571039107615,0.7373595024990313
Z33407919,Z33407919,CC(C)OCCCNC(=O)c1ccco1,-3.323834,0.58548063,2.8447955,0.8899539,-3.6165743,0.0196963661900817,1361004.55,11835.189151319044,1.990923228694026,0.7301389758336261
Z1516118908,Z1516118908,C[C@@H](N)c1ccc2c(c1)OCCO2.Cl,-5.010017,2.102038,2.8446727,0.8914782,-6.061036,0.0099898800734684,1374480.55,17264.322750907435,2.559583251753198,0.7784396803221862
Z1908361912,Z1908361912,CCC(=O)N1CCOc2ccc(F)cc2C1,-2.9398334,1.1206619,2.8446226,0.9156317,-3.5001643,0.0572402132027226,1308880.55,99622.69521423068,2.0624500138098707,0.7279672913580436
Z644880774,Z644880774,C#CCNC(=O)CN(C)Cc1cnc(C)s1,-1.9599346,0.86870724,2.8445818,0.6689948,-2.3942883,0.1233672344869808,1217073.1,145062.20421974154,2.6824446291944852,0.7641438191061676
Z17589587,Z17589587,COC(=O)c1cc(OC)c(OC)cc1NC(C)=O,-3.3990784,0.5584367,2.8444533,0.49615732,-3.6782968,0.0208726185760075,1359371.5,27538.98852808505,1.7611788875303755,0.821929447959485
Z1954947905,Z1954947905,N#Cc1cc(N2CCCS(=O)(=O)CC2)ccn1,-2.6262429,0.67696625,2.8443463,0.59370196,-2.964726,0.0494925991284618,1319636.95,43265.67384252209,2.6401935049174803,0.7295129376960002
Z745689692,Z745689692,COCCN(C)C(=O)Nc1ncc(C)s1,-2.8909698,0.69449574,2.8436828,0.81660557,-3.2382176,0.0395654914106673,1333419.25,46982.64876300079,2.3606074152391887,0.8521182504341259
Z4296631679,Z4296631679,COCCN1CCN(C2CNC2)CC1.Cl.Cl.Cl,-5.636805,2.2331536,2.8434618,0.7973012,-6.7533817,0.0070760615118666,1378525.95,14048.64086121857,2.5854987821983375,0.8178935464576845
Z3468986860,Z3468986860,CNCc1cccc(OCC(=O)OC)c1.Cl,-4.7332373,1.5842383,2.8433166,0.8140897,-5.5253563,0.0102785320704432,1374079.8,18117.75238157316,1.881732017387689,0.7966215832277689
Z2477019976,Z2477019976,CC[C@H](O)COc1ccc(F)c(OC)c1,-3.3415744,0.504116,2.8431778,0.34018716,-3.5936325,0.0211816904959124,1358942.4,21367.164092129773,2.3217311240572354,0.8141474858900338
Z1575304404,Z1575304404,Br.Br.c1cnnc(N2CCCNCC2)c1,-3.368466,2.3155575,2.8430703,1.5287741,-4.5262446,0.1699299888356682,1152427.7,394289.68086891394,2.601229929310483,0.8400484601049096
Z549572294,Z549572294,O=C(NCCNc1cnccn1)N1CCCCCC1,-2.8687887,0.5925573,2.8429642,0.6389654,-3.1650674,0.0358901213670904,1338521.95,28399.350065582486,2.174033558909132,0.807142375649366
Z218050990,Z218050990,COCCOCC(=O)Nc1cc(OC)cc(OC)c1,-3.7565517,0.9926783,2.8428762,0.60538834,-4.252891,0.0186073756617567,1362516.45,18822.57388742305,1.8819763745840223,0.7206421262684649
Z433869340,Z433869340,Clc1snnc1CN1CCSCC1,-2.0756927,0.6457014,2.842875,0.5522304,-2.3985434,0.0913855655994525,1261474.85,70272.6130973333,2.8407502763246164,0.781149849003373
Z991031312,Z991031312,CS(=O)(=O)CCN1CCn2ccnc2C1,-2.8948436,1.1464094,2.8427777,0.8390269,-3.4680483,0.0553946411207547,1311442.85,72090.82149571816,2.62628037155117,0.7165651070890915
Z2429433730,Z2429433730,CN(Cc1nccs1)c1nccnc1F,-1.5977122,0.57846355,2.8427753,0.81882817,-1.8869439,0.1491173335254079,1181322.95,120025.107314876,2.9214150508253827,0.7955459448050635
Z1535583950,Z1535583950,N#Cc1cc(CN2CCCSCC2)ccc1F,-2.6297326,1.0070535,2.8426485,0.84486735,-3.1332593,0.0693602117621636,1292053.75,97699.79697004236,2.3166760009928336,0.80710098454706
Z1824120578,Z1824120578,COc1ccc(CN(C(C)=O)C(C)(C)C)c(OC)c1,-2.3736706,0.781993,2.8421807,0.5628988,-2.764667,0.0799724853243059,1277320.2,98797.5100448387,2.162779405062979,0.8399600695115259
Z56889033,Z56889033,CCOc1ccc(NCCC#N)cc1,-3.5940857,0.639334,2.842072,0.5476649,-3.9137528,0.015532250513199,1366785.8,14875.320731332147,1.8265571241536769,0.7250187205751573
Z1255490316,Z1255490316,COc1ccc2c(c1)CCCCN2,-3.8165073,2.3227105,2.8420167,1.8788575,-4.9778624,0.1263301400943566,1212959.55,295630.4354158203,1.9475348917092319,0.7110379085562439
Z1139362209,Z1139362209,CC(C)OCCN(C)CC1CCN(CCO)CC1,-3.5311902,0.7953594,2.8418195,0.5393528,-3.9288697,0.0203811358807216,1360053.85,25759.421818579314,2.3174677336842215,0.7057662350056726
Z1646021420,Z1646021420,CC(O)CC(C)Nc1ccc(C#N)cc1,-3.564202,0.52581996,2.8418164,0.31834108,-3.827112,0.0166131018835308,1365285.2,16710.311934850288,2.884024837346338,0.7895334433207012
Z1002214090,Z1002214090,N#Cc1c(F)cccc1N1CCCSCC1,-2.584896,0.8773975,2.841798,0.82756513,-3.0235949,0.0584213274750603,1307240.75,53789.61801581695,2.376437104110874,0.7497374730478913
Z912643046,Z912643046,COc1cc(Br)c(NC(=O)N(C)CC(C)C)cc1OC,-2.5709555,0.7576612,2.8416657,0.56230986,-2.9497862,0.0593743652537184,1305917.6,53131.64308526512,2.131956143722352,0.8873914872927129
Z1080671188,Z1080671188,CC(C)CN(CC(=O)O)C(=O)C(C)C,-3.1617875,0.6634257,2.8416052,0.42133504,-3.4935002,0.0306222134188065,1345835.65,38903.2111595881,2.1764568494284013,0.7270300895701397
Z1269209863,Z1269209863,COc1cc(Br)c2cccnc2c1,-1.8345268,1.1411469,2.8415973,1.2270042,-2.4051003,0.1559089566751899,1171893.8,173757.36457733237,1.9583877749568508,0.7613099776046056
Z96092275,Z96092275,Nc1nc(CN2CCOCC2)cs1,-3.3271267,1.140656,2.8415232,0.7344738,-3.8974547,0.038053120610797,1335518.95,67692.97077132529,2.1961753775391895,0.7557633345530009
Z1526903838,Z1526903838,Cc1cc(N(CCO)CCCO)ncc1Br,-2.989751,0.3298425,2.841443,0.2834719,-3.1546724,0.0278177692944863,1349729.2,19426.35448713937,2.6432191047189626,0.8293877188719146
Z53825508,Z53825508,CCS(=O)(=O)NC1CCCCCCC1,-3.0412498,1.0743335,2.8414397,0.9674432,-3.5784166,0.0491675009903842,1320088.3,81076.14444033461,1.9993101714909542,0.7892412930016947
Z1250132367,Z1250132367,COc1cccc(OCCCN)c1.Cl,-4.813687,1.8138146,2.841425,0.6879844,-5.7205944,0.0093704397306154,1375340.55,14620.827967235646,1.7422870634249321,0.7660191302536429
Z56828434,Z56828434,COc1ccc(NC2=NCCCS2)cc1OC,-3.4282107,0.8299313,2.8414063,0.9392924,-3.8431764,0.0235027550689668,1355719.95,29283.270352668944,2.262786205074466,0.8976570007534037
Z1526496694,Z1526496694,CC(C)S(=O)(=O)CCCn1ccnc1C#N,-2.242165,0.57008165,2.8413901,0.5538057,-2.527206,0.0736095725141355,1286154.15,57584.98472716217,2.9724386363501214,0.7693067637653551
Z8590433476,Z8590433476,N#Cc1cncc(NCc2ccon2)n1.O=C(O)C(F)(F)F,-3.1504645,1.1700975,2.8413482,0.8857249,-3.7355132,0.043702200453776,1327676.05,71789.9433308559,2.9892018448008386,0.8741822597414888
Z164431970,Z164431970,C=C(C)CNC(C)c1cc(OC)ccc1OC,-2.5319695,0.5025245,2.841339,0.44454917,-2.7832317,0.0549603846292361,1312045.75,55945.19371749016,2.5210994186462017,0.7689659463635541
Z56931828,Z56931828,CCCCn1c(N)c(Br)c(=O)n(C)c1=O,-1.9138715,0.3181801,2.8412247,0.7329785,-2.0729616,0.0959467713472826,1255142.3,46352.71298974851,2.4480550122950415,0.8826752233498654
Z56924545,Z56924545,C1CCC(NC2CCCCC2)CC1.Cl,-4.1626825,1.3105037,2.8410704,1.434396,-4.8179345,0.0124552526380236,1371057.75,15282.105414094616,1.9542442972780236,0.7446469846629025
Z1929711397,Z1929711397,OCCCCCNc1cncc(Br)c1,-2.598558,0.8866013,2.8410494,0.7884122,-3.0418587,0.0627289588360283,1301260.25,70563.16343381652,2.1939440472306,0.7709957423872561
Z103718520,Z103718520,COc1ccc(CN2CCOCC2)cc1Br,-3.394818,0.7768072,2.84099,0.8449292,-3.7832217,0.0233360463859978,1355951.4,36018.096132916304,1.7677270706660586,0.8506857608202577
Z756361598,Z756361598,CCC(C)(C#N)NC(=O)c1cc(OC)c(OC)c(OC)c1,-2.7472434,0.45028204,2.8407924,0.97337234,-2.9723845,0.0387628839989915,1334533.55,25564.407643196035,2.682445317725154,0.8684093283898462
Z641205246,Z641205246,N#Cc1c(Cl)nsc1N1CCCCC1,-1.2468202,0.7353242,2.8407493,0.80183446,-1.6144823,0.2198084776893435,1083178.9,190387.19686415367,2.782059431845985,0.7407163464531314
Z1269115043,Z1269115043,COc1ccc(C=O)c(OC)c1Cl,-2.9318125,0.47349754,2.8406644,0.6412406,-3.1685612,0.0333751575611336,1342013.6,30819.164127860444,2.2443782115472874,0.7019313578615144
Z32013560,Z32013560,CC(Oc1ccc(Br)cc1)C(=O)N(C)C,-2.8181849,0.66388565,2.8404841,0.44273683,-3.1501276,0.0448303741851838,1326109.75,54925.964346450026,2.256787343569428,0.8446056607236413
Z237479430,Z237479430,Brc1ccc(OCCN2CCOCC2)cc1.O=C(O)C(=O)O,-4.7150674,0.9494183,2.8404372,0.50354147,-5.1897764,0.0050954370295674,1381275.75,5246.045795406289,1.924396434109834,0.7653949069941948
Z381542302,Z381542302,O=C(Nc1ncccn1)OCC(F)(F)F,-3.114489,1.0229207,2.8403637,1.0903515,-3.6259494,0.0403943530089674,1332268.5,62017.83553019244,2.3142667022935974,0.8230052661149266
Z356179648,Z356179648,CC(C)NC(=O)NCC#Cc1ccccc1,-2.9509912,1.4152167,2.8403602,1.2280514,-3.6585994,0.0821393020491951,1274311.9,156040.61602188705,2.123954629194486,0.7264301795803212
Z432810470,Z432810470,CCCN(C)CC(=O)NCc1ccco1,-2.684319,0.54055375,2.8402915,0.6190176,-2.9545958,0.0466215651672849,1323622.95,51603.19849919673,2.033015536386335,0.7679669751139919
Z1210297690,Z1210297690,Brc1ccc(-c2nccs2)cc1,-2.4309738,2.14457,2.840174,2.088407,-3.5032587,0.2139005294054093,1091381.2,420129.8419978757,1.8937587042649806,0.7419850982058163
Z19627380,Z19627380,COc1ccc(NC(=O)COC(C)=O)c(OC)c1,-3.7482567,0.4524283,2.8401523,0.5184389,-3.9744709,0.0130189793639932,1370275.1,11797.67446533426,1.6484091465570643,0.7981550309422953
Z1509096005,Z1509096005,CNC(CO)c1cc(OC)ccc1Br,-3.0642433,0.66518056,2.8399477,0.26756147,-3.3968337,0.033454100190874,1341904.0,41551.11946386042,2.6255893246276916,0.8655126605985922
Z1076467054,Z1076467054,CCOc1ccc(CNC(C)C)cc1,-3.6390655,1.299556,2.83994,1.1723955,-4.2888436,0.0364373176792595,1337762.25,73797.4048452078,1.5191149052187658,0.7757185185162965
Z1011592740,Z1011592740,CCN(CC)C(=O)Nc1cc2c(cc1SC)OCCO2,-2.675029,0.6583348,2.8399262,0.38604474,-3.0041964,0.0531476572910289,1314562.45,75062.47481496664,2.4251998613255044,0.8676635135184879
Z285673186,Z285673186,N#Cc1cc(S(=O)(=O)Cl)ccc1Cl,-1.7239774,0.72151405,2.8397832,0.98620075,-2.0847344,0.1386998235315302,1195786.1,109240.27411531884,2.2609325101898214,0.7015279141147248
Z56755950,Z56755950,Cl.Cl.NCCOc1ccccc1OCCN,-4.6393337,1.6688509,2.8395944,0.7661995,-5.473759,0.0109931573450499,1373087.65,17196.223054133137,2.1261770467769026,0.8138398737426925
Z595446764,Z595446764,O=C(Nc1cccnc1)N1CCCSCC1,-3.0101867,1.2627426,2.8395247,1.188824,-3.641558,0.0703056866064032,1290741.1,139284.14922664387,2.1899229434334373,0.8127825977065944
Z1186016805,Z1186016805,CC(C)(C)OC(=O)NCC(C)(C)N1CCSCC1,-2.718742,0.63187504,2.8393154,0.37899125,-3.0346794,0.0465138473727806,1323772.5,39394.6612632981,2.659632733684223,0.857490245609693
Z1029467984,Z1029467984,COc1ccc(NC2CCCSC2)c(C)c1,-3.3264046,0.7379136,2.8390746,0.58125776,-3.6953614,0.0229215255519141,1356526.9,22870.25396426546,2.6257214459332427,0.8711644123384251
Z1374991553,Z1374991553,O=C(Nc1ccc(Cl)cn1)N1CCCCCC1,-3.3042367,0.99404657,2.8389962,1.1378272,-3.80126,0.034302841502503,1340725.65,61660.371234914746,1.8865749020917324,0.8357452259761146
Z1509606602,Z1509606602,COc1cccc(NC(=O)CCl)c1OC,-3.585687,0.661784,2.8389783,0.6728725,-3.916579,0.0174565851550402,1364114.15,20958.53406675906,1.8484111675844037,0.8023960013701612
Z1271649339,Z1271649339,NC(=O)COc1ccc(OC(F)(F)F)cc1,-3.7117603,0.7978347,2.8388422,0.66140586,-4.1106777,0.0170088594374617,1364735.75,17075.60128040884,1.8039005325934134,0.8585918064133117
Z4918409536,Z4918409536,Cl.NCc1ncc(Br)c(=O)[nH]1,-4.747182,2.0154772,2.838757,1.1368917,-5.7549205,0.0142417257896063,1368577.5,24005.056230927683,2.9391393472862397,0.746893221483583
Z979002660,Z979002660,CCOc1c(Cl)cc(C(=O)NCC#N)cc1OC,-3.0242674,0.52600074,2.8387322,0.8817773,-3.2872677,0.0297739402888319,1347013.35,26141.701729755467,2.0985165248930144,0.8293410067101906
Z112995744,Z112995744,COc1cc(C#N)ccc1OC(C)C(=O)NC(C)(C)C,-2.8080087,0.8338168,2.8387103,0.49278224,-3.2249172,0.0494438362084489,1319704.65,50735.37806232944,2.4955323641337284,0.915177958519751
Z401011288,Z401011288,CCN(CC)C(=O)N1CCN(CC(N)=O)CC1,-3.3084102,0.247966,2.838699,0.35501367,-3.432393,0.0189932293729967,1361980.75,14557.443037412168,2.1133277858539348,0.7257350320720679
Z825879534,Z825879534,CNC(=O)c1cnc(C(C)(C)C)s1,-1.8740127,1.0285875,2.8386457,1.02727,-2.3883064,0.1483942809810206,1182326.8,202554.97727175208,2.49935513462421,0.7473095459574229
Z44584850,Z44584850,O=C(Nc1ccc(F)cc1)N1CCCCCC1,-3.486174,1.4403466,2.8382735,1.7728355,-4.2063475,0.0551656282637662,1311760.8,118024.14383997876,1.5540694075862387,0.797288739168614
Z108566658,Z108566658,CNCc1ccccc1N1CCOCC1.Cl,-4.521291,1.3951577,2.8382392,0.7755731,-5.2188697,0.0100105520942125,1374451.85,14869.3416743143,1.9869884753483316,0.8728281190029175
Z3036775256,Z3036775256,C[C@H](NC(=O)CCl)c1ccsc1,-2.1931956,1.0209136,2.838164,0.8413753,-2.7036524,0.1073206684193466,1239351.35,133187.22665528965,2.7304558211383867,0.7500452921168416
Z905238570,Z905238570,CCOC(=O)CN(C)C(C)C(=O)N1CCCCCC1,-2.9689503,0.5695795,2.8378463,0.65121734,-3.25374,0.0323010408038317,1343504.85,27862.781189743066,2.5379014227279004,0.7060307828600445
Z448248598,Z448248598,COC(=O)c1ccc(Br)cc1Cl,-3.6436577,0.92298025,2.837657,0.8262196,-4.105148,0.0190991824828034,1361833.65,25379.077584252347,1.6659780998693776,0.7154933854814735
Z1607788786,Z1607788786,COC[C@H](O)COc1ccc(F)c(Br)c1,-3.4867673,0.3177603,2.837592,0.33108944,-3.6456475,0.0149957503511363,1367530.65,9998.979214274828,2.5223754017307805,0.89526159583033
Z963434670,Z963434670,COC(=O)COc1ccc(OC)cc1C(N)=O,-3.4554114,0.3517049,2.8375816,0.39859194,-3.631264,0.0161978247560052,1365861.75,13802.038888783787,1.786955879499418,0.7486625606476617
Z1711321928,Z1711321928,COc1cc(CN2CCC(N)CC2)cc(OC)c1.Cl,-4.4239345,1.4967595,2.8372483,0.8231514,-5.172314,0.0113099362552669,1372647.85,15256.790141687734,2.067790955358836,0.9202350687752726
Z1269147148,Z1269147148,COc1ccc(Br)c(C=O)c1F,-3.0876966,0.4437853,2.837219,0.7178972,-3.3095891,0.0262708610941044,1351876.85,17286.437661574462,2.442111272946299,0.7328496562776458
Z1570848203,Z1570848203,N#Cc1ccncc1NCC1CCSCC1,-2.0252051,0.6893076,2.8372188,0.7023963,-2.369859,0.1051985090215004,1242297.65,130521.83704050256,2.8274823542354017,0.8711394872970418
Z1621184421,Z1621184421,COc1cc(NC2CCOCC2)cc(OC)c1C(C)C,-2.9560533,0.42700925,2.8370457,0.56315553,-3.1695578,0.0308656318651636,1345497.7,25230.72659496749,2.3183322789079206,0.896219161148595
Z32451308,Z32451308,CSCC(=O)NC1CCCCCC1,-3.4369252,1.2653737,2.8369508,1.14398,-4.069612,0.0369988475528505,1336982.65,62854.65408565623,1.9348231179921953,0.709167186400477
Z1506246127,Z1506246127,CN(CCNS(C)(=O)=O)CCc1nccs1,-1.9271591,1.1056064,2.8368554,0.8681362,-2.4799623,0.1570853171030358,1170260.6,252711.19952277545,2.5930582655581222,0.7613987488157303
Z86748193,Z86748193,CCCC(=O)NC(C)(C#N)C(C)C,-2.5025234,0.51662976,2.8368535,0.41744962,-2.7608383,0.0558983325530305,1310743.55,51239.84098772653,2.8008589048442687,0.720877531018586
Z1822536317,Z1822536317,CC(C)(C)OCCn1cc(F)ccc1=O,-2.0421414,0.96359015,2.8365052,1.0814475,-2.5239365,0.1228454640400475,1217797.5,176658.87050343666,2.409011964957763,0.7662948081150491
Z1725547744,Z1725547744,N#Cc1ccc(NCC(F)(F)CN)c(Br)c1,-2.750644,0.629062,2.836266,0.45826092,-3.065175,0.0449334461771168,1325966.65,49938.0522019782,2.766308046010229,0.8942534294894643
Z436015554,Z436015554,COc1ccc(NC(=O)N2CCCCCC2)c(C(F)(F)F)c1,-2.7052674,0.6681023,2.8362586,0.79363585,-3.0393186,0.047739258832427,1322071.2,54900.78868158453,1.9492118817769217,0.8914205181841686
Z32014561,Z32014561,CN(C)C(=O)c1cc(Cl)cc(Cl)c1,-2.587986,1.1782236,2.8362517,1.0241668,-3.1770978,0.0888107465696689,1265049.6,151521.74288939525,1.8186008359816768,0.7090673528364481
Z274638872,Z274638872,CNC(=O)c1ccc(OC)c(C)c1,-3.6723652,1.1279172,2.8361683,1.0832406,-4.236324,0.0220936363308963,1357676.3,32030.602540539257,1.5056146950637697,0.744086739322665
Z1222424166,Z1222424166,CNC(=O)c1ccc(OC)cc1C,-3.4918091,1.0456074,2.8361626,1.0291963,-4.0146127,0.0255614578456441,1352861.75,38980.17071650021,1.5708933763824522,0.744086739322665
Z31483452,Z31483452,CSCC(=O)NC1CCCCC1,-3.284085,1.2033142,2.8361573,0.99569786,-3.8857422,0.0398584650844527,1333012.5,63657.74198123901,1.9541745930820458,0.7296689425861506
Z435777664,Z435777664,Cc1cc(Br)cc(C)c1NC(=O)N1CCCC1,-2.479378,0.8877213,2.836058,1.0350327,-2.9232388,0.0721648719703245,1288159.9,85825.02703168815,1.9585186276670683,0.8420426524398398
Z434674024,Z434674024,CCOc1ncccc1NC(=O)N1CCCC1,-2.8085732,0.8294957,2.8359866,1.0317134,-3.2233212,0.0485841106349264,1320898.25,60959.66068792952,1.9491482144936185,0.8725476615345662
Z2310671744,Z2310671744,Cl.Cl.N[C@H]1CC[C@H](N2CCCC2)CC1,-5.3213134,2.059615,2.8359303,0.83420396,-6.351121,0.0085175568120431,1376524.65,13223.86848571552,2.3974240368355897,0.7621158929959168
Z988068212,Z988068212,COc1ccc(Br)c(NC(=O)NC(C)C)c1,-2.9849784,0.8076871,2.8356802,0.53972214,-3.388822,0.0390512838981526,1334133.15,38008.04646818224,1.8479667222177412,0.8975353407873008
Z973170086,Z973170086,CC(C)CN1CCCN(C(=O)NCC(F)(F)F)CC1,-3.0094094,0.25577453,2.835572,0.30604917,-3.1372967,0.0261595058882846,1352031.45,14233.781624975843,2.2103349163751957,0.8576389721322051
Z26413939,Z26413939,COc1ccc(NC(=O)C(C)(C)C)cn1,-3.172504,0.90601504,2.8354099,0.93939036,-3.6255114,0.0342346310368422,1340820.35,45138.36283725297,1.9849804264962234,0.8090695349347061
Z56850819,Z56850819,CCOc1c(Cl)cc(C(=O)O)cc1Cl,-3.5975728,0.55243844,2.8351898,0.71033895,-3.873792,0.0152509813807757,1367176.3,15322.536099158,1.8243766355881874,0.874926325763846
Z1069966938,Z1069966938,CSCC(=O)N1CCCN(Cc2cscn2)CC1,-2.3638334,0.51190996,2.8351853,0.471332,-2.6197884,0.0634694781575252,1300232.15,60137.98366197108,2.3985470827966484,0.8406915563280375
Z1827871961,Z1827871961,C=CC(=O)Nc1ccc(Br)cc1OC(F)(F)F,-2.964492,0.564779,2.8350444,0.83901507,-3.2468815,0.0323346778550077,1343458.15,32845.62176040362,2.3140758126097865,0.868237390852866
Z9422090066,Z9422090066,CC(N)c1cc2c(cc1Br)OCCO2.Cl,-4.2279644,1.3201832,2.8349655,0.93038046,-4.888056,0.0118348039039147,1371919.15,14439.319250833814,2.921977343569429,0.8658589529149053
Z193284260,Z193284260,CCONC(=O)c1cc(OC)cc(OC)c1,-3.813889,0.83271545,2.8349113,0.8378801,-4.2302465,0.0134405949508409,1369689.75,14627.188112808968,2.002884838984695,0.769130537462888
Z18842431,Z18842431,COC(=O)CCSC(C)C(=O)Nc1cc(OC)cc(OC)c1,-2.8587432,0.57127213,2.8348975,0.27046916,-3.1443791,0.039555299456189,1333433.4,38628.03743060214,2.556369505029192,0.7388020770510209
Z71501006,Z71501006,CCc1sc(C(=O)N(C)C)cc1C,-1.9887965,0.8060454,2.8348556,1.104378,-2.3918192,0.1140155220225447,1230056.55,118816.55629813336,2.3436714242169714,0.7122200701904099
Z1590667550,Z1590667550,Cc1nc(N(C)CCC#N)ccc1Br,-1.8530649,0.44081035,2.8347461,0.51132923,-2.07347,0.1078998811538877,1238547.2,81118.97061760584,2.6539615573520567,0.8314946005758445
Z4881793559,Z4881793559,COCCOCc1cccc(CN)c1.Cl,-4.411331,1.2589464,2.8346999,0.8486607,-5.0408044,0.0099867828717541,1374484.85,13810.463316902153,1.9820907173029791,0.7588437206692583
Z2471939087,Z2471939087,COc1cc(NCc2nccs2)ccc1C,-2.3360906,0.48666376,2.8345904,0.60372514,-2.5794225,0.0629961825188173,1300889.25,37465.47048400033,2.0677912847128805,0.882417279450918
Z90682791,Z90682791,CNS(=O)(=O)c1cc(OC)c(OC)cc1Br,-2.6814423,1.219139,2.8341994,1.459929,-3.2910118,0.0817787661612705,1274812.45,147516.7411006205,2.0180023215021787,0.9122241220157821
Z900516412,Z900516412,c1ncn(CCNCc2ccsc2)n1,-2.1173522,0.7388377,2.8341355,0.76656,-2.486771,0.0954032484604027,1255896.9,98416.46478709747,2.458375091186644,0.7489692113652555
Z104483428,Z104483428,COc1ccc(O)c(C(C)(C)C)c1,-3.213686,0.71325827,2.8339636,0.70085764,-3.5703151,0.0252911369611409,1353237.05,19774.03990204076,1.8166705192395955,0.7196204900637714
Z57052887,Z57052887,Brc1ccc(CN2CCNCC2)s1,-2.6917427,0.51585567,2.833954,0.40063307,-2.9496706,0.0414564771131199,1330793.9,23553.182230645605,2.286692786446073,0.8745485346704813
Z203974470,Z203974470,COc1ccc(C)cc1Cn1ccnc1,-2.454422,0.8658431,2.8339531,1.3372602,-2.8873436,0.06863856376274,1293055.65,62424.75154638183,1.9425241742600896,0.7628953207646711
Z4655970823,Z4655970823,COc1cc(Cl)ccc1C(C)(C)N.Cl,-3.7320142,1.3252802,2.8339381,0.62177616,-4.3946543,0.0189938776245182,1361979.85,18975.09671721069,2.2934766296481826,0.8561874592346688
Z25083162,Z25083162,COC(=O)c1ccc(OCC(=O)N(C)C)c(OC)c1,-3.6543198,0.37299642,2.833917,0.4633428,-3.840818,0.01301494579897,1370280.7,10106.39083501128,1.764819984248497,0.743066925276937
Z1764876623,Z1764876623,CCNC(=O)CNc1cncc(OCC)n1,-2.8002784,0.57805175,2.8337262,0.55842656,-3.0893042,0.0422041632153274,1329755.85,52103.12625291788,2.3862315522714095,0.7321793703364277
Z275128528,Z275128528,CCOC(=O)c1nn(C)c(C)c1Br,-2.3723283,0.80669487,2.8335676,0.8415274,-2.7756758,0.0744280620880901,1285017.8,75909.31808915161,2.296443822407017,0.7463909244587993
Z90735384,Z90735384,CN(Cc1nccn1C)C(=O)NC(C)(C)C,-2.5600548,0.45403257,2.8334985,0.59491515,-2.787071,0.0499625454676414,1318984.5,37043.48844061531,2.424953969853826,0.8242864807699678
Z1200998422,Z1200998422,CCC(C)(NC(=O)OC(C)(C)C)C(=O)O,-3.139155,0.61742413,2.8334546,0.5224064,-3.447867,0.0291709223178593,1347850.55,39041.268987412535,2.711847832134918,0.754921622922543
Z4616723786,Z4616723786,Brc1cncc(N2CCNCC2)c1.Cl.Cl,-4.714938,1.9099832,2.8331664,0.85752887,-5.6699295,0.0091033961176936,1375711.3,11511.291374559158,2.5643692726500706,0.8601848361838009
Z3234891623,Z3234891623,CCOC(=O)C1(CC)CCNCC1.Cl,-4.159677,1.1081619,2.8331177,0.8011733,-4.713758,0.0120803471747037,1371578.25,14839.282253111163,2.635443163654715,0.7384680903639387
Z1139403954,Z1139403954,CC(C)(C)C(O)CN1CCN(CC#N)CC1,-3.2406685,0.69949603,2.8330193,0.63057345,-3.5904164,0.0265664277739763,1351466.5,23740.28584811059,2.92605047292243,0.7120856607264705
Z1562148431,Z1562148431,COc1cc(OC)cc(N2CCCN(C(=O)C(C)Cl)CC2)c1,-2.779966,0.29300848,2.8329887,0.25173512,-2.9264703,0.03548237116001,1339088.05,23123.03921519617,2.558243578169167,0.7966641798226775
Z2471875370,Z2471875370,CC(=O)Nc1ccc(Br)c(C#N)c1,-3.1739962,0.9018799,2.8329468,0.6910136,-3.624936,0.0324810746569669,1343254.9,42176.73128384892,2.0729509588000354,0.8167005360488294
Z2311574188,Z2311574188,C/C=C/c1ccc(OC)c(OC)c1,-3.224955,1.346741,2.8328528,1.2667528,-3.8983254,0.0538994489862066,1313518.7,97041.64889834671,1.7446782115472885,0.7081315785375945
Z3488644070,Z3488644070,C=CC(=O)NCc1sc(N(C)C)nc1Cl,-1.978317,1.004719,2.8327749,0.89162886,-2.4806767,0.1369952101415349,1198152.7,209943.64805397188,2.8706254264962237,0.8211346169042276
Z1248210606,Z1248210606,CCN(CC)CC(=O)N[C@H](C(=O)OC)C(C)(C)C,-2.6663735,0.91586095,2.832735,0.44063202,-3.124304,0.0651503223250621,1297898.55,86798.67675055594,2.744197761125319,0.7230221828952057
Z33546672,Z33546672,CN(C)c1ccc(C(N)=O)cc1,-3.1559224,1.2224959,2.8324947,1.3340389,-3.7671704,0.0403800194475457,1332288.4,46597.75117685402,1.5757401191001463,0.7040089341434212
Z1263881332,Z1263881332,Cc1c(Br)cccc1C(=O)N(C)C,-3.0243888,0.7864586,2.832464,0.8129029,-3.417618,0.0360780062664313,1338261.1,43526.53695838896,1.8666429174296404,0.7402626371639941
Z55135801,Z55135801,CCN(CC)CC(=O)NCc1ccco1,-2.8359475,0.39304674,2.8321311,0.4592648,-3.032471,0.0353686750459179,1339245.9,32524.159337175803,2.008534217705016,0.7679669751139919
Z108544436,Z108544436,Cn1ccc(NC(=O)C(C)(C)C)n1,-2.7811425,1.2201792,2.8320608,1.2222685,-3.391232,0.0829501566607844,1273186.15,173087.52459529685,2.2852976685608635,0.7115579051602704
Z18886255,Z18886255,CNC(=O)CSc1ccccn1,-2.7022421,1.5226653,2.8319783,1.1633142,-3.463575,0.1105849749702884,1234819.35,216948.3314859266,2.009241561407837,0.7067016930086992
Z2013130778,Z2013130778,CC(C)(C)C(=O)N1CCOc2cccc(F)c2C1,-2.723464,0.7051596,2.8319461,0.74974525,-3.0760438,0.0452587243850614,1325515.05,40505.15043729007,2.3352038090374414,0.7089984464764696
Z1269674692,Z1269674692,C#Cc1cccc(NCc2cnco2)c1,-2.965497,0.3406435,2.83192,0.6277792,-3.1358187,0.0283605719018978,1348975.6,19431.41204956552,2.577886265657064,0.7686330905975218
Z1567524292,Z1567524292,CCNC(=O)N(C)CCN1CCCC1=O,-2.8964727,0.8066561,2.831821,0.8364911,-3.2998009,0.0419548384773291,1330102.0,46583.5175818658,2.3089342445074816,0.7284957425948168
Z5551269682,Z5551269682,CNc1cccc(C(F)(F)F)c1F.Cl,-4.560646,1.9891453,2.8316817,1.1432409,-5.5552187,0.0138254042568516,1369155.5,20617.276390202467,2.337341245032798,0.7288543517883834
Z1236318655,Z1236318655,COc1ccc(Br)c(NC(=O)N(C)C(C)CSC)c1,-2.2620747,1.122743,2.831231,0.5308707,-2.8234463,0.1078376129938416,1238633.65,131177.628493686,2.905849752000437,0.8836350243058017
Z2335631640,Z2335631640,C[C@@H](N)c1cccc(C(F)(F)F)c1.Cl,-4.0794015,1.50492,2.8312297,0.8983039,-4.8318615,0.0146265711095905,1368043.2,15130.934219670642,2.4394724478202896,0.780813543691712
Z334882462,Z334882462,c1ccc(CNc2cccnc2)nc1,-2.5264134,0.9899714,2.8311195,1.0833769,-3.021399,0.0780279828573485,1280019.85,137262.98237699596,1.832967398878953,0.7951904397663039
Z367450832,Z367450832,CN(C)CCNC(=O)C1CCNCC1.Cl.Cl,-5.094508,1.8316659,2.8310905,0.829159,-6.010341,0.0089155472323261,1375972.1,17903.521580683504,2.3854201451419534,0.7834056448187913
Z1139535609,Z1139535609,CC(O)CN1CCC(CN(C)CCC#N)CC1,-3.157134,0.40849695,2.830937,0.25600314,-3.3613825,0.0235241473691792,1355690.25,15325.055992964591,2.899692075018507,0.7487967103584086
Z2237335016,Z2237335016,Cc1cccc(C)c1OCC(C)N.Cl,-4.1515627,1.2070774,2.8307579,0.762274,-4.755101,0.0117333525407857,1372060.0,14382.847492760257,2.5590721181499596,0.8409528636862176
Z1438320515,Z1438320515,COc1ccsc1CNCC(C)N1CCN(C)CC1,-3.025934,0.50959665,2.8304956,0.27790087,-3.2807324,0.0302847624878453,1346304.15,25154.977038898283,2.9727186811105426,0.8557773309599264
Z909716132,Z909716132,CSc1nnc(CN(C)CCO)s1,-2.8585773,1.22168,2.8304467,0.78028727,-3.4694173,0.0728065689487521,1287269.0,135979.28678111237,2.738728211547288,0.7381933454540083
Z409713754,Z409713754,Cc1c(Cl)cccc1NC(=O)N1CCCCCC1,-2.824408,0.96104515,2.8303242,0.9010069,-3.3049307,0.0558798213706918,1310769.25,85423.10227735527,1.7295801318742683,0.8169200574350846
Z416856624,Z416856624,COCCN1CCCC1c1ccsc1,-2.1549423,0.8153156,2.8303158,0.73967755,-2.5626001,0.096411567688263,1254497.0,109616.52434874952,2.7477637691818533,0.7585615921830315
Z133679554,Z133679554,COc1ccc(Br)cc1CN(C)S(C)(=O)=O,-2.6282299,0.6936408,2.8303056,0.3745441,-2.9750502,0.0554031044045089,1311431.1,56719.53844655296,2.0421968269966833,0.8526387314432804
Z3244659942,Z3244659942,CC(C)(C)c1cc(CN)cc(C(C)(C)C)c1.Cl,-3.6484814,1.2963401,2.8302588,0.59562033,-4.2966514,0.0211384016998595,1359002.5,26872.92220898204,2.2059830653570405,0.8012363905638938
Z44584866,Z44584866,O=C(Nc1ccc(F)cc1F)N1CCCCCC1,-2.990317,1.4236759,2.8302026,1.4637183,-3.702155,0.0864507148773724,1268326.15,181604.16897672668,1.7412461952226845,0.8183408616601451
Z1103045375,Z1103045375,CS(=O)(=O)CCCN1CCN(c2nccs2)CC1,-2.5766978,0.7800636,2.830194,0.56790704,-2.9667296,0.056772571757842,1309529.8,47920.46325798614,2.2725638422815067,0.7985114081642972
Z237480162,Z237480162,CCOc1ccccc1OCCN1CCCCCC1.O=C(O)C(=O)O,-3.750024,0.7652357,2.830132,0.37600452,-4.132642,0.0149045629704325,1367657.25,15178.35450197089,1.8886793298221267,0.7585123660132788
Z1262246231,Z1262246231,CC(C)(N)c1ccc2c(c1)OCCO2.Cl,-4.275869,1.5360157,2.8300285,0.91914386,-5.0438766,0.0152917491986891,1367119.7,25364.64504797968,2.3490235034193017,0.8020591904070203
Z410998960,Z410998960,O=C(Nc1cccc(Cl)c1F)N1CCCCCC1,-2.7480924,0.8779955,2.8298445,1.011298,-3.1870902,0.0542722656390678,1313001.1,78379.95914192608,1.8361955164896528,0.8249880924368874
Z406463104,Z406463104,COc1ccc(OC)c(NC(=O)C(C)OCC(F)(F)F)c1,-2.9891937,0.7448177,2.8298,0.4522837,-3.3616025,0.0368339035545792,1337211.65,34803.2853208932,2.4791343287141654,0.8774956651809042
Z1188335159,Z1188335159,CC1CSCCN1c1ccc(Br)cn1,-2.6636174,0.314762,2.8297668,0.18853976,-2.8209984,0.0408092699967588,1331692.45,20828.270522237315,2.994888656611497,0.7824002682953043
Z607821766,Z607821766,CCOc1c(Br)cc(CNCCS(C)(=O)=O)cc1OC,-2.740218,0.5101514,2.8297508,0.45918107,-2.9952936,0.041016566427774,1331404.65,29695.522338014194,2.1822824620581045,0.7132534808325212
Z505798398,Z505798398,CN(Cc1ccco1)C(=O)NC1CCCCNC1=O,-3.140168,0.8706992,2.829706,0.8012507,-3.5755177,0.0333139338063167,1342098.6,44148.82029726276,2.857985347777209,0.8587452596927344
Z1139750982,Z1139750982,COc1ccc(OC)c(C(O)CO)c1,-4.144094,1.0830942,2.829688,0.6226219,-4.6856413,0.0165586487557172,1365360.8,37569.65416343355,2.3392909440608882,0.7483987488228665
Z33030420,Z33030420,CCCNC(=O)c1ccc(C)s1,-3.0639787,0.8814265,2.8294291,0.9876841,-3.5046918,0.0381069615010624,1335444.2,53114.21406233928,1.8622982047644818,0.7643651060710733
Z1450153048,Z1450153048,C=CCN(CC(F)(F)F)C(=O)CCN.Cl,-3.040316,0.6228519,2.8293746,0.73262113,-3.351742,0.0288453559981272,1348302.55,21666.80227323589,2.8839401874109853,0.7443305996976226
Z62844202,Z62844202,CCOC(=O)NCCC(=O)N1CCCC1,-2.9129455,0.5980901,2.8292618,0.53433233,-3.2119906,0.0341214031044044,1340977.55,29070.26647706381,1.8193990528698514,0.7507269339954482
Z224849986,Z224849986,CC(C)N1CCN(c2nccs2)CC1,-2.6598165,0.67191076,2.8292031,0.72480905,-2.995772,0.0472079086685635,1322808.9,36645.1396448424,2.172610585692139,0.741629203658873
Z32014396,Z32014396,CN(C)C(=O)c1ccc(Cl)c(Cl)c1,-2.6218333,0.7205135,2.8291287,0.80148536,-2.98209,0.0509520654013757,1317610.7,44885.25139185476,1.624086808832356,0.7090673528364481
Z5161342365,Z5161342365,Cl.NCc1cc(C(F)(F)F)ccc1C(F)(F)F,-4.028766,1.0698822,2.829055,1.1451007,-4.5637074,0.0128113948211905,1370563.3,15533.835495781455,2.387179768653743,0.7810422764699471
Z2831446214,Z2831446214,CNC(=O)c1cccc(NC)c1.Cl,-5.03161,2.3750606,2.8290324,1.2891862,-6.21914,0.0337849965786725,1341444.6,113358.83580841856,1.8409460848504544,0.760135719485334
Z8467591464,Z8467591464,CC(N)COc1cc(Cl)cc(Cl)c1.O=C(O)C(F)(F)F,-4.0431848,1.6370494,2.8290277,0.93047684,-4.8617096,0.0377557172182806,1335931.85,80013.87025714667,2.735183789387719,0.8891324360276464
Z99322340,Z99322340,C#CCNC(=O)c1cc(Cl)c(OC)c(Cl)c1,-2.9174592,0.6611513,2.8289375,0.88827735,-3.248035,0.0371201426153346,1336814.25,40209.463662022405,2.2233745934163114,0.8450110453057045
Z372500396,Z372500396,O=C(Nc1cn[nH]c1)c1cnccn1,-2.969899,0.80420816,2.8288555,0.7149196,-3.372003,0.0390779342384846,1334096.15,52835.12713458253,2.4016258014519867,0.7180165420733738
Z33546448,Z33546448,CCCOc1ccc(C(N)=O)cc1OC,-3.0484192,0.45281333,2.8288455,0.8785507,-3.2748258,0.0271158209385241,1350703.75,17149.721755395916,1.5891064771528836,0.8004468311020799
Z3326245438,Z3326245438,CC(=O)O.NCc1cccnc1C(F)(F)F,-3.2967982,2.3820076,2.8288064,1.4157951,-4.487802,0.1689164475816615,1153834.85,385991.808195106,2.4019803984252555,0.7768270303990937
Z385457552,Z385457552,CCNC(=O)Nc1ccc(F)cc1Br,-3.022863,0.95941454,2.8287644,0.8086956,-3.5025702,0.0430172146792955,1328627.05,66115.81183610695,1.815081395408738,0.8438785029664457
Z1255381898,Z1255381898,COc1cc(N)cc(C(=O)O)c1OC,-4.4557753,1.300491,2.828723,1.0625423,-5.106021,0.0082983757697987,1376828.95,7944.97792618079,1.925629442240993,0.7057434556591722
Z1478428196,Z1478428196,CSc1ccc(NCC(C)(C)C)cn1,-2.3797297,1.0315285,2.8286922,1.4297054,-2.895494,0.0964119278279972,1254496.5,155638.1149405569,2.47445710391076,0.7751024569177531
Z1313297917,Z1313297917,CSc1nnc(SCCC(C)(C)O)s1,-2.1257997,1.0715877,2.8286915,0.72301936,-2.6615934,0.127917924154572,1210755.15,211108.8085578797,2.812704067473515,0.8136348841261626
Z441724838,Z441724838,CCOCCCC(=O)Nc1ccc(Br)cc1Br,-2.4826694,0.7737104,2.82859,0.47950652,-2.8695245,0.0682592645946627,1293582.25,71934.79581598533,1.911376892806187,0.7753914771839723
Z1143220717,Z1143220717,Fc1ccc(NCc2nccs2)cc1,-2.600424,0.89146703,2.828556,1.4176759,-3.0461576,0.0633552058198581,1300390.8,83495.2664057071,1.9469485031405434,0.8384942757277393
Z166221246,Z166221246,CC(C#N)Sc1ccccc1Br,-1.6077263,0.4645757,2.8284967,0.32677737,-1.8400142,0.1428945510858212,1189962.35,102111.10658458022,2.8428068700894347,0.7413458616359977
Z1124729208,Z1124729208,CC(c1nccs1)N1CCNCC1,-2.59462,0.83851224,2.8284945,0.75748974,-3.0138762,0.0600917996182518,1304921.55,71657.68265194948,2.9947646832763635,0.7695462212420403
Z851811436,Z851811436,CN(C)CCOc1cc(N)ccn1,-3.2093606,0.63889164,2.8283985,0.7487294,-3.5288064,0.0249878272769835,1353658.15,23380.81265755106,2.2752820577011335,0.7388436512809972
Z402390830,Z402390830,O=C(NCCn1ccnc1)N1CCCC1,-2.8079376,0.9498739,2.8281398,0.7535524,-3.2828746,0.0543500198076855,1312893.15,74896.7436176467,2.1413831188039154,0.7941194986085484
Z1438682799,Z1438682799,CCC(C)NC(=O)CCNC(C)C(C)(C)C,-2.6878397,0.7990249,2.8280802,0.49305966,-3.0873523,0.0580314041848236,1307782.1,70776.78496576402,2.994248073815708,0.732281819135783
Z1723832415,Z1723832415,CCn1cc(OCCN2CCCCC2)cn1,-2.6460817,0.66182464,2.8280735,0.5684698,-2.976994,0.0489855944106312,1320340.85,44885.81350078775,2.2337180334498044,0.761804430087662
Z2739289553,Z2739289553,COc1cc(Br)ccc1NC(=O)CCl,-3.1447015,0.88597924,2.8279567,0.5333277,-3.587691,0.0390572622177404,1334124.85,63590.340291018256,1.826253055327765,0.863319714291811
Z52402695,Z52402695,C#CCNC(=O)CSCc1ccc(Cl)cc1,-2.2171693,1.0368483,2.8279254,1.0452163,-2.7355933,0.1133121331076456,1231033.1,178997.40880049072,2.120385398425256,0.8164264825127908
Z2753743270,Z2753743270,Cl.O=C(CCl)Nc1ccccn1,-3.7850902,1.4185326,2.8279076,0.86112976,-4.4943566,0.0217579860986062,1358142.3,28488.583373168975,2.053129542177068,0.7492596735748821
Z45832077,Z45832077,CCNC(=S)Nc1ccc(OC)nc1,-3.2795596,1.1087289,2.827743,1.0836048,-3.833924,0.0347469298087657,1340109.1,42451.91101929335,2.0669042543311917,0.7399102186503573
Z1651303407,Z1651303407,N#CCCCn1cc(Br)cc(Br)c1=O,-1.5921932,0.508056,2.8276238,0.6265,-1.8462212,0.1491443079915007,1181285.5,117064.96698137322,2.66163888528728,0.8040503176518186
Z854086718,Z854086718,OCC#Cc1csc(CN2CCOCC2)c1,-3.0731387,0.751273,2.8271887,0.59094924,-3.4487753,0.0316214571253645,1344448.35,31099.75786766675,2.5562096864776294,0.7765761265690324
Z1250768919,Z1250768919,CCc1nncn1CCNC(C)=O,-2.2883239,1.1826642,2.8270566,0.5911289,-2.8796558,0.1177290668779486,1224900.85,186950.3899108731,2.5300051346242114,0.7113453374616854
Z1269176252,Z1269176252,Oc1ccc(OC(F)(F)F)c(Br)c1,-4.2291536,0.6480595,2.8269129,1.1566374,-4.5531836,0.0072057478301581,1378345.9,5949.448629074799,2.180527080325568,0.837214732930979
Z103975274,Z103975274,CCN(CCC#N)Cc1ccc(Br)s1,-2.0505493,0.5205283,2.8268557,0.6045146,-2.3108134,0.0922716173875464,1260244.7,74505.50567917783,2.500977627112256,0.8230426310372179
Z199423404,Z199423404,COc1cc(OC)c(NC(=O)CCl)cc1Cl,-2.8829422,0.71402955,2.8263602,0.6219408,-3.2399569,0.0443435372924695,1326785.65,68378.74398252356,1.8919395308045033,0.8498722749420151
Z3244608358,Z3244608358,Cl.Cl.N[C@H]1CC[C@H](N2CCOCC2)CC1,-6.08953,2.482312,2.8262837,0.82684684,-7.330686,0.008306262829978,1376818.0,17769.051513797804,2.505969657265455,0.7719888806530161
Z1209979801,Z1209979801,CNCCOc1ccc(O)cc1.Cl,-5.2123156,2.1083117,2.8262212,1.0268499,-6.2664714,0.0080699031224115,1377146.15,13106.411828853084,1.8778982115472882,0.727635731968238
Z44586635,Z44586635,CCNC(=O)Nc1ccccc1OC,-3.716591,1.103568,2.8261862,1.2514648,-4.268375,0.0230525443872222,1356345.0,37906.07743093448,1.4864486330294167,0.7708996128424228
Z1483956932,Z1483956932,CC(C)(N)COc1ncccc1Br.Cl,-3.494328,0.92176414,2.8259737,0.7806319,-3.9552102,0.020158857636763,1360362.45,17470.03723085615,2.6424882779998313,0.9252338536419159
Z4509260055,Z4509260055,Cl.N#Cc1cc(CCN)cc(Br)n1,-3.7079082,2.43598,2.8259227,1.3696626,-4.925898,0.1161005870277668,1227161.75,332960.25245813874,2.9858845463889168,0.8242717000008679
Z199057586,Z199057586,COC(=O)CNc1ccc(C(=O)OC)cc1,-4.3452787,1.2650226,2.8258824,1.3902686,-4.97779,0.0148735189253429,1367700.35,28521.47429442419,1.6571589648588212,0.772987834712542
Z445161402,Z445161402,CCN1CCN(c2ccc(C#N)cc2F)CC1,-2.6871877,0.5351877,2.825732,0.48924655,-2.9547815,0.0426086361508264,1329194.3,30892.580421680545,1.9531127356867088,0.7804838990076629
Z976891268,Z976891268,CCn1ccnc1CNc1cnn(C)c1,-2.1716495,0.34303507,2.825528,0.5960439,-2.343167,0.0712593006086361,1289417.15,31371.175309948143,2.4912826715767267,0.8167682737459786
Z803055562,Z803055562,CC(CN1CCCC1=O)NCC(C)(C)C,-2.7701025,0.87902874,2.825462,0.9504404,-3.209617,0.0486097165700292,1320862.7,43871.301611759816,2.9192046512617367,0.7679849763522684
Z1741961489,Z1741961489,COc1ccc(OC(F)(F)F)cc1C=O,-3.2031753,0.84424907,2.8254478,0.5899307,-3.6253,0.0315340512118702,1344569.7,34824.449728746615,2.0516461957269936,0.7334994357407006
Z352544566,Z352544566,O=C(Nc1nnc[nH]1)c1ccccn1,-3.0535698,1.421515,2.825321,1.395704,-3.7643273,0.0823294198148881,1274047.95,169348.58085099948,2.7059507545476738,0.7180165420733738
Z197592384,Z197592384,CSc1nnc(NCCc2cccs2)s1,-1.7274691,0.95879424,2.8252523,0.9692201,-2.2068663,0.1659344905823458,1157974.85,234798.15118954304,2.4148792726500705,0.8357123482558907
Z111781352,Z111781352,COc1ccc(C(C#N)C(C)=O)cc1OC,-2.4450727,0.72990054,2.824571,0.30582753,-2.8100228,0.0685497533042821,1293178.95,68439.29912884482,2.554815768092377,0.7755427265007809
Z1262398442,Z1262398442,CC(N)c1ccc(OCC#N)cc1.Cl,-4.548905,1.6229682,2.8244576,0.8964021,-5.3603888,0.0119759426657543,1371723.2,18960.15467658426,2.576672222100063,0.8342652003220167
Z1723483716,Z1723483716,COCCCNCc1ccccc1.Cl,-4.23816,1.5720328,2.8244202,0.7280284,-5.0241766,0.0138579608888248,1369110.3,18435.76691949646,1.6208699348045634,0.7353886667275884
Z963502702,Z963502702,O=C(O)c1scc2c1OCCO2,-5.777307,1.7118237,2.8242574,1.2790536,-6.633219,0.0026178917419958,1384715.45,3788.0412679246247,2.6610003849372497,0.7159447941315777
Z82993704,Z82993704,O=C(Nc1cccnc1)c1ccsc1,-2.8443134,1.1146001,2.8241,1.1386433,-3.4016135,0.0679362552670436,1294030.7,125639.89984758024,1.9049980340973907,0.8156915428150419
Z1508095399,Z1508095399,CN(CCc1nccs1)c1ncccn1,-1.4529274,0.9653421,2.8240654,0.94406533,-1.9355984,0.2070503475348436,1100891.65,249293.63973280083,2.601918783139581,0.7847546521451836
Z26835797,Z26835797,CCOc1c(Br)cc(C(=O)NC(C)COC)cc1OC,-2.884147,0.49715972,2.8240578,0.7557763,-3.1327267,0.0327066661864804,1342941.7,13585.75061636272,2.4637573278492564,0.8246979447313092
Z2010040660,Z2010040660,CN(CCSC(C)(C)C)C1CCN(S(C)(=O)=O)CC1,-2.8020012,0.5247118,2.8240561,0.3623833,-3.064357,0.0403794432239709,1332289.2,41546.645163719295,2.67886986660144,0.7773535267790749
Z802700870,Z802700870,FC(F)(F)COCCN1CCN(c2nccs2)CC1,-2.668956,0.6611643,2.8239837,0.43639055,-2.9995382,0.0453412323981704,1325400.5,30501.414997504624,2.3786463794219532,0.7751682019734726
Z166702366,Z166702366,O=C(Nc1cccnc1)N1CCCC1,-3.1095486,1.4727603,2.8238983,1.4074051,-3.8459287,0.0835874239204812,1272301.4,185655.77689810787,1.7463751447915747,0.7340368864349176
Z1449745499,Z1449745499,CSCCC(N)C(=O)N1CCCC1.Cl,-3.473228,1.0026394,2.8237567,0.79795223,-3.9745476,0.0254489141787013,1353018.0,39130.1153269448,2.6936647376925773,0.7984360201531929
Z1324095886,Z1324095886,CNS(=O)(=O)c1ccc(Br)c(OC)c1,-2.7459989,1.4762857,2.8236356,1.5644575,-3.4841418,0.1116026578312385,1233406.45,235566.27573009572,1.947626115837668,0.9093182415856195
Z149252536,Z149252536,CN(C)CCOc1cccc(C#N)c1,-3.3476396,0.8197098,2.8236165,0.9169465,-3.7574944,0.0237360896027658,1355396.0,25291.13004197321,1.8748438993016059,0.7214893050119697
Z644562292,Z644562292,CCCN1CCC(CN2CCOCC2)CC1,-3.6027675,1.0277054,2.8234906,0.7368004,-4.11662,0.0226592357834839,1356891.05,29947.354696992857,1.9864787535807373,0.7212631479791272
Z1437061407,Z1437061407,CNc1cc(OCC(=O)OC)c(C)cc1Cl,-3.1155236,0.46119183,2.8234503,0.39061683,-3.3461194,0.0256786113011847,1352699.1,22584.43990427923,2.0902872946685473,0.8243378488378781
Z2261997864,Z2261997864,C=CC(=O)NCc1ccsc1Cl,-2.3343933,0.95958877,2.8233724,0.97664714,-2.8141875,0.0921177296791154,1260458.35,129619.35245837136,2.7574017012679786,0.7469357481413655
Z363993118,Z363993118,COC(=O)c1cc2c(OC)cc(OC)c(OC)c2[nH]1,-2.8646712,0.55680585,2.8232145,1.1757191,-3.143074,0.0343042820614398,1340723.65,17486.99652677669,2.2437808961872374,0.8558748719150084
Z139941126,Z139941126,C=CCNC(=O)CSCc1csc(C)n1,-1.9113919,0.80973136,2.8232036,0.91279286,-2.3162575,0.1241438398098463,1215994.9,126320.3568265622,2.4787034484742474,0.7756920872585406
Z1458896983,Z1458896983,CCOC(=O)C(C)(C)NC(=O)CC(C)N.Cl,-3.9645457,1.1882515,2.82313,0.7275212,-4.5586715,0.0139926171354485,1368923.35,14642.669682387155,2.992552137983667,0.702545690291259
Z1350606462,Z1350606462,CC(C)Oc1cc(N)cc(Br)c1.Cl,-4.087212,1.8737679,2.8231292,0.9842748,-5.024096,0.0168143839809846,1365005.75,17123.49511891483,2.347729260498337,0.8342006466041383
Z437345068,Z437345068,COc1ncccc1NC(=O)CC(F)(F)F,-2.9416041,0.64432496,2.8231263,0.75128126,-3.2637665,0.0342261677530881,1340832.1,27884.16883269071,2.1518736989619285,0.869479558060464
Z1126745039,Z1126745039,COc1ccc(CNC2CCCOC2)c(OC)c1,-3.7170577,0.5732023,2.8231173,0.61155766,-4.003659,0.0132380523643174,1369970.95,12072.871599064576,2.4567184969112734,0.8682556953519969
Z5113369011,Z5113369011,Cl.N#Cc1nccnc1N1CCNCC1,-3.8786,0.94262856,2.8231063,0.8516712,-4.349914,0.0132438866280115,1369962.85,12037.015897949956,2.6701067451775433,0.7388573428214575
Z54334607,Z54334607,CCCC(C)NC(=O)c1cnccn1,-2.5145087,0.45421374,2.8228743,0.7059464,-2.7416155,0.0493389275038714,1319850.3,24416.39764400146,2.4847091003984794,0.7858567679572065
Z2026412443,Z2026412443,Clc1ccsc1CSc1nncs1,-1.0070969,0.7083279,2.8228624,0.9469002,-1.3612609,0.2684965606655382,1015582.8,170410.02351640002,2.9235648512234,0.7773717630718091
Z2491658372,Z2491658372,FCCNc1ccc(OCC(F)(F)F)cc1,-3.3614109,0.7252183,2.8228154,0.85518146,-3.72402,0.0222314978211546,1357484.9,24792.84092817925,2.163204419404277,0.794645027111796
Z818979822,Z818979822,CCN(CC)C(=O)CNC(C)Cn1cccn1,-1.9507958,0.6938821,2.8227692,0.7086783,-2.297737,0.110034681456405,1235583.35,98764.46225200388,2.8674570504685892,0.7616261900065155
Z237479676,Z237479676,CN(C)CCNCCOc1ccc(Br)cc1Cl.Cl,-3.7376657,1.2045434,2.8227093,0.81701136,-4.339937,0.0178181294342205,1363612.2,18576.96618019207,2.129053887530377,0.7587891224534702
Z56347117,Z56347117,CCNc1sc(C(=O)OCC)c(N)c1C#N,-2.7479718,0.8247794,2.82268,0.36383343,-3.1603615,0.0553433212086288,1311514.1,72308.53747373127,2.5464053626470804,0.7821648275441166
Z56795006,Z56795006,CN1CCN(CC(=O)Nc2nccs2)CC1.Cl,-4.2752924,1.5257375,2.8222716,0.6447154,-5.0381613,0.0114586019375517,1372441.45,12482.719873789523,2.113006352707986,0.8852176348996499
Z1457864355,Z1457864355,CCCC(=O)N(C)CCC(N)C(C)C.Cl,-3.551796,1.0912741,2.8221717,0.7480667,-4.097433,0.0198948031836352,1360729.05,16781.08805016826,2.9793031335902196,0.7673964544267381
Z2724197975,Z2724197975,COCC(C)Nc1cc(C)cc(F)c1.Cl,-4.1626,1.4450603,2.821784,0.7533176,-4.88513,0.0145329707926675,1368173.15,18256.112730466477,2.6888385565871804,0.8634411706677736
Z391882146,Z391882146,COc1ccc(OC)c(CNC(=O)CCl)c1,-3.1790822,0.6931471,2.8217645,0.56278497,-3.5256557,0.0303011848597255,1346281.35,38641.437301522565,1.7944876361874922,0.7987835674833825
Z2733495196,Z2733495196,COc1c(F)ccc(Br)c1C(=O)O,-4.1097856,0.33220676,2.821618,0.68338615,-4.275889,0.0078646955018546,1377431.05,6720.416568003801,2.233777759058599,0.8740751974533906
Z1139363681,Z1139363681,CC(O)CN1CCC(CN(C)CCOC(C)C)CC1,-3.3955836,0.5522629,2.8215125,0.30728555,-3.671715,0.0192360355818057,1361643.65,14992.27712282227,2.847000831011922,0.7251173668782066
Z815142468,Z815142468,CCCS(=O)(=O)NC(C)c1cccs1,-1.7772671,0.65871066,2.821368,0.7854822,-2.1066225,0.1289642741383657,1209302.45,115611.4469849223,2.7123427659232373,0.8466169782930529
Z3024771177,Z3024771177,C=CC(=O)N(C)Cc1cc(C#N)cs1,-2.1883557,0.4217745,2.821217,0.3648646,-2.3992429,0.0762343069110814,1282510.1,62317.49532426669,2.8307186423723003,0.7072540676772376
Z86154697,Z86154697,CN(C)c1ccc(CNCC(F)(F)F)cc1,-3.1024182,0.7493,2.8210938,0.9393128,-3.4770682,0.0310717398350559,1345211.55,35719.20575611249,1.9978400674771333,0.8571596976601615
Z1695797446,Z1695797446,COCc1csc(NS(C)(=O)=O)n1,-2.9977984,0.8752871,2.821076,0.6874804,-3.435442,0.0364946519249469,1337682.65,35405.612794124885,2.3264700796791544,0.8122764062848836
Z44584841,Z44584841,O=C(Nc1ccccc1)N1CCCCCC1,-3.719169,1.5469147,2.820978,1.7363398,-4.492626,0.0516653221449923,1316620.45,111529.68114653384,1.4630204884416216,0.7714616972099859
Z57480604,Z57480604,CCOc1cc(Cl)c(C=O)cc1OC,-2.3809128,0.3743481,2.8207936,0.61942524,-2.5680869,0.0591645118305903,1306208.95,42845.23070363258,1.9657822051253362,0.723042369562812
Z1646439553,Z1646439553,COCC(O)CCNc1ccc(Br)cc1C#N,-2.8552966,0.77626306,2.8206692,0.34648186,-3.2434282,0.0463494795980841,1324000.7,53509.34811703466,2.8679372468679336,0.844312946872618
Z27075158,Z27075158,COc1cc(C=CC(=O)N2CCCCCCC2)cc(OC)c1OC,-3.0046046,0.73867685,2.8205583,0.89929634,-3.373943,0.0345393452659631,1340397.3,37194.29426148586,2.0185794103248593,0.7737070156923602
Z3919193524,Z3919193524,O=S(=O)(F)Oc1ccc(Cl)cc1F,-2.784388,1.3134776,2.8205457,1.3976258,-3.4411268,0.0823996470630604,1273950.45,142667.05207106334,2.43809404865136,0.7281546517477195
Z177095648,Z177095648,CNC(=O)Nc1ccc(Br)cc1C,-3.553637,0.7803141,2.8204973,0.693806,-3.943794,0.0180042856628371,1363353.75,18275.31929372234,1.7643953544044315,0.7812260448547576
Z1082074428,Z1082074428,CC(=O)Nc1ncccc1OC(F)F,-3.0283923,0.60569257,2.8204103,0.7274736,-3.3312385,0.0296407966290921,1347198.2,22253.59779136848,2.1807218812386964,0.8100828025874914
Z31769401,Z31769401,O=C(NCc1ccccn1)C(F)F,-3.0702586,1.4342606,2.8202758,1.2287472,-3.7873888,0.0747021284258292,1284637.3,154440.5011436767,2.1014859038549805,0.7635296387855387
Z991654124,Z991654124,CC(=O)NC(COCC(C)C)c1ccco1,-2.8841262,0.7486042,2.8201337,0.6497538,-3.2584283,0.0444105953109805,1326692.55,70639.30528216921,2.8362319658481088,0.806488336166981
Z57783407,Z57783407,CCn1c(N)c(C(N)=O)sc1=S,-2.1262052,1.2368212,2.8200073,0.96938753,-2.7446158,0.1449750063024454,1187073.95,258542.71076583743,2.9042323802663983,0.7035492271759703
Z103338270,Z103338270,COc1ccc(SCCC(=O)O)cc1,-3.4275851,1.1127877,2.8199837,0.5006905,-3.983979,0.0279839737818273,1349498.45,31862.71946880084,1.6912545501891785,0.7603906317860591
Z1509491537,Z1509491537,COc1nccnc1CN(C)CC(=O)O,-3.1236348,0.732532,2.8198829,0.48173332,-3.4899008,0.0292451831310548,1347747.45,29099.73487074238,2.485587527809546,0.7385298280970065
Z1424439178,Z1424439178,O=C(NCCSCCCO)c1cscn1,-2.6941316,0.84523016,2.8197787,0.8487861,-3.1167467,0.0551835632225303,1311735.9,67770.00857377841,2.594265855834328,0.7042973526450844
Z1911199497,Z1911199497,CC#CCOc1c(Br)cc(CCO)cc1Br,-2.5659938,0.75665945,2.8197665,0.48635033,-2.9443235,0.0568618503979543,1309405.85,54711.57449413698,2.676814908914766,0.8476511812534782
Z404995048,Z404995048,Cn1cc(NC(=O)CC(F)(F)F)cn1,-2.7373834,0.44033423,2.8196075,0.4259558,-2.9575505,0.0390501674649764,1334134.7,25974.583727367022,2.34322195783351,0.7942589207333656
Z1262327704,Z1262327704,CC(C)(CN)Sc1ccc(Br)cc1,-1.947849,0.41153088,2.8195243,0.50735873,-2.1536145,0.0959687758850433,1255111.75,74695.17065103674,2.5060111785802537,0.8438816892967325
Z1217910574,Z1217910574,C[C@H](N)c1ccc(Cl)c(Cl)c1Cl.Cl,-3.3024344,1.6298563,2.819464,0.93099034,-4.1173625,0.0414207152375121,1330843.55,55104.63942852272,2.8717413786204915,0.7567318638479958
Z108830068,Z108830068,CCCNC(=O)c1cc(OC)c(Br)c(OC)c1,-2.8518524,0.6590914,2.819316,0.93012714,-3.1813982,0.0371572009939856,1336762.8,26054.904792764068,1.8657766152853732,0.9092458154298925
Z1652081825,Z1652081825,Cc1nc(N(C)CCO)ccc1Br,-2.9028423,0.945329,2.8193135,0.6407345,-3.3755069,0.0441993373428889,1326985.85,51287.00661695417,2.5136067829758595,0.8778097410473811
