Rank    Ligand  SMILES  Binding Affinity (kcal/mol)     CNNscore        CNNaffinity
1       Z1341820887             -11.79  0.980053        8.193686
2       Z1250698252             -11.13  0.909056        7.681391
3       Z1027972766             -11.08  0.944500        8.067468
4       Z134744308              -10.66  0.810519        7.697019
5       Z1124012987             -10.63  0.916468        7.838476
6       Z1344769994             -10.59  0.790412        7.517780
7       Z1272290164             -10.59  0.986522        8.710572
8       Z135644896              -10.58  0.711123        7.664384
9       Z1141052076             -10.48  0.764357        8.004034
10      Z1275190485             -10.46  0.898286        8.065530
11      Z1160937246             -10.44  0.888440        7.980646
12      Z1121634571             -10.43  0.860747        7.801888
13      Z1323778383             -10.42  0.790643        7.571059
14      Z1233526737             -10.38  0.936829        8.079482
15      Z1241361847             -10.38  0.901756        7.634652
16      Z1348332946             -10.37  0.891422        7.996886
17      Z1317910735             -10.34  0.919898        7.609219
18      Z1208973731             -10.30  0.889755        7.522335
19      Z1171730310             -10.30  0.744651        7.245114
20      Z1243952150             -10.30  0.970511        8.109045
21      Z1207243017             -10.30  0.582894        7.546339
22      Z1309244519             -10.29  0.778533        7.638870
23      Z1228197009             -10.27  0.960936        8.157652
24      Z1345992329             -10.27  0.952288        7.847283
25      Z1348494469             -10.26  0.944490        8.282042
26      Z1276843636             -10.25  0.966634        7.909701
27      Z1280889872             -10.23  0.664809        7.436090
28      Z1204853797             -10.23  0.986693        7.849188
29      Z1169945540             -10.20  0.952086        7.956136
30      Z1141098692             -10.19  0.629908        7.687264
31      Z1224727645             -10.18  0.985189        7.586551
32      Z1334208338             -10.16  0.879228        7.447488
33      Z1030553194             -10.16  0.850124        7.322896
34      Z1265326493             -10.15  0.924042        7.707109
35      Z1199446272             -10.13  0.903069        8.240944
36      Z1139435051             -10.10  0.862436        7.586462
37      Z1155817795             -10.09  0.994640        8.452346
38      Z1213587975             -10.06  0.936933        8.010433
39      Z1093864476             -10.05  0.841263        7.880135
40      Z1169936327             -10.04  0.813973        7.336901
41      Z13607346               -10.04  0.941217        8.087147
42      Z1167288024             -10.04  0.688761        7.362768
43      Z1192532226             -10.04  0.846445        7.344773
44      Z1206340393             -10.03  0.963721        7.824311
45      Z1023588462             -10.03  0.712579        7.180893
46      Z1260906766             -10.02  0.872676        7.744287
47      Z1171691568             -10.02  0.940338        7.627954
48      Z1155287545             -10.00  0.958985        8.117758
49      Z1169950934             -10.00  0.904214        8.389376
50      Z1236245554             -10.00  0.951115        7.770071
51      Z1275017032             -9.99   0.929560        7.810035
52      Z1083445446             -9.99   0.711860        7.744795
53      Z1274721947             -9.99   0.847194        7.464732
54      Z1262051770             -9.98   0.897960        7.834053
55      Z1149517991             -9.97   0.877686        7.151442
56      Z1117040085             -9.97   0.967615        7.787706
57      Z1318735048             -9.96   0.845154        7.550979
58      Z1211998176             -9.96   0.956225        8.175725
59      Z1338251652             -9.96   0.934753        8.057555
60      Z1303531527             -9.95   0.954322        8.051678
61      Z1274721786             -9.95   0.906445        7.719625
62      Z1217532529             -9.93   0.859340        7.724860
63      Z1236334141             -9.93   0.962984        7.677383
64      Z1290024305             -9.93   0.949060        7.111529
65      Z1179672497             -9.92   0.891811        7.806890
66      Z108351598              -9.91   0.855489        7.163607
67      Z1230816432             -9.90   0.927613        7.579810
68      Z126080668              -9.90   0.951257        8.288591
69      Z1207863059             -9.90   0.326637        7.548121
70      Z1277060381             -9.90   0.598048        7.931123
71      Z1155287046             -9.90   0.767786        7.924620
72      Z1319499416             -9.90   0.703667        7.645590
73      Z1259677620             -9.89   0.989596        8.284618
74      Z1315364113             -9.89   0.383170        7.643062
75      Z1368316620             -9.89   0.918825        7.977453
76      Z1198958206             -9.89   0.908989        7.541954
77      Z1170075023             -9.89   0.614524        7.565957
78      Z1024518512             -9.87   0.971381        8.212582
79      Z1307119068             -9.86   0.827929        7.389935
80      Z1127175420             -9.86   0.815344        7.933144
81      Z1262412847             -9.86   0.849133        7.345168
82      Z1272444952             -9.86   0.870643        7.651481
83      Z1197693883             -9.86   0.939644        8.089974
84      Z1275016881             -9.86   0.862573        8.007950
85      Z1082342250             -9.85   0.937287        7.755011
86      Z1258513920             -9.85   0.767194        7.689260
87      Z108549754              -9.84   0.961786        7.772942
88      Z1198700297             -9.84   0.944059        8.036457
89      Z1160361989             -9.84   0.971480        7.819649
90      Z1192927602             -9.82   0.845684        7.197085
91      Z1184503361             -9.82   0.913757        7.961801
92      Z1363111120             -9.79   0.964936        7.564399
93      Z1275016327             -9.79   0.821208        7.671268
94      Z1237094393             -9.78   0.939633        7.243297
95      Z1368696097             -9.77   0.783297        7.756113
96      Z1184342163             -9.77   0.848981        7.106742
97      Z1171554795             -9.77   0.947730        8.078047
98      Z13597453               -9.77   0.884352        7.937035
99      Z1168079861             -9.77   0.606352        7.555968
100     Z1172144633             -9.77   0.956988        7.831491
101     Z1205510824             -9.76   0.873436        7.511476
102     Z1329732202             -9.76   0.532276        7.414409
103     Z1252676618             -9.75   0.789578        7.520305
104     Z1127172128             -9.75   0.963531        8.442043
105     Z1211634013             -9.75   0.779770        7.741115
106     Z1344113707             -9.75   0.967449        7.345392
107     Z1117475629             -9.74   0.861599        7.646155
108     Z1275098117             -9.74   0.973568        8.024037
109     Z1204855147             -9.74   0.985171        8.107521
110     Z1260396051             -9.74   0.612550        7.073695
111     Z1264912708             -9.74   0.801427        7.600584
112     Z1228082815             -9.72   0.958823        7.444599
113     Z1214748308             -9.72   0.678264        7.275822
114     Z1274723136             -9.72   0.819575        7.378727
115     Z1268909415             -9.72   0.808950        7.745807
116     Z1344773087             -9.72   0.911428        7.747673
117     Z1203075768             -9.71   0.918758        7.720200
118     Z1169881523             -9.70   0.625867        7.444658
119     Z1233934894             -9.70   0.726469        7.508392
120     Z1204075223             -9.68   0.768386        7.636481
121     Z111496716              -9.68   0.629469        7.175757
122     Z1171554510             -9.67   0.873035        7.690070
123     Z1167227460             -9.67   0.981009        7.871420
124     Z1317767448             -9.66   0.929047        8.010470
125     Z135472498              -9.66   0.866519        6.790173
126     Z1321463156             -9.65   0.939360        7.616838
127     Z1229982334             -9.65   0.953576        7.742076
128     Z1116820969             -9.65   0.838829        7.460335
129     Z1207933329             -9.65   0.453518        7.529269
130     Z1117059818             -9.64   0.827401        7.271211
131     Z103028564              -9.64   0.963289        8.080195
132     Z1277016809             -9.64   0.843203        7.869068
133     Z1266562102             -9.64   0.952558        7.593481
134     Z106741394              -9.64   0.760397        7.779990
135     Z1331622759             -9.64   0.749932        7.096066
136     Z1278899045             -9.64   0.805985        7.600482
137     Z1197772182             -9.63   0.739263        7.383283
138     Z1122726055             -9.61   0.801939        7.621623
139     Z109551518              -9.61   0.795697        7.676263
140     Z1207242119             -9.60   0.854006        7.661299
141     Z1220798326             -9.60   0.897560        7.506376
142     Z1183550855             -9.60   0.875244        8.007378
143     Z1224794210             -9.60   0.778833        7.328662
144     Z1333968854             -9.59   0.915986        7.566518
145     Z1230400661             -9.58   0.905283        7.768117
146     Z1144688772             -9.58   0.881365        8.406803
147     Z1165360961             -9.58   0.855689        8.237244
148     Z1383307000             -9.57   0.639835        7.431870
149     Z1267187480             -9.57   0.865098        7.761271
150     Z1275016681             -9.57   0.925766        7.764030
151     Z1362907462             -9.57   0.725659        7.290595
152     Z105870448              -9.55   0.765168        7.504972
153     Z1315179626             -9.55   0.895862        7.780616
154     Z1359576812             -9.55   0.953621        8.419432
155     Z107260188              -9.55   0.594969        7.341063
156     Z1232863884             -9.55   0.874389        7.976787
157     Z1325608648             -9.54   0.809872        7.761243
158     Z136777266              -9.54   0.974465        7.659964
159     Z1315080591             -9.54   0.703544        7.446235
160     Z1323778073             -9.54   0.946719        7.649005
161     Z1180400658             -9.54   0.666003        7.168250
162     Z111715524              -9.54   0.890885        7.834442
163     Z1268276621             -9.53   0.877439        7.909601
164     Z1458689827             -9.53   0.827753        7.202849
165     Z1324800834             -9.52   0.809025        7.386659
166     Z1039503316             -9.51   0.937182        7.520865
167     Z1174759671             -9.50   0.970812        8.174856
168     Z1232173674             -9.50   0.884575        7.914617
169     Z1311484356             -9.49   0.880706        7.782853
170     Z119595092              -9.49   0.890642        8.067332
171     Z1000268726             -9.49   0.552728        6.995883
172     Z1128127702             -9.49   0.910760        7.700534
173     Z1276430342             -9.48   0.807192        7.525283
174     Z1182658510             -9.47   0.828203        7.650259
175     Z1149517580             -9.47   0.958378        7.599132
176     Z1078490508             -9.47   0.754983        6.673662
177     Z1256738052             -9.46   0.964397        7.804525
178     Z1228407966             -9.46   0.825809        7.574131
179     Z1083595416             -9.46   0.896956        7.880836
180     Z119832744              -9.46   0.904550        7.695047
181     Z1083444420             -9.44   0.646921        8.065231
182     Z1289859013             -9.44   0.608352        7.741332
183     Z1102210048             -9.44   0.701897        8.078618
184     Z1131827493             -9.43   0.898413        7.466421
185     Z1359547414             -9.43   0.987183        7.905242
186     Z1376325480             -9.43   0.799198        7.800863
187     Z108794444              -9.42   0.589761        7.709103
188     Z1023449034             -9.42   0.771850        7.165234
189     Z1066758776             -9.42   0.941795        7.820921
190     Z1335066892             -9.42   0.907023        7.930296
191     Z1307822112             -9.42   0.895742        7.844341
192     Z128212674              -9.42   0.969435        8.171662
193     Z1283293169             -9.42   0.678244        6.862005
194     Z1368312743             -9.41   0.773524        7.708393
195     Z1215101718             -9.41   0.847217        7.644183
196     Z119707224              -9.41   0.716815        7.859919
197     Z1316687750             -9.39   0.909247        7.627288
198     Z1318978348             -9.39   0.928314        7.614610
199     Z132733396              -9.38   0.891123        7.326489
200     Z1212202664             -9.38   0.819502        7.305271
201     Z1083431008             -9.38   0.781055        8.182949
202     Z13601280               -9.38   0.778549        7.521570
203     Z134913382              -9.37   0.897582        7.529242
204     Z1346233445             -9.37   0.903425        8.111023
205     Z1373819196             -9.37   0.753975        7.687054
206     Z1167135013             -9.37   0.599430        7.826809
207     Z1344030334             -9.37   0.885297        7.583553
208     Z1146631650             -9.37   0.896774        7.637949
209     Z1139947479             -9.37   0.732838        7.272679
210     Z1096607449             -9.36   0.942484        7.769898
211     Z104357816              -9.36   0.616636        7.306311
212     Z1299431510             -9.36   0.939561        8.039974
213     Z1083611770             -9.36   0.782529        7.663847
214     Z1346986148             -9.35   0.849171        7.204383
215     Z1331461216             -9.35   0.928978        7.664528
216     Z1003966056             -9.35   0.868164        7.236779
217     Z1318123396             -9.34   0.882295        7.409775
218     Z1170450190             -9.34   0.829509        7.966017
219     Z136185566              -9.34   0.929048        7.884554
220     Z135213358              -9.33   0.941987        7.768980
221     Z1139200644             -9.33   0.954756        8.201171
222     Z1256365052             -9.32   0.635065        7.145648
223     Z1161123614             -9.32   0.628854        7.623777
224     Z1198561496             -9.32   0.925866        7.454089
225     Z1094883262             -9.31   0.894465        7.737502
226     Z1275017856             -9.31   0.797735        7.718931
227     Z109953458              -9.31   0.695105        7.040979
228     Z1333504001             -9.31   0.754360        7.713822
229     Z1348652682             -9.30   0.719194        7.505039
230     Z1187926623             -9.30   0.965120        7.804871
231     Z1254674128             -9.30   0.905228        7.804314
232     Z1154773144             -9.30   0.840205        7.071079
233     Z1053360402             -9.30   0.514244        6.858198
234     Z1118887017             -9.30   0.797206        7.679513
235     Z1157969049             -9.30   0.849349        7.621248
236     Z1268225168             -9.29   0.945788        7.738973
237     Z1268778469             -9.29   0.832954        7.809284
238     Z1222669403             -9.28   0.814824        7.324913
239     Z1102044930             -9.28   0.943505        8.357296
240     Z1014994708             -9.28   0.958177        8.061625
241     Z1094883266             -9.27   0.907242        7.519027
242     Z1345037187             -9.27   0.949585        8.093681
243     Z1338172372             -9.27   0.677963        7.840060
244     Z1132270670             -9.27   0.834526        7.454342
245     Z1314895184             -9.27   0.954764        7.779301
246     Z1262051800             -9.26   0.478628        7.069818
247     Z1227819465             -9.26   0.693112        7.654154
248     Z1086006982             -9.26   0.892419        7.830741
249     Z1269813290             -9.26   0.825213        7.652877
250     Z1129117949             -9.26   0.809504        7.360437
251     Z1372220784             -9.26   0.811779        7.845151
252     Z1172328841             -9.25   0.989493        8.296565
253     Z1236190111             -9.25   0.715009        7.284210
254     Z1282786016             -9.25   0.877571        7.153245
255     Z1171506592             -9.25   0.953496        7.625274
256     Z1139317607             -9.24   0.818975        8.156090
257     Z1210197145             -9.24   0.656378        7.662534
258     Z1168179967             -9.23   0.982455        7.902843
259     Z1243891239             -9.23   0.563635        7.013368
260     Z1023297932             -9.22   0.915793        8.174835
261     Z1231061187             -9.22   0.752475        7.425971
262     Z1456823699             -9.22   0.881688        7.352031
263     Z1173018666             -9.22   0.516992        7.857528
264     Z1344773718             -9.22   0.848453        7.769893
265     Z111777986              -9.22   0.749817        7.742793
266     Z1348222369             -9.22   0.949481        7.521408
267     Z1153338192             -9.22   0.758794        7.390912
268     Z8497675868             -9.21   0.419763        6.840647
269     Z1193295605             -9.21   0.700734        7.423689
270     Z1192519920             -9.21   0.922658        7.629285
271     Z1321188615             -9.21   0.974414        7.876074
272     Z1224676528             -9.20   0.674428        7.948310
273     Z1139706615             -9.20   0.363465        7.088777
274     Z1139485661             -9.20   0.706293        7.669157
275     Z1209686901             -9.20   0.962787        7.457063
276     Z1275019105             -9.19   0.756093        7.447897
277     Z1281829897             -9.19   0.758308        7.723106
278     Z1139434880             -9.18   0.660951        7.250680
279     Z1127292067             -9.17   0.795288        7.371463
280     Z1127895420             -9.17   0.905110        7.436243
281     Z1185874397             -9.17   0.985557        7.902502
282     Z1101522102             -9.17   0.841289        7.321525
283     Z1233502404             -9.17   0.733506        7.635034
284     Z1241147220             -9.16   0.636945        7.712073
285     Z1352708165             -9.16   0.939195        7.366784
286     Z1007674388             -9.16   0.789013        7.745555
287     Z114168910              -9.16   0.781155        7.323744
288     Z1347869027             -9.16   0.753040        7.995975
289     Z1158035468             -9.16   0.886311        7.393778
290     Z1038026394             -9.16   0.832283        8.131250
291     Z106766028              -9.15   0.883156        7.702289
292     Z1037464020             -9.15   0.870536        7.563134
293     Z1357873582             -9.15   0.710795        7.739697
294     Z1162480121             -9.14   0.889452        7.248477
295     Z1189957036             -9.14   0.988489        7.848055
296     Z1232397580             -9.14   0.850850        7.626582
297     Z1278873804             -9.14   0.475228        6.941429
298     Z1235277466             -9.14   0.899618        7.648646
299     Z1095939201             -9.14   0.756669        7.636020
300     Z1315873962             -9.13   0.656671        7.704919
301     Z1173191550             -9.13   0.945617        7.645688
302     Z1229256411             -9.13   0.983022        8.244905
303     Z1318855599             -9.13   0.804376        7.431604
304     Z1331297718             -9.12   0.859803        7.887036
305     Z1139725731             -9.12   0.605331        7.001511
306     Z103912938              -9.12   0.923432        8.058918
307     Z1127165205             -9.12   0.892756        7.674376
308     Z1185762058             -9.12   0.473792        7.529456
309     Z1102052391             -9.12   0.810694        7.479915
310     Z1151565901             -9.11   0.812331        7.529661
311     Z1139582625             -9.11   0.406459        7.378545
312     Z1118935354             -9.11   0.865020        7.589865
313     Z1209447899             -9.11   0.789466        6.800165
314     Z1218046082             -9.10   0.559925        7.335341
315     Z1333969371             -9.10   0.928237        7.990714
316     Z1207507030             -9.10   0.990448        7.908759
317     Z13602068               -9.10   0.683201        7.676203
318     Z1218141502             -9.10   0.861151        7.474196
319     Z1180337657             -9.09   0.798895        7.597441
320     Z1274531820             -9.09   0.962269        7.310986
321     Z1027848634             -9.09   0.920463        7.508774
322     Z1265232689             -9.08   0.886575        7.726741
323     Z1327732498             -9.08   0.871068        7.691103
324     Z1324578447             -9.08   0.909478        7.682630
325     Z1331023502             -9.07   0.915772        7.169341
326     Z1313200304             -9.07   0.961009        7.778073
327     Z1245841674             -9.07   0.918672        7.734328
328     Z115639166              -9.07   0.928033        7.473968
329     Z1052030630             -9.07   0.851372        7.342090
330     Z1362310863             -9.07   0.637047        7.565412
331     Z1011252324             -9.07   0.714870        7.434572
332     Z1376322716             -9.06   0.943410        7.880038
333     Z1187004450             -9.06   0.530110        7.303653
334     Z101499160              -9.06   0.930114        7.655237
335     Z1187746403             -9.06   0.955729        8.392015
336     Z1274145641             -9.06   0.922875        6.900891
337     Z1213679270             -9.05   0.456430        7.779360
338     Z1229819993             -9.05   0.652878        7.312197
339     Z131522158              -9.05   0.914447        7.543660
340     Z1171561671             -9.05   0.822519        7.773727
341     Z1088494624             -9.05   0.549500        8.109974
342     Z1278109836             -9.04   0.968787        8.032961
343     Z1183135870             -9.04   0.877547        7.344815
344     Z1262385347             -9.04   0.682859        7.303764
345     Z1255802458             -9.04   0.772142        7.707872
346     Z1278377666             -9.04   0.667345        7.670213
347     Z1347815355             -9.03   0.914421        7.659438
348     Z112629294              -9.03   0.973577        8.031209
349     Z1275189362             -9.02   0.990147        8.720158
350     Z1304208540             -9.02   0.928581        7.475653
351     Z1158200866             -9.02   0.917396        8.308376
352     Z1275189475             -9.02   0.942241        8.447770
353     Z1252758580             -9.02   0.787630        7.644184
354     Z1260135885             -9.01   0.729140        7.671651
355     Z1102711755             -9.01   0.892615        7.455347
356     Z1270412549             -9.01   0.883265        6.605803
357     Z1278043360             -9.00   0.907483        7.874805
358     Z1066816434             -9.00   0.964355        7.960008
359     Z1215191762             -9.00   0.924257        7.549480
360     Z1236592401             -8.99   0.754650        7.247315
361     Z1147362497             -8.99   0.791494        7.334303
362     Z1091942612             -8.99   0.706980        7.421979
363     Z1335066734             -8.99   0.906723        7.715338
364     Z1094885208             -8.99   0.925386        7.765862
365     Z1172218891             -8.99   0.977564        7.754313
366     Z1318850752             -8.98   0.923760        7.857581
367     Z1323778672             -8.98   0.773202        7.520116
368     Z1348446821             -8.98   0.573187        7.078543
369     Z109491488              -8.98   0.755611        7.129875
370     Z1250590760             -8.98   0.913865        7.590866
371     Z1083575542             -8.98   0.876774        7.784074
372     Z1084351892             -8.98   0.801294        7.689620
373     Z1267387004             -8.98   0.663029        7.011807
374     Z1331321544             -8.98   0.958072        7.177729
375     Z1233500777             -8.98   0.776251        7.326010
376     Z1263931118             -8.98   0.824649        7.331731
377     Z1157895724             -8.97   0.940081        7.742147
378     Z1193310304             -8.97   0.996456        8.387754
379     Z1357421721             -8.97   0.964471        7.863723
380     Z106955746              -8.97   0.633755        7.569107
381     Z1038026190             -8.97   0.762237        8.113203
382     Z1303361539             -8.96   0.630440        8.085076
383     Z1097484753             -8.96   0.955929        7.754896
384     Z1347509997             -8.96   0.727220        7.672724
385     Z1211516542             -8.96   0.854029        8.362719
386     Z1268953528             -8.96   0.773059        7.584011
387     Z1321181967             -8.95   0.981962        8.057837
388     Z1104802782             -8.95   0.896215        7.432775
389     Z1314000800             -8.95   0.557512        7.143485
390     Z1098497226             -8.95   0.538200        7.884422
391     Z1307445915             -8.95   0.652076        7.611925
392     Z1218197512             -8.95   0.582636        7.251079
393     Z1209667964             -8.95   0.977755        7.718099
394     Z1344671405             -8.95   0.574866        6.970305
395     Z1244355473             -8.94   0.981853        8.160435
396     Z1268952425             -8.94   0.938006        7.927909
397     Z101492596              -8.94   0.762874        8.155961
398     Z1313697957             -8.93   0.947704        8.174657
399     Z1213680883             -8.92   0.841005        7.661350
400     Z1271538599             -8.92   0.959878        7.480252
401     Z1023736166             -8.92   0.621328        7.347739
402     Z114985250              -8.92   0.898503        7.544231
403     Z1239008449             -8.92   0.987165        7.625436
404     Z1050861226             -8.92   0.742528        7.434316
405     Z1260278695             -8.92   0.720669        7.533544
406     Z1124128039             -8.92   0.781318        7.753848
407     Z1457054894             -8.92   0.581674        6.822030
408     Z1204083578             -8.92   0.936489        7.748298
409     Z1275190049             -8.91   0.887976        8.061442
410     Z1328608030             -8.91   0.981472        8.260916
411     Z1079665436             -8.91   0.952991        7.576541
412     Z1071340614             -8.91   0.783603        7.170138
413     Z1142758482             -8.91   0.794674        7.538669
414     Z1365823204             -8.90   0.601770        7.250527
415     Z1209466031             -8.90   0.948581        7.396114
416     Z1032598178             -8.90   0.903835        7.459775
417     Z1259181483             -8.90   0.814558        7.398640
418     Z1280164639             -8.90   0.942159        7.858648
419     Z1238996115             -8.90   0.937215        7.579443
420     Z1033336846             -8.89   0.898787        7.214499
421     Z1316667913             -8.89   0.794756        7.263226
422     Z1139494960             -8.89   0.857643        7.366899
423     Z1273113940             -8.89   0.889708        7.485722
424     Z1180098923             -8.89   0.892326        7.573718
425     Z1256782366             -8.89   0.805935        7.597579
426     Z1321282100             -8.89   0.971747        7.906027
427     Z1299432244             -8.89   0.902414        8.065678
428     Z1148430613             -8.89   0.842627        7.748516
429     Z1260259501             -8.88   0.863280        7.669839
430     Z1346202906             -8.88   0.857532        7.958152
431     Z13698141               -8.88   0.856795        7.650390
432     Z1069633394             -8.88   0.805711        7.591315
433     Z1154773617             -8.88   0.896949        7.188421
434     Z1154772084             -8.88   0.773682        6.857703
435     Z1167120545             -8.88   0.888991        7.456992
436     Z1222611416             -8.88   0.885215        7.537444
437     Z1348653829             -8.87   0.798697        7.580916
438     Z1230368213             -8.87   0.996686        8.205742
439     Z1331298335             -8.87   0.767800        7.383498
440     Z1198417893             -8.86   0.739778        7.204221
441     Z1308697189             -8.86   0.912024        7.611954
442     Z1260018334             -8.86   0.970257        7.898317
443     Z1227934264             -8.86   0.714161        7.261209
444     Z1025731800             -8.85   0.945944        7.576555
445     Z1352827396             -8.85   0.688949        6.986921
446     Z1176435714             -8.85   0.643293        7.072459
447     Z1247528755             -8.85   0.915053        7.320912
448     Z1251121499             -8.85   0.813226        7.756175
449     Z1175161555             -8.84   0.464502        7.238600
450     Z1277687971             -8.83   0.954038        7.593421
451     Z131495486              -8.83   0.497656        7.714841
452     Z103383594              -8.83   0.917149        7.521981
453     Z1265458977             -8.82   0.687185        7.489133
454     Z1360792309             -8.82   0.929706        7.609718
455     Z1139320421             -8.82   0.718371        7.982424
456     Z1204199070             -8.82   0.916744        8.006043
457     Z1104801427             -8.82   0.879550        7.523548
458     Z115154990              -8.82   0.800570        7.850761
459     Z1194488863             -8.81   0.456347        6.537272
460     Z1200556276             -8.81   0.700735        7.100782
461     Z1144304277             -8.81   0.807621        7.464956
462     Z1372330011             -8.81   0.722934        7.280539
463     Z1276846067             -8.81   0.869905        7.532887
464     Z1334095596             -8.81   0.666908        7.588625
465     Z119806714              -8.80   0.961844        7.955299
466     Z1368831800             -8.80   0.745442        7.653566
467     Z1206342925             -8.80   0.959711        7.626826
468     Z1144337581             -8.80   0.976101        8.219885
469     Z1192467865             -8.80   0.899921        7.068902
470     Z1207388557             -8.80   0.981052        7.434277
471     Z1255482068             -8.80   0.900477        7.676935
472     Z1260030296             -8.80   0.938431        7.681093
473     Z1182563071             -8.80   0.552682        7.239134
474     Z1274798059             -8.80   0.696091        6.544542
475     Z1231217772             -8.79   0.697687        7.214231
476     Z1269790310             -8.79   0.983327        7.955902
477     Z1261298258             -8.79   0.587745        7.569453
478     Z107728842              -8.79   0.859439        6.714228
479     Z1230213319             -8.79   0.916132        7.658406
480     Z1117167563             -8.79   0.763801        7.002185
481     Z1276317806             -8.79   0.760230        7.320526
482     Z126604944              -8.78   0.941540        7.934670
483     Z1309549897             -8.78   0.395792        6.829440
484     Z1339262366             -8.78   0.953225        7.673219
485     Z136484584              -8.78   0.820791        7.732287
486     Z1171675137             -8.77   0.424503        7.557552
487     Z1353085948             -8.77   0.960833        7.641460
488     Z1198381713             -8.77   0.900989        7.518296
489     Z1205127025             -8.77   0.661638        7.208945
490     Z1278750911             -8.77   0.830406        7.065038
491     Z118608034              -8.77   0.759023        7.754086
492     Z1223169788             -8.76   0.825312        7.692895
493     Z1321659457             -8.76   0.296264        6.916322
494     Z1346293371             -8.76   0.523285        7.380833
495     Z1149279059             -8.76   0.848318        7.510233
496     Z1280557447             -8.75   0.848353        7.287848
497     Z1376321886             -8.75   0.793087        7.542005
498     Z1207233784             -8.75   0.803357        7.549129
499     Z1230340209             -8.75   0.718497        6.839783
500     Z1167885627             -8.74   0.794693        7.375302
501     Z1161291600             -8.74   0.587586        7.894857
502     Z135529522              -8.74   0.897698        7.229827
503     Z1091676890             -8.74   0.850865        7.681883
504     Z4224490622             -8.74   0.585761        7.201072
505     Z1200331237             -8.74   0.933721        7.827512
506     Z1269040607             -8.74   0.907606        7.362486
507     Z1376326698             -8.74   0.888463        7.725744
508     Z1161473438             -8.74   0.912966        8.167533
509     Z135171054              -8.74   0.882357        7.705372
510     Z1313273275             -8.74   0.358193        7.175933
511     Z1135228369             -8.74   0.769604        6.956647
512     Z1331721653             -8.73   0.932232        7.022243
513     Z1118522209             -8.73   0.902126        7.114089
514     Z1169929994             -8.73   0.565197        7.737527
515     Z1066855426             -8.73   0.877005        7.446525
516     Z1273814089             -8.73   0.889428        7.981990
517     Z1264466558             -8.73   0.896498        7.361998
518     Z1082778292             -8.73   0.884107        7.709261
519     Z1127174098             -8.73   0.693618        7.338408
520     Z1002427608             -8.73   0.633485        6.972897
521     Z1230516099             -8.72   0.913534        7.748703
522     Z1269374513             -8.72   0.921477        7.818725
523     Z1348522601             -8.72   0.725513        7.837766
524     Z1218035226             -8.72   0.493343        7.208547
525     Z1212843977             -8.71   0.715934        7.357445
526     Z1225459237             -8.71   0.736689        7.317270
527     Z1341996359             -8.71   0.823622        7.628558
528     Z1331724561             -8.71   0.941890        7.939569
529     Z1037367454             -8.71   0.707656        7.242603
530     Z1230404066             -8.70   0.841883        7.454826
531     Z1339506158             -8.70   0.978385        7.702961
532     Z1254366730             -8.70   0.596281        7.458646
533     Z1345699534             -8.70   0.657849        7.549183
534     Z1369626336             -8.70   0.828327        7.645352
535     Z1342149936             -8.70   0.944299        7.950590
536     Z1198418093             -8.70   0.801143        6.893635
537     Z1143468870             -8.70   0.913163        8.046359
538     Z1306946676             -8.69   0.766144        7.468573
539     Z1230157189             -8.69   0.904914        7.344710
540     Z1315983594             -8.69   0.794285        7.862999
541     Z1295694062             -8.69   0.914748        7.102139
542     Z103860754              -8.69   0.350522        7.309667
543     Z1478421601             -8.69   0.567927        7.241065
544     Z1199583994             -8.68   0.474540        7.315044
545     Z100763084              -8.68   0.962113        8.049822
546     Z1204354413             -8.68   0.630472        7.541328
547     Z1321328644             -8.68   0.946065        7.628830
548     Z107897196              -8.68   0.826163        7.019545
549     Z112519600              -8.68   0.655909        7.328249
550     Z1324830952             -8.67   0.689624        6.608697
551     Z1132086214             -8.67   0.906016        7.164698
552     Z1129161060             -8.67   0.706303        7.123154
553     Z1272873999             -8.67   0.650438        7.486571
554     Z1225080886             -8.67   0.623592        7.283262
555     Z1210035014             -8.67   0.870354        7.418455
556     Z1083097544             -8.67   0.768270        7.066582
557     Z1213672996             -8.67   0.889743        7.928411
558     Z1223900132             -8.66   0.945001        8.139978
559     Z1186113887             -8.66   0.459361        7.148315
560     Z1272229684             -8.66   0.942172        7.408856
561     Z1259925901             -8.66   0.925501        7.640051
562     Z1334157727             -8.66   0.904436        7.307614
563     Z1039126608             -8.65   0.774224        6.942177
564     Z1154773926             -8.65   0.747618        7.020738
565     Z1268342756             -8.65   0.842674        7.197131
566     Z1264362836             -8.64   0.930708        7.653177
567     Z1259179278             -8.64   0.873148        7.316406
568     Z1230112711             -8.64   0.680656        7.394765
569     Z1161494866             -8.64   0.407116        7.271095
570     Z1274986850             -8.64   0.634434        7.448452
571     Z1359829778             -8.64   0.899479        7.476265
572     Z1319269633             -8.64   0.692771        7.304086
573     Z127185250              -8.63   0.730435        8.158323
574     Z1321300876             -8.63   0.783859        7.229693
575     Z1149859727             -8.63   0.532763        6.900338
576     Z1275998334             -8.63   0.952204        8.372353
577     Z1316854564             -8.62   0.973048        7.757239
578     Z1267342682             -8.62   0.904570        7.602221
579     Z1226982374             -8.62   0.836142        7.732506
580     Z1166569225             -8.62   0.523826        7.520225
581     Z1277193138             -8.62   0.970338        7.467294
582     Z1340712904             -8.62   0.978556        7.723145
583     Z109336830              -8.62   0.804635        7.165568
584     Z1132075340             -8.62   0.899903        7.593235
585     Z1261256566             -8.61   0.931207        7.469468
586     Z1117857374             -8.61   0.537037        7.158501
587     Z1229303492             -8.61   0.733983        6.924866
588     Z1083290438             -8.61   0.859867        7.343193
589     Z1230541128             -8.61   0.655384        7.334095
590     Z1366063550             -8.61   0.686621        7.743064
591     Z1314354691             -8.61   0.950794        7.947759
592     Z1266960110             -8.61   0.675651        7.600778
593     Z1096503837             -8.61   0.662018        7.406199
594     Z1132393199             -8.61   0.688021        7.114141
595     Z1192499493             -8.61   0.797913        6.759848
596     Z1193188389             -8.61   0.967441        7.436244
597     Z1310944538             -8.60   0.769620        7.577259
598     Z1023193128             -8.60   0.700194        6.955729
599     Z1258275350             -8.60   0.921170        7.393567
600     Z1037266628             -8.60   0.836016        7.417834
601     Z1271501896             -8.60   0.908194        7.224242
602     Z1192582420             -8.60   0.540310        7.269649
603     Z1458711416             -8.59   0.921263        7.297893
604     Z1334297246             -8.59   0.631712        7.309479
605     Z1139552514             -8.59   0.851736        8.041794
606     Z1037410956             -8.58   0.903536        7.704973
607     Z1083591706             -8.58   0.875596        8.120003
608     Z1140843389             -8.58   0.419075        7.608325
609     Z1275020238             -8.58   0.927295        7.831811
610     Z1039513570             -8.58   0.565472        7.652069
611     Z1175821707             -8.58   0.636424        7.596356
612     Z1274266613             -8.58   0.760490        7.228907
613     Z1278762346             -8.58   0.908228        7.664186
614     Z1226983363             -8.58   0.913689        7.656189
615     Z1374430896             -8.58   0.923409        7.578038
616     Z107211562              -8.57   0.952401        7.342011
617     Z1362626757             -8.57   0.850750        7.266063
618     Z1212421209             -8.57   0.659369        7.580165
619     Z905151532              -8.56   0.777692        7.374945
620     Z1143733097             -8.56   0.415790        6.929564
621     Z1375251658             -8.56   0.402923        8.069458
622     Z1001778380             -8.55   0.855366        7.345928
623     Z1273005964             -8.54   0.843728        6.770251
624     Z1240424156             -8.54   0.726677        7.833855
625     Z1130872698             -8.54   0.661658        7.539685
626     Z1027963280             -8.54   0.903583        7.526501
627     Z2518637072             -8.54   0.974477        8.020316
628     Z1067528670             -8.54   0.761024        7.114560
629     Z1165939417             -8.53   0.696001        7.439334
630     Z1204026682             -8.53   0.845988        7.184142
631     Z1299356177             -8.53   0.717578        7.572136
632     Z1129284972             -8.53   0.968611        7.310119
633     Z117546102              -8.53   0.856744        7.693374
634     Z1187010081             -8.53   0.914727        7.938293
635     Z1334122529             -8.52   0.961953        7.907285
636     Z1328622599             -8.52   0.765022        7.901396
637     Z1095005382             -8.52   0.400026        7.376573
638     Z111715454              -8.52   0.906144        7.613257
639     Z1272924471             -8.52   0.909882        8.084728
640     Z1262982953             -8.52   0.380873        7.435706
641     Z107211560              -8.52   0.975567        7.300929
642     Z1203061587             -8.52   0.855379        6.757841
643     Z108808148              -8.52   0.759090        7.165687
644     Z1134990892             -8.52   0.925034        7.129715
645     Z1376328514             -8.51   0.764735        7.431131
646     Z1274666337             -8.51   0.849494        7.774301
647     Z1238980051             -8.51   0.514275        7.411365
648     Z1240025097             -8.51   0.886413        7.791771
649     Z1316682637             -8.51   0.723932        7.192499
650     Z1269042321             -8.51   0.854906        7.907020
651     Z1198260480             -8.51   0.820990        6.825024
652     Z132733172              -8.50   0.932285        7.638931
653     Z118608566              -8.50   0.874053        7.739470
654     Z1127146918             -8.50   0.675716        6.789771
655     Z1335067271             -8.49   0.515120        6.780582
656     Z1324313944             -8.49   0.709881        7.421962
657     Z1199529770             -8.49   0.394634        7.313102
658     Z1275675773             -8.49   0.883074        7.122005
659     Z1321182090             -8.49   0.861350        7.426519
660     Z1169948706             -8.49   0.859014        7.576734
661     Z1231999372             -8.49   0.960493        7.807302
662     Z1318850809             -8.49   0.846395        7.571490
663     Z1365519811             -8.49   0.744689        6.898986
664     Z105528420              -8.48   0.886301        7.399317
665     Z1188133836             -8.48   0.669447        7.761950
666     Z1278193405             -8.48   0.959771        7.781923
667     Z1360739380             -8.48   0.708446        7.092251
668     Z1347867539             -8.48   0.860459        7.766616
669     Z1132160590             -8.47   0.536066        7.124184
670     Z1079681560             -8.47   0.671253        7.734262
671     Z1338004954             -8.47   0.500762        7.508125
672     Z1203023806             -8.47   0.713475        7.624804
673     Z1203206227             -8.47   0.750803        7.513386
674     Z1348350987             -8.47   0.970878        7.668984
675     Z1203803362             -8.47   0.551603        6.768423
676     Z1139494855             -8.46   0.488371        7.753047
677     Z1180291379             -8.46   0.484179        7.438863
678     Z1081021256             -8.46   0.865136        7.287827
679     Z1250542032             -8.46   0.980241        7.973989
680     Z123636594              -8.46   0.517002        6.856420
681     Z1278901678             -8.46   0.771570        7.332125
682     Z1032598816             -8.46   0.828136        7.639229
683     Z1196501260             -8.46   0.864177        7.218868
684     Z1212614116             -8.45   0.719737        7.235272
685     Z1071016834             -8.45   0.734550        7.344514
686     Z1376356013             -8.45   0.690704        7.575732
687     Z1222491728             -8.45   0.595386        7.386230
688     Z1176081776             -8.45   0.918578        8.016192
689     Z1244479755             -8.44   0.724667        7.523140
690     Z1250485390             -8.44   0.906914        6.890674
691     Z1333277068             -8.44   0.923445        7.961715
692     Z1264293881             -8.44   0.874030        7.558165
693     Z1188478192             -8.44   0.439475        7.031793
694     Z1192460233             -8.44   0.865590        7.484089
695     Z1130395540             -8.44   0.937152        7.135147
696     Z1131714699             -8.43   0.930923        7.527507
697     Z1182639553             -8.43   0.835125        7.946159
698     Z1139695900             -8.43   0.695174        7.458414
699     Z2518743321             -8.43   0.892475        7.840947
700     Z1332961638             -8.43   0.935511        7.501159
701     Z1032598120             -8.43   0.784085        7.242542
702     Z118595562              -8.42   0.880546        7.689126
703     Z1021055638             -8.42   0.961676        7.909402
704     Z1117857338             -8.42   0.588189        7.205503
705     Z1129286051             -8.42   0.948284        7.385665
706     Z1232328641             -8.41   0.919630        7.383932
707     Z109123574              -8.41   0.822656        7.630998
708     Z1083754670             -8.40   0.710973        8.041462
709     Z1083612444             -8.40   0.765286        7.443645
710     Z1281682749             -8.40   0.815925        7.644153
711     Z1137566094             -8.40   0.961282        8.019013
712     Z1096072609             -8.40   0.371342        7.039701
713     Z1275160318             -8.40   0.743397        7.485820
714     Z1373442003             -8.40   0.853533        7.963008
715     Z1130395496             -8.40   0.966807        7.265632
716     Z1139490726             -8.39   0.527443        7.426255
717     Z1103662563             -8.39   0.890602        7.333346
718     Z1365519243             -8.39   0.666467        6.748322
719     Z1362907565             -8.38   0.713733        7.577235
720     Z1140211828             -8.38   0.456822        7.557532
721     Z1204156419             -8.38   0.807493        7.087031
722     Z1278915953             -8.38   0.940264        7.703740
723     Z1315477058             -8.38   0.513421        6.707668
724     Z1196500805             -8.38   0.343020        6.944480
725     Z1278556858             -8.37   0.741378        7.359247
726     Z1370820779             -8.37   0.540094        7.296881
727     Z1175421864             -8.37   0.817877        7.632407
728     Z1083022616             -8.37   0.704198        7.657075
729     Z1274798174             -8.37   0.844754        6.976290
730     Z1266957330             -8.37   0.667471        7.773931
731     Z1179915204             -8.37   0.493957        7.139318
732     Z1324029904             -8.37   0.663776        7.396069
733     Z1097084367             -8.36   0.833768        6.743293
734     Z1359443479             -8.36   0.971860        7.253318
735     Z1230432804             -8.36   0.617404        7.272697
736     Z1341622538             -8.36   0.530252        7.636054
737     Z1333106757             -8.36   0.656012        7.135883
738     Z1348340036             -8.36   0.929928        7.708797
739     Z1311672745             -8.35   0.865434        7.689682
740     Z1272729396             -8.35   0.851693        7.340295
741     Z1173523741             -8.35   0.638474        7.294030
742     Z4304762705             -8.34   0.695144        6.661273
743     Z1039080880             -8.34   0.957312        8.182540
744     Z8749789850             -8.34   0.550685        7.395160
745     Z1205512473             -8.34   0.731981        7.404787
746     Z107211536              -8.34   0.964062        7.160921
747     Z1244030091             -8.34   0.803146        7.042099
748     Z1192479303             -8.34   0.713636        7.339984
749     Z1278155019             -8.34   0.961883        8.049056
750     Z1277633946             -8.33   0.920966        7.456239
751     Z1225634537             -8.33   0.738513        6.960670
752     Z1139537836             -8.33   0.385066        7.243540
753     Z1239514035             -8.33   0.896040        7.494371
754     Z1278579410             -8.33   0.910112        7.520907
755     Z1255513415             -8.33   0.710195        7.258475
756     Z1198320427             -8.32   0.827902        7.323928
757     Z1271410388             -8.31   0.675031        7.314106
758     Z1334997411             -8.31   0.768449        6.552284
759     Z1139675748             -8.31   0.566961        7.290351
760     Z1314068070             -8.31   0.740626        7.507725
761     Z1081120894             -8.31   0.929158        7.460839
762     Z1180265909             -8.31   0.834584        7.660851
763     Z1227825353             -8.31   0.929614        7.158896
764     Z1165346019             -8.31   0.770296        7.288871
765     Z1172668293             -8.31   0.968637        7.729742
766     Z106616038              -8.31   0.503161        7.136456
767     Z109131336              -8.30   0.976455        7.770391
768     Z1362598003             -8.30   0.697606        7.460681
769     Z1278426510             -8.30   0.704662        7.378345
770     Z110017006              -8.30   0.877774        7.722646
771     Z1367467205             -8.30   0.762206        7.743860
772     Z1234014227             -8.30   0.955905        7.683740
773     Z1360877231             -8.30   0.915224        7.675875
774     Z1323942746             -8.29   0.721487        7.021815
775     Z8587612165             -8.29   0.378699        7.371555
776     Z1176562138             -8.29   0.458222        7.427700
777     Z1315984404             -8.29   0.882574        8.011975
778     Z1246845104             -8.28   0.611444        7.539856
779     Z104818816              -8.28   0.372469        7.044956
780     Z1175592679             -8.28   0.938279        7.362371
781     Z1172099168             -8.28   0.859034        7.415073
782     Z1303134163             -8.28   0.409898        7.319931
783     Z1367226639             -8.28   0.851243        7.238252
784     Z1258648471             -8.28   0.775234        6.940001
785     Z1203092095             -8.28   0.758340        7.695924
786     Z1325543535             -8.27   0.837566        7.591686
787     Z1278868604             -8.27   0.811922        7.062716
788     Z1203198312             -8.27   0.971242        8.137763
789     Z1032602788             -8.27   0.463907        6.924472
790     Z1240181949             -8.27   0.713799        7.732404
791     Z1147314593             -8.27   0.961403        7.774771
792     Z1161217515             -8.27   0.709274        7.506702
793     Z1346290543             -8.27   0.897493        7.853544
794     Z6617892317             -8.26   0.348487        6.521573
795     Z1269781480             -8.26   0.731302        7.146813
796     Z1746901182             -8.26   0.782347        7.030504
797     Z1266948739             -8.26   0.775441        7.790782
798     Z1037642520             -8.26   0.438891        7.427164
799     Z1172692116             -8.25   0.964769        7.998666
800     Z1333191005             -8.25   0.949312        8.190245
801     Z1302487171             -8.25   0.913937        7.538516
802     Z1139220582             -8.24   0.504839        7.483175
803     Z1357338800             -8.24   0.937300        7.740915
804     Z1080673764             -8.24   0.894388        7.630291
805     Z1006124408             -8.24   0.833648        7.241026
806     Z1268215571             -8.24   0.918842        7.967806
807     Z4512558555             -8.24   0.812957        8.212914
808     Z1303120643             -8.23   0.576373        7.841157
809     Z1357333352             -8.23   0.780934        7.366594
810     Z1357260255             -8.23   0.649209        7.195959
811     Z1229237700             -8.23   0.936751        8.270719
812     Z798318410              -8.23   0.979485        7.854910
813     Z1339351475             -8.23   0.865446        7.338280
814     Z1084864222             -8.23   0.831746        7.675715
815     Z118599542              -8.22   0.895407        7.785198
816     Z1212707983             -8.22   0.951369        7.730219
817     Z1250836598             -8.22   0.828839        7.684853
818     Z1349073757             -8.22   0.861089        7.300559
819     Z1230804080             -8.22   0.860629        7.136714
820     Z1369506346             -8.22   0.829853        7.255229
821     Z1129773419             -8.21   0.965020        8.126274
822     Z104342126              -8.21   0.727816        6.496218
823     Z1123702049             -8.21   0.751422        6.283549
824     Z1280533654             -8.21   0.852636        7.080688
825     Z1185438555             -8.21   0.452216        7.159875
826     Z1140238659             -8.21   0.693798        7.123213
827     Z1234991475             -8.21   0.767148        7.680383
828     Z1223001152             -8.20   0.769181        7.609025
829     Z1188153795             -8.20   0.894844        6.754840
830     Z1203114310             -8.20   0.863898        7.108929
831     Z1236900692             -8.20   0.618934        7.412144
832     Z1255567282             -8.20   0.844664        7.749035
833     Z1273005172             -8.20   0.901242        7.199152
834     Z1369817707             -8.20   0.786133        6.854764
835     Z1179924696             -8.19   0.380802        7.165290
836     Z1190395527             -8.19   0.738379        7.047476
837     Z1187803488             -8.19   0.852682        7.411807
838     Z1097093548             -8.18   0.785373        6.973927
839     Z1235049846             -8.18   0.575182        7.267251
840     Z110115380              -8.18   0.783289        7.517973
841     Z1363250216             -8.18   0.551973        7.395098
842     Z1343967412             -8.18   0.596600        7.230644
843     Z1372281239             -8.17   0.672521        6.697337
844     Z1277739450             -8.17   0.424148        7.121261
845     Z115639124              -8.17   0.928440        7.319724
846     Z2737082555             -8.17   0.882942        7.602289
847     Z1359593921             -8.17   0.916653        7.652976
848     Z1224472050             -8.16   0.973278        7.398691
849     Z1116588157             -8.16   0.695300        7.527964
850     Z1049800316             -8.16   0.962040        6.989517
851     Z1103435460             -8.16   0.674257        7.141797
852     Z1196631945             -8.16   0.868429        7.776343
853     Z1224795744             -8.16   0.885095        7.728564
854     Z1170221997             -8.16   0.730719        7.614331
855     Z1239213767             -8.15   0.880305        7.640139
856     Z1167121604             -8.15   0.848374        7.854176
857     Z1264514616             -8.15   0.690234        7.148268
858     Z1352824578             -8.15   0.599043        7.524177
859     Z1317304347             -8.15   0.774388        7.545944
860     Z1141098629             -8.15   0.687757        7.794373
861     Z1208973807             -8.15   0.970634        7.402341
862     Z1330747769             -8.15   0.747598        7.093649
863     Z1141311214             -8.15   0.696167        6.764971
864     Z1456436572             -8.15   0.912313        6.893457
865     Z1376349770             -8.15   0.148330        7.205345
866     Z1190789219             -8.15   0.909552        7.039382
867     Z1282611254             -8.15   0.765010        7.087397
868     Z1316668093             -8.14   0.837296        6.991836
869     Z1327580941             -8.14   0.550695        7.578213
870     Z1145396604             -8.14   0.866086        7.811598
871     Z131480260              -8.14   0.656308        7.489108
872     Z1171642473             -8.14   0.754826        6.695078
873     Z2011488502             -8.13   0.784707        6.686801
874     Z1211797976             -8.13   0.619871        7.805358
875     Z1219786517             -8.13   0.763962        7.573099
876     Z1374876346             -8.13   0.610755        7.260383
877     Z1131817160             -8.13   0.834840        7.197038
878     Z1096614002             -8.13   0.846216        7.920694
879     Z1022206242             -8.13   0.856086        7.551020
880     Z103700270              -8.12   0.870940        7.367133
881     Z1229208492             -8.12   0.942038        7.506954
882     Z1101589544             -8.12   0.820633        7.992253
883     Z1278452783             -8.12   0.822555        7.847588
884     Z1212858053             -8.12   0.595246        7.282446
885     Z1324493107             -8.11   0.648074        6.963251
886     Z1195340398             -8.11   0.819381        7.669979
887     Z1099628717             -8.11   0.985601        7.855756
888     Z1176083698             -8.11   0.498097        7.299618
889     Z1345988034             -8.11   0.913999        7.990310
890     Z8726965157             -8.11   0.765796        7.176977
891     Z1328212844             -8.11   0.382302        7.085950
892     Z1144497203             -8.11   0.625094        7.484018
893     Z1122791830             -8.11   0.869851        7.858003
894     Z1190665376             -8.11   0.855369        6.728509
895     Z101398008              -8.10   0.381484        7.401331
896     Z1177487586             -8.10   0.655409        7.066479
897     Z111716828              -8.10   0.822709        7.806930
898     Z1023980202             -8.10   0.842766        7.661173
899     Z1317738921             -8.10   0.819727        7.100157
900     Z1321181920             -8.10   0.439565        7.002299
901     Z1098256326             -8.09   0.527205        7.699839
902     Z1123809543             -8.09   0.958468        7.951384
903     Z1348915416             -8.09   0.329162        7.203234
904     Z1238988872             -8.09   0.890042        7.637421
905     Z1236205101             -8.08   0.893488        7.148643
906     Z1270412222             -8.08   0.949947        7.139551
907     Z1141985589             -8.08   0.829803        7.381075
908     Z1203387123             -8.08   0.941932        7.707810
909     Z117188028              -8.07   0.436996        7.278432
910     Z1129187701             -8.07   0.599118        6.769780
911     Z1039060410             -8.06   0.885466        7.187703
912     Z1311009924             -8.06   0.598572        7.516868
913     Z1303609573             -8.06   0.737078        7.884154
914     Z108703242              -8.06   0.937202        8.022726
915     Z109476610              -8.06   0.380505        7.342041
916     Z1177405193             -8.05   0.655973        7.455233
917     Z111956648              -8.05   0.928965        6.977825
918     Z8661410190             -8.05   0.705633        7.654335
919     Z1269444154             -8.05   0.745556        7.213272
920     Z1229703899             -8.05   0.934972        7.683718
921     Z1038295550             -8.05   0.974235        7.929771
922     Z1139468608             -8.05   0.561673        7.825327
923     Z108641466              -8.04   0.717808        7.863205
924     Z1369587473             -8.04   0.915887        7.200005
925     Z1128764017             -8.04   0.899331        7.843717
926     Z1271862334             -8.04   0.589579        6.774231
927     Z1024863486             -8.04   0.842653        7.607922
928     Z1239779398             -8.03   0.819305        7.706326
929     Z1264054183             -8.03   0.787141        7.112401
930     Z1308697716             -8.03   0.747172        7.691950
931     Z1321325458             -8.03   0.776876        7.214687
932     Z1333192936             -8.03   0.659295        7.603857
933     Z1365787512             -8.02   0.444073        6.962598
934     Z1269252220             -8.02   0.895139        7.708708
935     Z1368708937             -8.02   0.809512        7.986029
936     Z1360387529             -8.02   0.636862        6.524392
937     Z1334320132             -8.02   0.900480        7.272844
938     Z1118943525             -8.02   0.614717        7.351556
939     Z1310168293             -8.02   0.782364        7.497607
940     Z112378766              -8.02   0.512602        7.687112
941     Z1116993849             -8.02   0.854237        7.314615
942     Z1225449278             -8.02   0.790457        7.298892
943     Z1081742516             -8.02   0.640428        6.970040
944     Z107329200              -8.02   0.647291        6.953505
945     Z1268779753             -8.01   0.637864        6.930172
946     Z1459953920             -8.01   0.494094        6.496110
947     Z1265739797             -8.01   0.791142        7.321212
948     Z1197799252             -8.01   0.775577        7.208154
949     Z1132641548             -8.01   0.872386        6.924394
950     Z1183534704             -8.01   0.547001        7.593306
951     Z1021440990             -8.00   0.738865        7.162007
952     Z109062800              -8.00   0.923404        7.621350
953     Z1218302639             -8.00   0.529809        6.644370
954     Z1155912381             -8.00   0.733950        7.796154
955     Z8761086742             -8.00   0.702253        7.451804
956     Z1055221092             -8.00   0.821952        7.392612
957     Z1171268531             -8.00   0.752852        7.612886
958     Z1193501187             -8.00   0.906700        7.961539
959     Z1142745850             -8.00   0.502671        7.127876
960     Z1458201091             -8.00   0.902526        7.216203
961     Z1193595244             -7.99   0.944941        7.237031
962     Z119698618              -7.99   0.576518        6.822096
963     Z1321354345             -7.99   0.809077        7.847123
964     Z1175807128             -7.99   0.816910        7.627950
965     Z1088438744             -7.99   0.851436        7.071218
966     Z1262100932             -7.99   0.738620        7.654494
967     Z1067884878             -7.99   0.850836        7.060653
968     Z1342135145             -7.98   0.850340        7.205558
969     Z1251677804             -7.98   0.916907        7.532423
970     Z1230734167             -7.98   0.875359        7.622689
971     Z1238996125             -7.97   0.613305        7.712367
972     Z1142060216             -7.97   0.804533        6.941552
973     Z1219122984             -7.97   0.935918        7.723572
974     Z1180090486             -7.97   0.547390        7.604213
975     Z1227787997             -7.97   0.405314        6.990352
976     Z1268728897             -7.97   0.701813        7.577505
977     Z1071043552             -7.97   0.844411        7.305371
978     Z1116831996             -7.97   0.527510        7.078685
979     Z8770785361             -7.96   0.779721        7.489449
980     Z1343582999             -7.96   0.843486        7.462944
981     Z1173778152             -7.96   0.849019        6.913799
982     Z1247354943             -7.95   0.808919        7.260729
983     Z1172922429             -7.95   0.951421        7.355299
984     Z1084796914             -7.95   0.909549        7.625643
985     Z1316698189             -7.95   0.370346        7.457286
986     Z1333965387             -7.95   0.898349        6.974650
987     Z1282296658             -7.95   0.648998        7.107138
988     Z1234274780             -7.94   0.794550        7.399817
989     Z1309352447             -7.94   0.872273        7.258953
990     Z1268952580             -7.94   0.808352        7.299691
991     Z1329681069             -7.94   0.902603        7.174974
992     Z1282640883             -7.94   0.846662        7.496182
993     Z1122753359             -7.94   0.832393        7.463846
994     Z1157953886             -7.94   0.775705        7.750430
995     Z1255533024             -7.94   0.831142        6.738723
996     Z1278176519             -7.94   0.684785        7.403948
997     Z1116538764             -7.93   0.768350        6.606452
998     Z1052626620             -7.93   0.598513        7.013635
999     Z1345738253             -7.93   0.702151        7.312033
1000    Z1159165737             -7.92   0.911815        7.482349
1001    Z1024946108             -7.92   0.490110        7.121418
1002    Z1095315056             -7.92   0.853415        7.281036
1003    Z1238842562             -7.92   0.805303        6.788477
1004    Z1318821184             -7.92   0.862251        7.233663
1005    Z1247241452             -7.92   0.910221        6.904438
1006    Z1150568924             -7.92   0.853766        7.245557
1007    Z1067702172             -7.91   0.366138        7.159340
1008    Z1155302316             -7.91   0.941478        7.623734
1009    Z1102964136             -7.91   0.710327        7.459397
1010    Z104343286              -7.91   0.565778        7.474631
1011    Z1209052819             -7.91   0.845831        7.478874
1012    Z1255879874             -7.90   0.660332        7.552063
1013    Z1272716976             -7.90   0.761284        7.251062
1014    Z102666506              -7.90   0.573888        7.975533
1015    Z1180340672             -7.89   0.784954        7.458992
1016    Z1127000860             -7.89   0.640304        7.009427
1017    Z1298695555             -7.89   0.982628        8.115000
1018    Z1325948691             -7.89   0.914878        7.823874
1019    Z1246027668             -7.89   0.740849        7.119139
1020    Z1299354572             -7.89   0.627176        7.789319
1021    Z1176215002             -7.89   0.576352        6.740649
1022    Z1311800117             -7.89   0.947638        7.087618
1023    Z8828760024             -7.89   0.903522        7.333590
1024    Z1172250175             -7.89   0.772553        7.335236
1025    Z1095147326             -7.88   0.823125        6.996837
1026    Z1254349416             -7.88   0.931570        7.491261
1027    Z1264125680             -7.88   0.602316        7.326777
1028    Z1243690816             -7.88   0.749533        6.833012
1029    Z1332808269             -7.88   0.522852        7.040202
1030    Z1238810081             -7.88   0.744363        6.963540
1031    Z1277050195             -7.88   0.812163        7.166783
1032    Z1198394314             -7.88   0.959564        7.878230
1033    Z1079507720             -7.88   0.826263        7.362988
1034    Z1269676569             -7.87   0.843833        8.077488
1035    Z1265295514             -7.87   0.932447        7.526190
1036    Z1271862516             -7.87   0.076633        6.790692
1037    Z1144300986             -7.87   0.647009        7.190716
1038    Z1334317393             -7.87   0.951807        7.429700
1039    Z134659872              -7.87   0.755754        7.890637
1040    Z1231563494             -7.86   0.618034        6.850603
1041    Z1095315518             -7.86   0.939656        7.284779
1042    Z1183503334             -7.86   0.403484        7.682328
1043    Z1361022728             -7.86   0.738886        7.886144
1044    Z102313246              -7.86   0.949147        7.938997
1045    Z1207828872             -7.86   0.357988        7.839900
1046    Z1225314449             -7.86   0.614767        7.751035
1047    Z1139472030             -7.85   0.777704        7.820921
1048    Z1251940140             -7.85   0.819077        7.889404
1049    Z1040531496             -7.85   0.763063        7.459578
1050    Z1335531633             -7.85   0.902840        7.006104
1051    Z1302524044             -7.84   0.792508        7.558355
1052    Z1126863257             -7.84   0.935416        7.859869
1053    Z1130346511             -7.84   0.641316        7.188983
1054    Z1333158349             -7.84   0.942820        7.325812
1055    Z1071033744             -7.84   0.722700        6.762154
1056    Z1175032442             -7.84   0.654652        7.562021
1057    Z1343581949             -7.84   0.572309        7.302706
1058    Z1376161128             -7.84   0.726630        7.841903
1059    Z1258713255             -7.84   0.809159        6.922850
1060    Z1352745923             -7.84   0.587674        7.543039
1061    Z1267076734             -7.83   0.810267        7.639696
1062    Z115667722              -7.83   0.746328        7.414420
1063    Z1311884548             -7.83   0.499582        7.470899
1064    Z1252263498             -7.83   0.443247        7.197356
1065    Z1238988980             -7.83   0.963917        8.120608
1066    Z1352789794             -7.83   0.380174        7.582834
1067    Z1236782521             -7.83   0.586838        7.933433
1068    Z1366510241             -7.83   0.269852        6.672765
1069    Z1159195303             -7.83   0.711483        7.555371
1070    Z1272780667             -7.83   0.759054        7.600170
1071    Z1241926744             -7.82   0.638080        7.941553
1072    Z1458326740             -7.82   0.895919        7.661106
1073    Z1229730925             -7.82   0.773310        7.619779
1074    Z109525896              -7.82   0.482692        7.690349
1075    Z1162780569             -7.82   0.681493        7.565619
1076    Z1013489874             -7.82   0.783842        6.696292
1077    Z3183406755             -7.81   0.922904        7.180999
1078    Z117701552              -7.81   0.903048        7.260216
1079    Z1347683769             -7.81   0.710635        7.000232
1080    Z1255898041             -7.81   0.565367        6.984179
1081    Z1263730452             -7.81   0.798264        6.411593
1082    Z1209881874             -7.81   0.519098        7.419702
1083    Z1306828022             -7.80   0.946886        7.670343
1084    Z1081390222             -7.80   0.769400        7.507580
1085    Z1154436421             -7.80   0.670732        7.096635
1086    Z1349137744             -7.79   0.516358        7.523499
1087    Z1139550081             -7.79   0.894083        6.773396
1088    Z1207801824             -7.79   0.753195        7.406989
1089    Z1185043593             -7.79   0.853842        7.545419
1090    Z1143667832             -7.79   0.798791        7.702311
1091    Z123605556              -7.78   0.817755        6.961224
1092    Z1321657907             -7.78   0.206609        7.319299
1093    Z1635234715             -7.78   0.665141        6.598157
1094    Z1144266974             -7.78   0.800536        7.698884
1095    Z1227908313             -7.78   0.680699        7.671437
1096    Z104652682              -7.78   0.950788        7.557581
1097    Z135621430              -7.78   0.941390        7.387257
1098    Z1126888391             -7.77   0.750740        6.912177
1099    Z1145209391             -7.77   0.860263        7.776802
1100    Z117417214              -7.77   0.784037        7.165498
1101    Z1147872870             -7.77   0.508515        7.064392
1102    Z1333182778             -7.77   0.962667        7.542403
1103    Z8755554989             -7.76   0.798553        7.262907
1104    Z1456364110             -7.76   0.824243        7.135127
1105    Z1225585433             -7.76   0.869584        6.960857
1106    Z1139494905             -7.76   0.558259        7.152437
1107    Z1052033264             -7.76   0.823567        7.312060
1108    Z1172287886             -7.76   0.901395        7.834949
1109    Z1140488287             -7.76   0.911663        7.826197
1110    Z1212249413             -7.75   0.887498        7.487164
1111    Z1103366018             -7.75   0.868721        7.030160
1112    Z1238812148             -7.75   0.701847        7.523424
1113    Z1213841220             -7.75   0.769219        7.113099
1114    Z1140969458             -7.75   0.448772        7.318522
1115    Z1148372940             -7.75   0.843084        7.346079
1116    Z1080673394             -7.75   0.802584        7.134318
1117    Z1278443143             -7.75   0.754464        6.876275
1118    Z1246228137             -7.75   0.717602        7.367460
1119    Z1251208577             -7.75   0.929716        7.356702
1120    Z1162903599             -7.75   0.849300        7.393125
1121    Z1014210710             -7.75   0.805251        7.391864
1122    Z1194491977             -7.75   0.865303        7.110203
1123    Z1334567927             -7.75   0.815659        7.636731
1124    Z1132198789             -7.74   0.915961        7.745804
1125    Z1267089955             -7.74   0.857434        7.448956
1126    Z1258819595             -7.74   0.793255        6.929703
1127    Z1117167848             -7.74   0.526490        6.735807
1128    Z1278008207             -7.74   0.573750        7.745368
1129    Z1269868926             -7.74   0.867890        7.137490
1130    Z132929168              -7.74   0.938965        7.483555
1131    Z1271212251             -7.73   0.883407        7.454302
1132    Z1301095164             -7.73   0.915131        7.650812
1133    Z1308694898             -7.73   0.746313        7.440777
1134    Z1286611171             -7.73   0.914953        6.872531
1135    Z1176770052             -7.73   0.636479        6.656064
1136    Z1225462791             -7.73   0.814083        7.390852
1137    Z109111866              -7.73   0.562677        6.997433
1138    Z1232185656             -7.72   0.814454        7.865561
1139    Z1271267956             -7.72   0.919355        8.015337
1140    Z1359603459             -7.72   0.832704        7.337234
1141    Z1275664350             -7.72   0.801876        7.018837
1142    Z1233015977             -7.72   0.754389        7.453031
1143    Z1311821008             -7.72   0.345213        6.984451
1144    Z1030255940             -7.71   0.523666        7.430460
1145    Z1270687180             -7.71   0.900172        7.174917
1146    Z1139299462             -7.71   0.717214        7.286725
1147    Z1251130092             -7.71   0.765975        7.443972
1148    Z1079081380             -7.71   0.840093        7.194083
1149    Z1271145500             -7.70   0.827534        7.872804
1150    Z1315209343             -7.70   0.853367        7.581367
1151    Z1341632478             -7.70   0.845914        7.525650
1152    Z1230777538             -7.69   0.749582        7.029640
1153    Z1227005022             -7.69   0.130261        7.039624
1154    Z1290873387             -7.69   0.714171        7.248044
1155    Z127737086              -7.69   0.478698        7.426146
1156    Z1082712202             -7.68   0.778008        7.446871
1157    Z1205579168             -7.68   0.276517        6.778557
1158    Z1273874165             -7.68   0.751303        7.009433
1159    Z1232001472             -7.68   0.724453        7.403704
1160    Z1243797332             -7.68   0.923332        7.411748
1161    Z1268214971             -7.68   0.831334        7.732958
1162    Z1155102951             -7.68   0.534190        6.861994
1163    Z1348316543             -7.68   0.668378        7.357054
1164    Z1101797224             -7.67   0.783029        6.985168
1165    Z1301095590             -7.67   0.824546        7.569728
1166    Z1172342888             -7.67   0.690842        7.609099
1167    Z1127165344             -7.67   0.771708        7.364408
1168    Z1159206041             -7.67   0.862710        7.078485
1169    Z1015410366             -7.67   0.666619        7.908796
1170    Z1169954147             -7.67   0.826554        7.415732
1171    Z1276784332             -7.67   0.575358        6.953431
1172    Z1276773248             -7.66   0.772904        7.056108
1173    Z1272183738             -7.66   0.925514        7.004087
1174    Z1310769495             -7.66   0.891268        6.742471
1175    Z1273398919             -7.66   0.815637        6.911290
1176    Z1083027258             -7.66   0.759547        6.916898
1177    Z1081911768             -7.66   0.517855        7.418370
1178    Z1173727504             -7.66   0.693363        7.584025
1179    Z1139214162             -7.65   0.423292        7.498890
1180    Z1070764348             -7.65   0.676935        7.139793
1181    Z1217982907             -7.65   0.918282        7.398908
1182    Z134375496              -7.65   0.704391        7.182070
1183    Z1368281327             -7.65   0.806612        6.938495
1184    Z1261494649             -7.65   0.948275        8.222191
1185    Z1050920236             -7.64   0.860571        7.780885
1186    Z1083119266             -7.64   0.804437        6.769236
1187    Z1263975310             -7.64   0.744545        6.792081
1188    Z1127202290             -7.64   0.873579        6.728764
1189    Z1284668982             -7.63   0.840356        7.617257
1190    Z1142609271             -7.63   0.937757        7.453264
1191    Z1127703803             -7.63   0.842526        7.006299
1192    Z1147977673             -7.63   0.866552        7.685523
1193    Z1371175697             -7.63   0.643375        7.518397
1194    Z1139197812             -7.63   0.986553        7.857188
1195    Z1369556740             -7.63   0.938103        7.158293
1196    Z1241521098             -7.63   0.869143        6.606422
1197    Z1155010144             -7.63   0.604238        7.817741
1198    Z1262408013             -7.62   0.976885        7.636698
1199    Z1211404399             -7.62   0.571833        7.974052
1200    Z1039069920             -7.62   0.973234        7.888904
1201    Z1278155216             -7.62   0.865774        7.173398
1202    Z1116582404             -7.62   0.393143        7.230670
1203    Z1172930986             -7.62   0.620270        7.351377
1204    Z2053482729             -7.62   0.385317        6.770569
1205    Z1171811525             -7.62   0.793745        7.554934
1206    Z1187020172             -7.61   0.677434        7.673134
1207    Z1273278632             -7.61   0.841045        6.851280
1208    Z1187746168             -7.61   0.541994        8.201965
1209    Z1335235765             -7.61   0.607805        7.683364
1210    Z1302523901             -7.61   0.662972        7.439569
1211    Z1217419485             -7.61   0.798287        7.688388
1212    Z1104877191             -7.61   0.797806        6.554003
1213    Z1347283001             -7.61   0.779084        7.646744
1214    Z1368987731             -7.60   0.509486        7.011843
1215    Z1068479518             -7.60   0.773799        7.106256
1216    Z1306865818             -7.60   0.601372        7.318551
1217    Z1194026195             -7.60   0.655107        7.256981
1218    Z1456514966             -7.60   0.653711        6.746801
1219    Z1341474957             -7.60   0.679988        6.916203
1220    Z1218301222             -7.60   0.795855        6.839453
1221    Z1119218707             -7.59   0.610623        7.212074
1222    Z1360174744             -7.59   0.879084        7.168314
1223    Z1274732546             -7.59   0.660697        7.375360
1224    Z1337078807             -7.59   0.887355        7.763798
1225    Z8235898587             -7.59   0.460723        7.203510
1226    Z1218225258             -7.59   0.841964        6.974360
1227    Z1129286267             -7.58   0.870204        7.030577
1228    Z1144388700             -7.58   0.399907        7.397804
1229    Z1326319211             -7.58   0.736201        7.334599
1230    Z1170602538             -7.58   0.456641        7.163582
1231    Z1286562861             -7.58   0.524946        6.931275
1232    Z1099680575             -7.58   0.932287        7.496798
1233    Z108864118              -7.58   0.781075        7.435678
1234    Z1367521260             -7.58   0.768209        7.081554
1235    Z1231675994             -7.58   0.838708        7.198528
1236    Z1182403201             -7.57   0.896043        7.119154
1237    Z115667692              -7.57   0.796277        7.629707
1238    Z8214417126             -7.57   0.634139        7.648130
1239    Z1456971291             -7.57   0.942845        6.981613
1240    Z1272620365             -7.57   0.823654        8.363387
1241    Z1139552778             -7.57   0.902186        7.966455
1242    Z1259828918             -7.56   0.523139        7.188443
1243    Z1323779250             -7.56   0.812672        7.095547
1244    Z1343990964             -7.56   0.686494        7.021175
1245    Z1340747269             -7.56   0.794693        7.686865
1246    Z1022430338             -7.56   0.807968        8.176876
1247    Z1262415817             -7.55   0.457461        7.085791
1248    Z1139313679             -7.54   0.520764        7.686684
1249    Z1303400697             -7.54   0.890518        7.662816
1250    Z118590676              -7.54   0.511888        7.101010
1251    Z1218291845             -7.54   0.843541        6.895769
1252    Z1329699703             -7.54   0.785698        7.223765
1253    Z1030634080             -7.54   0.514194        7.350515
1254    Z1167497210             -7.54   0.837659        7.558255
1255    Z1319795281             -7.54   0.936871        7.638420
1256    Z1303439250             -7.53   0.681403        7.505666
1257    Z1267372490             -7.53   0.912689        7.473090
1258    Z1328625156             -7.53   0.909558        7.683475
1259    Z1188328447             -7.53   0.407003        6.578279
1260    Z1132879271             -7.52   0.682382        7.387412
1261    Z1311060719             -7.52   0.843299        7.025120
1262    Z1268363533             -7.52   0.913100        8.118877
1263    Z1176348166             -7.51   0.428598        7.603957
1264    Z1144424767             -7.51   0.961441        7.749748
1265    Z1129284462             -7.51   0.897327        7.060470
1266    Z1117418150             -7.51   0.695068        7.465731
1267    Z1318830057             -7.50   0.802145        7.024288
1268    Z1265697203             -7.50   0.467258        7.205861
1269    Z133761414              -7.50   0.469364        7.169389
1270    Z1268932953             -7.50   0.740560        7.544924
1271    Z1264376096             -7.50   0.458734        7.071826
1272    Z1006367154             -7.49   0.784115        7.165233
1273    Z1332962917             -7.49   0.913623        7.243540
1274    Z1101577993             -7.49   0.670328        7.398310
1275    Z1261797477             -7.49   0.380619        6.698591
1276    Z1139232431             -7.49   0.671318        7.174502
1277    Z102211112              -7.49   0.570410        6.912141
1278    Z1269892488             -7.49   0.657339        6.215182
1279    Z117226796              -7.49   0.628822        6.645943
1280    Z1081918426             -7.49   0.936840        7.731977
1281    Z1124147364             -7.49   0.951892        8.512650
1282    Z1349069334             -7.48   0.528013        7.298103
1283    Z1344349838             -7.48   0.430520        7.020131
1284    Z1182638892             -7.48   0.612182        8.321384
1285    Z1254392443             -7.48   0.656164        7.311119
1286    Z1360096434             -7.47   0.855663        8.047294
1287    Z1265386233             -7.47   0.616325        6.956448
1288    Z1360657112             -7.47   0.571137        7.067888
1289    Z1249256542             -7.46   0.863426        6.813118
1290    Z1272331236             -7.46   0.726331        7.227485
1291    Z1138562356             -7.46   0.514013        6.932182
1292    Z1347747354             -7.46   0.687658        7.158722
1293    Z1368484727             -7.46   0.800857        6.958257
1294    Z1158284456             -7.46   0.423026        7.873244
1295    Z1088503354             -7.45   0.775332        7.029732
1296    Z1131094252             -7.45   0.871963        7.826318
1297    Z1321658575             -7.45   0.419453        7.379264
1298    Z1348356700             -7.45   0.913099        6.995030
1299    Z1230717751             -7.45   0.347921        7.021900
1300    Z1128360560             -7.44   0.582544        6.968565
1301    Z1371171447             -7.44   0.776726        7.590530
1302    Z105703564              -7.44   0.720685        7.555856
1303    Z1032476766             -7.44   0.713455        7.214898
1304    Z1311882910             -7.44   0.859860        7.554886
1305    Z1200491447             -7.43   0.430543        6.725214
1306    Z1257982489             -7.43   0.672608        6.745033
1307    Z1239092145             -7.43   0.854397        7.285103
1308    Z1373697546             -7.42   0.778113        7.191974
1309    Z1212699775             -7.42   0.792544        7.377117
1310    Z1155950446             -7.42   0.813322        7.486647
1311    Z1218227405             -7.41   0.636894        7.074764
1312    Z1274798799             -7.41   0.621663        6.412246
1313    Z1150985238             -7.41   0.854066        7.480796
1314    Z1359604764             -7.41   0.865128        7.847275
1315    Z1348396330             -7.40   0.975148        7.197574
1316    Z1303531353             -7.40   0.929418        7.203163
1317    Z1276778955             -7.40   0.223740        6.629078
1318    Z1024007430             -7.40   0.686682        7.730929
1319    Z1238968880             -7.40   0.445660        7.154869
1320    Z1274154156             -7.40   0.763638        7.513503
1321    Z1269286426             -7.40   0.660351        7.281957
1322    Z1120697944             -7.40   0.907502        7.975538
1323    Z1143264647             -7.40   0.363903        7.754970
1324    Z1030261558             -7.39   0.839350        7.875669
1325    Z1212983211             -7.39   0.847846        7.472905
1326    Z1078492558             -7.39   0.544270        5.926033
1327    Z1183254239             -7.38   0.603004        7.204055
1328    Z1309546777             -7.38   0.933863        7.285531
1329    Z1082780462             -7.38   0.498877        7.317913
1330    Z1333182874             -7.38   0.918361        7.532388
1331    Z1100725613             -7.38   0.881933        7.525332
1332    Z1263510187             -7.38   0.568570        6.886040
1333    Z1459952366             -7.38   0.420538        6.648441
1334    Z1212081950             -7.37   0.586290        7.740107
1335    Z1331846986             -7.37   0.461244        6.962482
1336    Z1260442506             -7.37   0.748318        7.597545
1337    Z1249263724             -7.37   0.717445        7.144755
1338    Z1352334930             -7.36   0.657812        7.266683
1339    Z1251705659             -7.36   0.437177        6.370184
1340    Z1312304439             -7.36   0.534413        7.202083
1341    Z1993793642             -7.36   0.610367        6.944302
1342    Z1171553654             -7.36   0.734984        6.979230
1343    Z1313843850             -7.36   0.671338        7.015334
1344    Z1180707395             -7.36   0.717404        7.589739
1345    Z1197806985             -7.35   0.775633        7.174253
1346    Z1457115265             -7.35   0.555012        6.492055
1347    Z1333793540             -7.35   0.690390        7.605492
1348    Z1272617165             -7.35   0.968815        7.952560
1349    Z1345814164             -7.35   0.848374        7.999925
1350    Z1258909331             -7.34   0.653938        6.653086
1351    Z1139480098             -7.33   0.728134        7.559230
1352    Z1266311323             -7.33   0.867629        7.379578
1353    Z1023229280             -7.33   0.857097        7.482386
1354    Z1177078415             -7.33   0.898746        7.171387
1355    Z1360952209             -7.33   0.689049        7.935205
1356    Z1228552174             -7.33   0.772029        7.628492
1357    Z1132121413             -7.32   0.792314        7.452973
1358    Z1299465040             -7.32   0.558879        6.787838
1359    Z8926502367             -7.32   0.755174        8.023388
1360    Z137363400              -7.31   0.671322        6.867363
1361    Z2734406819             -7.30   0.676539        6.399679
1362    Z1101758858             -7.30   0.765305        7.315207
1363    Z1230212642             -7.30   0.953991        7.347858
1364    Z1272625259             -7.30   0.876663        7.874941
1365    Z1143473617             -7.30   0.780576        6.755321
1366    Z1027933668             -7.29   0.529083        7.062879
1367    Z1124513964             -7.29   0.737193        7.511447
1368    Z1171398583             -7.29   0.654523        7.278893
1369    Z1088692992             -7.29   0.773020        7.246355
1370    Z1244599301             -7.28   0.928725        7.327740
1371    Z1003334760             -7.28   0.621947        7.183335
1372    Z1272241291             -7.28   0.892543        7.019912
1373    Z8213849704             -7.28   0.739242        6.375319
1374    Z1139230163             -7.28   0.813355        7.360121
1375    Z1296816918             -7.28   0.677181        6.965511
1376    Z1103194487             -7.28   0.404169        7.078600
1377    Z126317620              -7.28   0.309055        6.451833
1378    Z1457965240             -7.27   0.884876        8.033779
1379    Z3081273599             -7.27   0.757956        6.919754
1380    Z1289592099             -7.27   0.425647        6.921314
1381    Z6979782240             -7.27   0.680739        7.585599
1382    Z1081393520             -7.26   0.625150        7.157753
1383    Z1024451960             -7.26   0.484609        7.434593
1384    Z1366099802             -7.25   0.817512        7.275373
1385    Z1129472083             -7.25   0.787788        7.756385
1386    Z1162903652             -7.25   0.728414        6.712815
1387    Z1271573311             -7.25   0.690169        6.961216
1388    Z1029463648             -7.25   0.914571        6.515104
1389    Z1209720135             -7.25   0.862774        7.970479
1390    Z1151886701             -7.25   0.732607        7.312845
1391    Z1082729916             -7.24   0.919787        8.021012
1392    Z1360610674             -7.24   0.712493        6.472723
1393    Z1367227165             -7.24   0.899337        7.740894
1394    Z1273453411             -7.24   0.498567        7.428294
1395    Z1225244920             -7.24   0.739133        6.971363
1396    Z1205175332             -7.23   0.963117        7.604553
1397    Z1259189638             -7.23   0.908319        6.796599
1398    Z1215280310             -7.23   0.288495        6.957929
1399    Z1340750701             -7.22   0.950410        7.910623
1400    Z1172488346             -7.22   0.749983        7.147774
1401    Z1271524069             -7.22   0.510691        7.103162
1402    Z112070344              -7.22   0.751956        7.677340
1403    Z1312920060             -7.22   0.527521        6.350639
1404    Z1139455748             -7.21   0.576711        6.419688
1405    Z1270041866             -7.21   0.727982        7.163959
1406    Z1082361832             -7.20   0.828979        7.580011
1407    Z1003543642             -7.20   0.336535        7.384546
1408    Z1278889321             -7.20   0.752537        7.444356
1409    Z8958761735             -7.19   0.776807        7.322967
1410    Z1239033387             -7.19   0.807567        7.307202
1411    Z1267543573             -7.19   0.734677        7.263668
1412    Z1180754855             -7.19   0.705157        7.468004
1413    Z1277671486             -7.19   0.669022        7.329197
1414    Z1360943711             -7.19   0.595559        7.840912
1415    Z2942365529             -7.19   0.774717        7.104491
1416    Z1196414828             -7.18   0.902739        7.357366
1417    Z1260815728             -7.18   0.697525        7.582265
1418    Z1175489018             -7.18   0.859500        7.183080
1419    Z104343880              -7.18   0.982610        8.498991
1420    Z1102774934             -7.17   0.552901        6.771212
1421    Z1148763102             -7.17   0.660672        7.246570
1422    Z1304462973             -7.17   0.605736        7.472368
1423    Z131164592              -7.16   0.852972        7.186825
1424    Z1329104857             -7.16   0.730237        7.681476
1425    Z1269867725             -7.16   0.878253        7.218390
1426    Z1205585992             -7.16   0.672475        7.857712
1427    Z1101849081             -7.16   0.650190        7.088850
1428    Z1103043284             -7.16   0.559265        7.178812
1429    Z8727227816             -7.16   0.526785        7.125592
1430    Z1335635066             -7.16   0.635547        7.353450
1431    Z1250266834             -7.16   0.784414        7.640199
1432    Z1337074212             -7.16   0.732508        7.501764
1433    Z1251145075             -7.15   0.829886        7.452409
1434    Z1220020941             -7.15   0.757678        7.260318
1435    Z1276029902             -7.14   0.452897        6.917468
1436    Z2737358567             -7.14   0.695248        6.636252
1437    Z1272780299             -7.14   0.726354        7.698649
1438    Z1323578293             -7.14   0.891651        6.642273
1439    Z1272315345             -7.14   0.901091        7.302101
1440    Z1368710851             -7.14   0.629240        7.020472
1441    Z1022555336             -7.13   0.252207        7.369178
1442    Z1080380668             -7.13   0.677295        6.820774
1443    Z137961990              -7.13   0.777923        7.561694
1444    Z1022426906             -7.13   0.854644        7.775148
1445    Z1260184335             -7.13   0.535745        7.640648
1446    Z1277603354             -7.13   0.372739        7.031466
1447    Z1220605536             -7.12   0.545837        7.474712
1448    Z1139744699             -7.12   0.685075        6.839516
1449    Z1273226862             -7.12   0.927599        7.020623
1450    Z1348316551             -7.12   0.622495        7.084844
1451    Z1230302413             -7.11   0.586108        7.000478
1452    Z1128199924             -7.11   0.128871        6.480262
1453    Z1139687005             -7.10   0.500899        7.390332
1454    Z1274469058             -7.10   0.607554        7.171526
1455    Z104558488              -7.10   0.905002        8.127457
1456    Z1457277085             -7.09   0.379357        6.313623
1457    Z1457198177             -7.09   0.310547        7.039383
1458    Z1207960244             -7.09   0.961058        7.636461
1459    Z1246243897             -7.09   0.517211        7.656701
1460    Z1001361900             -7.09   0.563653        7.489888
1461    Z1229982254             -7.09   0.828724        7.704118
1462    Z1155346878             -7.08   0.767408        7.697214
1463    Z1204559871             -7.08   0.532821        6.919000
1464    Z1139323901             -7.08   0.823358        7.397210
1465    Z1167782474             -7.08   0.627565        6.597581
1466    Z1171807071             -7.07   0.465599        7.191231
1467    Z1328967681             -7.07   0.563491        6.967283
1468    Z1268892213             -7.07   0.326094        7.432670
1469    Z2737082362             -7.06   0.922758        7.275995
1470    Z1239685273             -7.05   0.629612        6.448770
1471    Z1345352770             -7.05   0.847817        7.551161
1472    Z1222686584             -7.05   0.638858        6.608230
1473    Z133864358              -7.05   0.574330        7.485635
1474    Z1190521533             -7.05   0.679414        7.460078
1475    Z1249094947             -7.05   0.793070        7.170804
1476    Z115664258              -7.05   0.635651        6.567945
1477    Z1263115351             -7.04   0.919556        6.817906
1478    Z1193384521             -7.04   0.766495        6.960258
1479    Z1190986007             -7.04   0.549114        6.912688
1480    Z1278238377             -7.04   0.792835        7.010302
1481    Z1218269227             -7.04   0.631371        6.981049
1482    Z5146235398             -7.03   0.905379        7.900799
1483    Z1182415830             -7.03   0.937381        7.975671
1484    Z1316854551             -7.03   0.826522        7.636261
1485    Z1326222263             -7.02   0.670040        7.563612
1486    Z1254220934             -7.02   0.681113        6.679394
1487    Z1265777863             -7.02   0.256444        7.298770
1488    Z1258645230             -7.02   0.766056        7.109583
1489    Z1168473822             -7.01   0.900533        6.937094
1490    Z1183868677             -7.01   0.816800        7.356813
1491    Z1118938976             -7.01   0.926161        7.356911
1492    Z1055408358             -7.01   0.449371        7.397401
1493    Z1315538426             -7.01   0.522986        7.187581
1494    Z1081429738             -7.00   0.727233        7.496494
1495    Z1155499153             -7.00   0.518261        6.447350
1496    Z1331838652             -7.00   0.534343        7.210178
1497    Z1278103872             -7.00   0.745695        7.062231
1498    Z1241454569             -7.00   0.727827        7.414828
1499    Z1182656158             -6.99   0.819255        7.253753
1500    Z1220033055             -6.98   0.635323        7.396666
1501    Z1356574187             -6.98   0.635494        7.956442
1502    Z1260532024             -6.97   0.887689        7.957051
1503    Z1130965094             -6.97   0.687287        7.933496
1504    Z1227784107             -6.97   0.627420        6.339763
1505    Z1303088324             -6.97   0.837686        7.742183
1506    Z1327785237             -6.97   0.928804        7.451500
1507    Z1272843634             -6.96   0.907393        7.812657
1508    Z1156979477             -6.96   0.838696        7.497170
1509    Z1024869308             -6.96   0.681519        7.104282
1510    Z1120932964             -6.96   0.774691        6.918929
1511    Z1015233068             -6.95   0.613990        7.166005
1512    Z1496364311             -6.95   0.928034        6.955487
1513    Z1343478942             -6.95   0.902781        6.786051
1514    Z1215291745             -6.95   0.285934        7.026069
1515    Z1370770550             -6.95   0.907532        8.323669
1516    Z1139195767             -6.94   0.515260        7.428031
1517    Z1331297439             -6.94   0.822781        6.885307
1518    Z136582930              -6.94   0.705229        7.387559
1519    Z1226981520             -6.94   0.527190        7.204803
1520    Z1126935201             -6.94   0.343314        6.874484
1521    Z1151928960             -6.94   0.646895        6.688473
1522    Z1207251712             -6.93   0.446273        6.917212
1523    Z106981758              -6.92   0.513772        6.980940
1524    Z1098395156             -6.92   0.719691        7.258369
1525    Z1082251936             -6.92   0.778678        7.251901
1526    Z1172371099             -6.92   0.133331        7.121920
1527    Z1211673750             -6.92   0.925026        6.975309
1528    Z1144428084             -6.92   0.781758        7.212008
1529    Z1254426363             -6.91   0.875439        7.409534
1530    Z1230733274             -6.91   0.470952        7.143518
1531    Z1367098639             -6.91   0.731926        7.626672
1532    Z1310762307             -6.91   0.736974        6.954976
1533    Z1196298386             -6.91   0.664210        7.763700
1534    Z1139452101             -6.90   0.613943        6.321778
1535    Z1020833716             -6.90   0.705428        6.866525
1536    Z8157041847             -6.90   0.427538        6.843754
1537    Z108791770              -6.90   0.902746        6.372180
1538    Z115059648              -6.90   0.856258        7.851295
1539    Z1368684690             -6.89   0.656387        7.026267
1540    Z2737088659             -6.89   0.848921        7.092668
1541    Z1039080018             -6.89   0.824655        7.224048
1542    Z1334419167             -6.89   0.731029        7.410139
1543    Z1230344131             -6.88   0.631779        7.244033
1544    Z1491326659             -6.87   0.668680        7.282578
1545    Z1373772830             -6.87   0.728707        7.715496
1546    Z8242377423             -6.87   0.369859        7.215384
1547    Z1212713702             -6.87   0.912205        7.334285
1548    Z131029344              -6.87   0.914222        7.294243
1549    Z1196541372             -6.87   0.876509        6.992882
1550    Z127086802              -6.86   0.644477        7.090617
1551    Z1158350851             -6.86   0.773761        7.523755
1552    Z1192400942             -6.86   0.765383        7.204248
1553    Z1449961678             -6.85   0.845408        7.077893
1554    Z1275103466             -6.84   0.637121        7.686108
1555    Z8803599128             -6.84   0.298850        5.871284
1556    Z2378094260             -6.84   0.515956        6.805920
1557    Z1359548933             -6.84   0.564595        7.412985
1558    Z106907182              -6.84   0.444441        7.897962
1559    Z1209846589             -6.82   0.760292        7.630516
1560    Z1165345960             -6.82   0.538822        6.670819
1561    Z1251689122             -6.81   0.769645        7.781584
1562    Z1014207124             -6.81   0.881815        6.978127
1563    Z1172210254             -6.81   0.705956        7.480542
1564    Z1158011145             -6.80   0.588036        7.831339
1565    Z1277016840             -6.80   0.651931        7.314580
1566    Z110112226              -6.79   0.753256        7.932783
1567    Z1224835279             -6.79   0.803105        8.211233
1568    Z1271012377             -6.79   0.923870        7.625821
1569    Z108630560              -6.79   0.899044        7.474945
1570    Z8984249260             -6.79   0.498247        6.772036
1571    Z1081118400             -6.79   0.900395        6.899632
1572    Z136344398              -6.78   0.798359        7.613137
1573    Z1153487487             -6.78   0.673195        6.583929
1574    Z1318835533             -6.78   0.550149        7.062415
1575    Z1024937820             -6.78   0.779923        7.052888
1576    Z1270412917             -6.78   0.642940        6.475372
1577    Z1331980557             -6.77   0.659202        6.831087
1578    Z1096529833             -6.77   0.770874        7.530677
1579    Z1142757904             -6.77   0.466201        7.277695
1580    Z103242246              -6.77   0.759537        7.162410
1581    Z118604204              -6.76   0.799349        7.501446
1582    Z1102953997             -6.76   0.732309        7.077527
1583    Z1031472144             -6.76   0.664108        7.283785
1584    Z1226098034             -6.75   0.663034        6.538426
1585    Z1124514838             -6.75   0.789359        7.198819
1586    Z8302699368             -6.75   0.213046        6.629684
1587    Z1127124832             -6.74   0.427918        6.710510
1588    Z1187023978             -6.74   0.600250        7.238456
1589    Z1015108122             -6.73   0.487403        7.560677
1590    Z134709846              -6.73   0.751295        7.359715
1591    Z1256712673             -6.73   0.865728        7.195436
1592    Z133809226              -6.73   0.750947        7.813964
1593    Z1039101358             -6.72   0.801580        7.037471
1594    Z1140056363             -6.72   0.922348        6.733524
1595    Z1167447374             -6.72   0.267297        6.772007
1596    Z1274798762             -6.71   0.497237        6.770008
1597    Z1231140953             -6.71   0.666597        7.120801
1598    Z132732960              -6.70   0.678605        7.540379
1599    Z117018864              -6.70   0.705947        7.821741
1600    Z1203536880             -6.70   0.478055        7.036366
1601    Z1450523140             -6.70   0.749267        6.531821
1602    Z1101932713             -6.69   0.932361        6.754908
1603    Z1272766721             -6.69   0.929125        7.774199
1604    Z2040109372             -6.69   0.489699        7.070559
1605    Z56767855               -6.69   0.683549        6.876720
1606    Z1342801592             -6.69   0.804363        7.048800
1607    Z1273878711             -6.68   0.753576        8.014016
1608    Z1198513631             -6.68   0.789248        7.164094
1609    Z1318834535             -6.68   0.762658        8.042980
1610    Z1144428517             -6.68   0.844937        7.189575
1611    Z1212153841             -6.68   0.418967        7.065787
1612    Z1200311574             -6.67   0.884746        7.486217
1613    Z1180563104             -6.67   0.478255        7.387200
1614    Z1184054851             -6.67   0.936053        7.162338
1615    Z1139254069             -6.67   0.555887        7.664275
1616    Z1276779200             -6.67   0.711258        6.667686
1617    Z1330122553             -6.67   0.727390        7.632821
1618    Z1356101686             -6.66   0.844002        6.781762
1619    Z1365745621             -6.66   0.840116        7.627143
1620    Z1039095058             -6.66   0.672243        7.346355
1621    Z1168463148             -6.66   0.538843        7.388816
1622    Z1270411638             -6.66   0.762624        6.657981
1623    Z1270930102             -6.65   0.779786        7.236199
1624    Z1251204375             -6.65   0.608193        7.291885
1625    Z1196782507             -6.65   0.680253        7.565576
1626    Z1367145419             -6.65   0.748448        7.766324
1627    Z1274223413             -6.64   0.924017        7.589164
1628    Z1008806314             -6.64   0.367241        7.035386
1629    Z1265764206             -6.63   0.303913        7.003134
1630    Z1264092048             -6.63   0.669586        7.933967
1631    Z1276784317             -6.62   0.507951        6.809241
1632    Z1226981625             -6.62   0.676317        6.904284
1633    Z1193299433             -6.60   0.956212        7.821255
1634    Z1196777194             -6.60   0.485700        7.065775
1635    Z1334999412             -6.60   0.469161        6.887438
1636    Z106504750              -6.59   0.905173        6.605859
1637    Z1101796471             -6.59   0.703814        7.456310
1638    Z1268673796             -6.58   0.754770        7.107688
1639    Z1098497997             -6.58   0.758078        7.673238
1640    Z1250611097             -6.58   0.808451        7.159378
1641    Z8213412754             -6.57   0.474746        6.407795
1642    Z1000825674             -6.57   0.169510        7.292540
1643    Z1146654212             -6.57   0.873768        7.471036
1644    Z1104754534             -6.56   0.585807        7.134953
1645    Z1262260638             -6.56   0.651849        7.431867
1646    Z1130941177             -6.56   0.692005        7.971307
1647    Z1255633956             -6.56   0.432949        6.592536
1648    Z1271284843             -6.55   0.975953        7.501400
1649    Z1127834681             -6.55   0.496381        7.151273
1650    Z1262404929             -6.55   0.176201        7.078439
1651    Z1339372386             -6.54   0.484984        6.932979
1652    Z1218232762             -6.53   0.715598        7.390104
1653    Z1272318476             -6.53   0.919216        8.047720
1654    Z108601788              -6.52   0.525832        7.077116
1655    Z1256712619             -6.52   0.689319        7.094947
1656    Z1251703983             -6.52   0.600853        6.497833
1657    Z1274873230             -6.51   0.596767        6.895080
1658    Z1050665522             -6.51   0.628719        7.564152
1659    Z1450246211             -6.50   0.958793        7.128880
1660    Z1069530356             -6.50   0.690463        7.576800
1661    Z1088210344             -6.50   0.929350        7.134315
1662    Z1022793288             -6.50   0.751763        7.510396
1663    Z1236824156             -6.48   0.574971        7.644136
1664    Z1151609042             -6.48   0.513159        7.325176
1665    Z1368901084             -6.48   0.661386        7.205415
1666    Z1378395177             -6.47   0.415199        5.951281
1667    Z1244010364             -6.47   0.874350        7.646986
1668    Z1343514588             -6.47   0.669556        7.767179
1669    Z1171328906             -6.47   0.766615        7.533119
1670    Z1220621917             -6.46   0.577262        7.392469
1671    Z1332351796             -6.46   0.464904        7.059944
1672    Z1282654090             -6.45   0.903715        7.609771
1673    Z8661360607             -6.44   0.455762        6.656469
1674    Z1263243827             -6.44   0.686989        7.391449
1675    Z1304754142             -6.44   0.611399        7.216164
1676    Z1083254532             -6.42   0.711040        6.844744
1677    Z1176895078             -6.42   0.873713        7.430824
1678    Z1172325771             -6.42   0.776108        7.494482
1679    Z135528930              -6.41   0.849781        7.307652
1680    Z1132338634             -6.41   0.894095        7.758533
1681    Z1337405167             -6.41   0.544698        7.787933
1682    Z1212713421             -6.40   0.585135        7.418389
1683    Z1491334163             -6.40   0.924059        7.162541
1684    Z1212019106             -6.39   0.832969        7.542980
1685    Z1135104512             -6.39   0.492256        6.922638
1686    Z1491221108             -6.38   0.445278        6.676496
1687    Z1272234988             -6.38   0.716432        7.399220
1688    Z1205156753             -6.38   0.488601        7.153071
1689    Z1143240818             -6.38   0.339742        6.658876
1690    Z1193309757             -6.38   0.656062        7.609818
1691    Z1212400555             -6.37   0.663851        7.670871
1692    Z1158233494             -6.37   0.423294        7.096199
1693    Z1219386806             -6.37   0.654775        7.254742
1694    Z1365858899             -6.37   0.750569        7.313059
1695    Z1270105040             -6.36   0.745603        7.019605
1696    Z1376323126             -6.36   0.482309        7.426040
1697    Z1152062158             -6.36   0.419904        7.390079
1698    Z1335937401             -6.36   0.634033        6.775142
1699    Z1154379887             -6.36   0.755211        6.876398
1700    Z1356958677             -6.36   0.648584        7.531153
1701    Z8293761572             -6.35   0.353537        6.880085
1702    Z1367098983             -6.34   0.498823        6.896455
1703    Z1118532113             -6.34   0.718290        6.730159
1704    Z1312989406             -6.33   0.253008        6.965921
1705    Z1458959189             -6.33   0.411719        6.926512
1706    Z1376318650             -6.33   0.533756        7.489485
1707    Z1165345762             -6.32   0.668711        6.419472
1708    Z1260087516             -6.32   0.790388        7.595251
1709    Z1238811983             -6.30   0.585806        7.275476
1710    Z1317593295             -6.30   0.690907        7.340869
1711    Z1171508051             -6.30   0.565419        7.231084
1712    Z106805486              -6.30   0.766727        6.985756
1713    Z1251790805             -6.30   0.605043        6.763494
1714    Z1362293729             -6.30   0.420114        6.115943
1715    Z1220657084             -6.28   0.736648        7.296082
1716    Z1256482660             -6.28   0.705711        7.426326
1717    Z1250541185             -6.28   0.482169        7.704718
1718    Z1251619494             -6.28   0.681644        7.422925
1719    Z1243993985             -6.28   0.597318        7.222310
1720    Z1363135736             -6.28   0.349602        6.620557
1721    Z1002777646             -6.27   0.534630        7.502157
1722    Z1456283855             -6.27   0.554295        6.720790
1723    Z1336480743             -6.26   0.508687        6.665407
1724    Z1252919934             -6.26   0.746185        7.269300
1725    Z1265122171             -6.24   0.776053        7.473405
1726    Z119978708              -6.23   0.915820        6.891800
1727    Z294665460              -6.23   0.292112        6.453188
1728    Z1039078654             -6.23   0.887008        7.525085
1729    Z1337405215             -6.21   0.487848        7.607532
1730    Z1037894894             -6.21   0.682227        6.755572
1731    Z1323786749             -6.20   0.248370        6.612889
1732    Z1355359918             -6.20   0.607450        6.905601
1733    Z1030600274             -6.20   0.662674        7.515230
1734    Z1095328158             -6.19   0.894666        6.374467
1735    Z1343200728             -6.19   0.505557        6.842943
1736    Z1352721275             -6.19   0.538237        7.180000
1737    Z128124130              -6.19   0.744852        8.116182
1738    Z1185045739             -6.18   0.830958        7.747407
1739    Z1193304678             -6.18   0.671621        7.271778
1740    Z1022553794             -6.17   0.201576        7.440682
1741    Z1037453586             -6.16   0.955767        7.118050
1742    Z1341875353             -6.16   0.768475        7.148870
1743    Z1243692398             -6.16   0.794036        6.629719
1744    Z105182376              -6.15   0.590605        7.670747
1745    Z2168388555             -6.15   0.774966        7.389694
1746    Z1276027680             -6.14   0.592025        7.284253
1747    Z1213728692             -6.14   0.865744        6.768239
1748    Z1140379328             -6.14   0.515954        7.656896
1749    Z1308055858             -6.12   0.653248        7.351458
1750    Z1337702339             -6.12   0.397888        7.075583
1751    Z1252752019             -6.11   0.624223        6.409389
1752    Z1328075335             -6.11   0.848919        6.943493
1753    Z1339287488             -6.11   0.704120        7.649891
1754    Z1332827092             -6.10   0.586111        7.678224
1755    Z1071042030             -6.10   0.815667        7.191996
1756    Z1124005692             -6.09   0.897531        6.975503
1757    Z1456827450             -6.09   0.672351        7.117365
1758    Z1234420302             -6.08   0.576750        6.715870
1759    Z1344037982             -6.06   0.875786        7.243798
1760    Z1036998648             -6.06   0.345665        7.428400
1761    Z1166113242             -6.06   0.670143        7.767145
1762    Z1359573031             -6.06   0.512120        6.809622
1763    Z1218077154             -6.06   0.653436        6.479196
1764    Z1231842393             -6.05   0.471720        7.438081
1765    Z1239794567             -6.03   0.575793        7.960889
1766    Z1368992962             -6.03   0.440534        7.035282
1767    Z106519932              -6.02   0.568246        7.610243
1768    Z1334317322             -6.02   0.520250        7.477301
1769    Z1247570341             -6.00   0.421716        6.737472
1770    Z103296360              -5.99   0.797403        8.227657
1771    Z1491328975             -5.99   0.512438        6.684059
1772    Z1491321964             -5.99   0.412688        6.444908
1773    Z85956534               -5.98   0.698481        7.488067
1774    Z1239907151             -5.97   0.278760        7.093017
1775    Z1319694016             -5.96   0.624637        7.340582
1776    Z4164523096             -5.95   0.282463        6.693856
1777    Z1101670802             -5.94   0.387289        7.851634
1778    Z1621658591             -5.94   0.562960        6.950356
1779    Z1304463007             -5.94   0.634232        7.044234
1780    Z1189042986             -5.93   0.804373        7.141469
1781    Z1024869172             -5.93   0.828317        6.543886
1782    Z1101998045             -5.93   0.758280        7.307663
1783    Z1372823258             -5.92   0.627485        6.710001
1784    Z1275736568             -5.91   0.937603        7.814068
1785    Z1271452436             -5.91   0.536203        7.132120
1786    Z118825044              -5.91   0.700185        6.961970
1787    Z1004126048             -5.90   0.257758        7.203490
1788    Z1175435689             -5.90   0.609761        7.723023
1789    Z109736040              -5.89   0.599330        7.517238
1790    Z1084387580             -5.87   0.500406        7.185863
1791    Z4164525650             -5.87   0.230209        7.140877
1792    Z1255624362             -5.86   0.867413        7.156880
1793    Z1264147954             -5.85   0.256534        6.995595
1794    Z109824244              -5.85   0.613209        7.389302
1795    Z1238988534             -5.84   0.388637        7.096421
1796    Z1155033213             -5.83   0.741987        6.781124
1797    Z1374995959             -5.83   0.964713        7.287754
1798    Z1040748324             -5.82   0.785005        6.389767
1799    Z1347870875             -5.82   0.617916        7.226932
1800    Z108838508              -5.80   0.782978        7.759633
1801    Z3300312636             -5.80   0.846293        7.697857
1802    Z1213681236             -5.80   0.705246        7.324263
1803    Z1185128350             -5.80   0.689292        7.308907
1804    Z1369426772             -5.79   0.785151        7.857932
1805    Z1209678512             -5.77   0.258325        6.918978
1806    Z1232901901             -5.77   0.823634        7.289152
1807    Z9184505891             -5.77   0.234226        7.044580
1808    Z1344187149             -5.77   0.387958        6.860245
1809    Z1315398540             -5.77   0.685908        7.076319
1810    Z1274254443             -5.77   0.878900        7.041231
1811    Z1020971042             -5.76   0.698994        6.943517
1812    Z1457915955             -5.75   0.677208        6.996608
1813    Z133716664              -5.75   0.458758        7.136662
1814    Z1282394449             -5.74   0.729350        7.357805
1815    Z1217500884             -5.74   0.655188        6.718531
1816    Z1241717727             -5.73   0.955593        7.802465
1817    Z1101483911             -5.72   0.497535        7.434887
1818    Z1145386084             -5.72   0.386950        6.748926
1819    Z1175874577             -5.72   0.782620        7.411544
1820    Z1266591532             -5.72   0.871398        7.452753
1821    Z1165945099             -5.71   0.907064        7.262363
1822    Z1022041460             -5.70   0.751598        7.333969
1823    Z1030047110             -5.69   0.654236        8.244127
1824    Z1255976617             -5.69   0.780292        6.729042
1825    Z1766014043             -5.69   0.799713        7.258403
1826    Z1325714825             -5.69   0.624965        7.064361
1827    Z1231566795             -5.69   0.808245        7.448211
1828    Z4442657446             -5.68   0.439748        7.234225
1829    Z1309556632             -5.68   0.292523        7.220883
1830    Z1022604886             -5.67   0.647118        7.260734
1831    Z1066025278             -5.67   0.818661        7.601562
1832    Z1352935645             -5.66   0.846844        6.865408
1833    Z1456983870             -5.65   0.574159        7.173697
1834    Z109736300              -5.65   0.784941        7.387386
1835    Z1096840958             -5.64   0.400533        7.530462
1836    Z1272318474             -5.64   0.850371        6.622231
1837    Z1274457370             -5.64   0.498593        6.951127
1838    Z1172321492             -5.63   0.767772        7.334169
1839    Z1082434568             -5.63   0.625320        7.525819
1840    Z1264846825             -5.63   0.563573        7.314292
1841    Z1177960745             -5.63   0.877504        6.803487
1842    Z8749838552             -5.63   0.494723        7.652041
1843    Z1159172722             -5.62   0.453903        6.350843
1844    Z1272300784             -5.61   0.256053        6.785489
1845    Z1309556890             -5.60   0.245594        7.098215
1846    Z1272219487             -5.59   0.844055        7.406375
1847    Z1000270702             -5.58   0.589145        7.839824
1848    Z3488525723             -5.58   0.217697        6.661337
1849    Z1129470077             -5.56   0.134829        6.496547
1850    Z1239448952             -5.56   0.851323        7.846736
1851    Z1334084865             -5.56   0.952901        6.861217
1852    Z1096199080             -5.55   0.572367        7.407026
1853    Z1456616028             -5.55   0.582755        6.696798
1854    Z1278203645             -5.54   0.441853        7.013120
1855    Z1069637376             -5.54   0.322871        7.139721
1856    Z1217955694             -5.53   0.864292        7.135168
1857    Z135321210              -5.53   0.456177        7.792686
1858    Z1118814048             -5.52   0.639594        7.516103
1859    Z1199547997             -5.51   0.762874        6.793714
1860    Z1203767678             -5.51   0.773496        6.403439
1861    Z1348354944             -5.51   0.751109        7.412210
1862    Z1132098786             -5.50   0.908855        7.345073
1863    Z1359597582             -5.50   0.500845        6.973423
1864    Z1286539045             -5.50   0.358784        7.097162
1865    Z1344360755             -5.49   0.604930        7.571094
1866    Z1272381002             -5.48   0.596413        7.197366
1867    Z1029640656             -5.47   0.495363        7.377053
1868    Z1334967800             -5.45   0.769004        7.145654
1869    Z106986290              -5.45   0.541195        7.431565
1870    Z1101574114             -5.44   0.653841        7.315040
1871    Z1127929729             -5.43   0.504486        7.435893
1872    Z1363244157             -5.42   0.501752        6.410629
1873    Z1168191535             -5.42   0.884619        7.939170
1874    Z1145149993             -5.42   0.637689        7.859998
1875    Z1175647791             -5.42   0.484697        6.946053
1876    Z1236440776             -5.40   0.483130        7.075575
1877    Z1216712695             -5.39   0.636656        6.740547
1878    Z1272319746             -5.39   0.634299        7.163400
1879    Z1007841910             -5.38   0.580663        7.451316
1880    Z1172222191             -5.38   0.882560        7.131200
1881    Z1265492154             -5.36   0.633990        7.309701
1882    Z1187839272             -5.35   0.566018        6.312477
1883    Z1369394544             -5.33   0.732430        7.769056
1884    Z1260165730             -5.32   0.813630        7.577606
1885    Z1083254742             -5.32   0.644156        6.673084
1886    Z1210284072             -5.32   0.627000        6.834507
1887    Z1251688714             -5.31   0.655550        7.806498
1888    Z1094067218             -5.31   0.596600        7.026439
1889    Z1015835320             -5.30   0.762070        7.468633
1890    Z1038532124             -5.30   0.870133        7.562356
1891    Z1317609994             -5.30   0.733428        7.081628
1892    Z4439377893             -5.29   0.135698        6.798285
1893    Z1260242990             -5.29   0.692164        7.446075
1894    Z1263210700             -5.29   0.356513        7.391309
1895    Z1265462977             -5.28   0.608900        6.769142
1896    Z1003452486             -5.28   0.532539        6.724421
1897    Z1002336518             -5.28   0.499871        7.079609
1898    Z104346748              -5.28   0.736467        7.858657
1899    Z1095394920             -5.28   0.546368        6.647846
1900    Z1270800652             -5.27   0.812641        7.299847
1901    Z1014801086             -5.27   0.862391        7.888743
1902    Z1123233291             -5.27   0.685476        7.337547
1903    Z1319029411             -5.27   0.886173        6.641397
1904    Z1449797883             -5.27   0.364051        6.472613
1905    Z1457192039             -5.27   0.556837        6.437481
1906    Z1213668555             -5.26   0.499349        7.864678
1907    Z1334112862             -5.26   0.670996        8.010115
1908    Z1334685237             -5.25   0.754976        6.370639
1909    Z1104726328             -5.24   0.917677        7.015511
1910    Z1021236836             -5.23   0.819350        6.669998
1911    Z109037770              -5.22   0.704335        7.532293
1912    Z1459912306             -5.21   0.387479        7.142002
1913    Z1101542012             -5.21   0.537081        7.258730
1914    Z1375442159             -5.20   0.606377        7.893288
1915    Z1322848624             -5.18   0.566538        7.444479
1916    Z1101154311             -5.16   0.545392        7.429283
1917    Z108636024              -5.15   0.862340        7.055058
1918    Z117698130              -5.14   0.643524        7.261252
1919    Z1101842203             -5.14   0.840925        6.990189
1920    Z1302989470             -5.11   0.703439        7.570095
1921    Z1359865631             -5.10   0.877315        7.944410
1922    Z3072156427             -5.09   0.507376        6.967305
1923    Z1070094466             -5.07   0.775952        7.532424
1924    Z100455022              -5.07   0.303459        7.144350
1925    Z109570040              -5.05   0.519514        7.499712
1926    Z1252293075             -5.05   0.544861        7.672931
1927    Z1343537377             -5.05   0.612470        6.952575
1928    Z1227867710             -5.04   0.616009        7.944843
1929    Z1491218337             -5.03   0.526382        7.111666
1930    Z1352775848             -5.01   0.716047        7.613725
1931    Z109999186              -5.00   0.583974        7.816209
1932    Z1212796723             -4.99   0.287640        7.132454
1933    Z1252294050             -4.99   0.547251        7.521421
1934    Z1180334637             -4.98   0.665203        7.679921
1935    Z1020909542             -4.98   0.668365        7.334807
1936    Z1126805248             -4.98   0.696365        7.835759
1937    Z1067559112             -4.97   0.328500        6.730446
1938    Z1095048490             -4.97   0.966913        7.493125
1939    Z1159325410             -4.96   0.509358        7.007245
1940    Z1372550322             -4.94   0.367548        7.542569
1941    Z8753297382             -4.93   0.364649        6.916051
1942    Z1359509439             -4.92   0.612438        7.387438
1943    Z1180336038             -4.92   0.730818        7.398284
1944    Z1225213374             -4.91   0.969073        7.735300
1945    Z1247431615             -4.91   0.758158        7.060683
1946    Z1173451774             -4.91   0.480026        7.557457
1947    Z1330964239             -4.90   0.779659        7.079135
1948    Z1003052272             -4.90   0.259160        7.308552
1949    Z1172032200             -4.89   0.803987        7.277967
1950    Z1329861438             -4.88   0.743466        7.910011
1951    Z1124515778             -4.87   0.532652        7.104548
1952    Z1334129834             -4.86   0.624933        7.123845
1953    Z1070219674             -4.86   0.706900        8.108225
1954    Z1175815401             -4.85   0.825609        6.893138
1955    Z1308057845             -4.84   0.591812        7.215402
1956    Z3072156445             -4.84   0.391560        6.977935
1957    Z1206319794             -4.83   0.707486        7.202896
1958    Z1265675877             -4.83   0.771096        7.275861
1959    Z103866480              -4.83   0.952029        7.300923
1960    Z1262881497             -4.83   0.856540        7.583244
1961    Z1218102072             -4.83   0.618033        7.307140
1962    Z1144422946             -4.82   0.478091        7.526648
1963    Z1145187353             -4.82   0.732748        7.045551
1964    Z1006868040             -4.82   0.400769        6.757268
1965    Z1217501731             -4.81   0.225460        7.376312
1966    Z1244596336             -4.79   0.668903        7.443574
1967    Z1321183159             -4.78   0.134278        7.201454
1968    Z1363012850             -4.77   0.314585        6.961436
1969    Z1318926484             -4.76   0.731360        7.735110
1970    Z1140021365             -4.73   0.511537        7.011810
1971    Z1022749214             -4.71   0.799869        7.998445
1972    Z1368687670             -4.70   0.560386        7.206791
1973    Z1051813472             -4.69   0.640707        7.009497
1974    Z132955234              -4.68   0.780303        7.951681
1975    Z1321409581             -4.68   0.971028        7.315640
1976    Z1228029977             -4.67   0.446711        7.207029
1977    Z1250541729             -4.67   0.781492        7.354765
1978    Z124922386              -4.66   0.682608        7.018764
1979    Z1173517878             -4.65   0.337109        7.048143
1980    Z1325543797             -4.64   0.911251        6.794285
1981    Z8765932177             -4.62   0.865460        7.518749
1982    Z1367279019             -4.62   0.565284        7.417257
1983    Z1022559350             -4.60   0.502181        7.800813
1984    Z1021955096             -4.58   0.842100        7.657945
1985    Z1231451928             -4.58   0.831667        6.582891
1986    Z1247529075             -4.54   0.870973        6.536609
1987    Z1184486872             -4.53   0.667486        6.944305
1988    Z1212732264             -4.52   0.470390        6.860421
1989    Z1069323052             -4.47   0.840329        7.519903
1990    Z1359474281             -4.47   0.690854        7.546169
1991    Z1318833773             -4.46   0.463820        7.491153
1992    Z117922628              -4.45   0.453810        6.871557
1993    Z1192085044             -4.44   0.752054        7.249971
1994    Z1250506073             -4.42   0.642298        7.830378
1995    Z1217927671             -4.42   0.866914        7.643703
1996    Z8756207600             -4.37   0.482279        7.107687
1997    Z1333155267             -4.34   0.490835        6.816923
1998    Z1095064266             -4.33   0.698749        7.811165
1999    Z1315767548             -4.32   0.620895        6.527187
2000    Z1352806185             -4.31   0.507205        6.916044
2001    Z1172023457             -4.31   0.909521        8.307172
2002    Z1297159036             -4.30   0.554800        7.523405
2003    Z117924046              -4.29   0.420540        7.075244
2004    Z1305776185             -4.29   0.675788        6.829980
2005    Z1022115714             -4.28   0.376090        7.361955
2006    Z1330965203             -4.28   0.642717        6.710614
2007    Z1067625312             -4.27   0.467879        6.658458
2008    Z1250541828             -4.26   0.764767        6.799284
2009    Z1341632621             -4.26   0.600249        7.609775
2010    Z1192155233             -4.26   0.265965        6.355756
2011    Z1218117327             -4.25   0.812520        6.751556
2012    Z1264497626             -4.23   0.536528        6.645753
2013    Z106143904              -4.22   0.819038        8.097990
2014    Z1306370427             -4.21   0.470035        7.195406
2015    Z1067852450             -4.20   0.687666        5.962884
2016    Z119966734              -4.19   0.539853        7.800272
2017    Z1315883270             -4.18   0.650976        7.013220
2018    Z1137341257             -4.16   0.648795        6.550758
2019    Z1343409710             -4.16   0.439282        6.739411
2020    Z1299734674             -4.10   0.622069        7.452579
2021    Z8757211927             -4.10   0.655150        6.624706
2022    Z1321203091             -4.10   0.265793        7.078517
2023    Z1090433770             -4.08   0.769221        7.315429
2024    Z1141173005             -4.07   0.515035        7.489092
2025    Z1079356290             -4.03   0.652994        7.106311
2026    Z1082433880             -4.00   0.288479        6.779913
2027    Z1172792804             -3.95   0.469597        7.598798
2028    Z1264092029             -3.92   0.664991        6.803960
2029    Z1376027177             -3.89   0.966199        7.225688
2030    Z106438120              -3.87   0.523941        7.373398
2031    Z1213670272             -3.86   0.772004        8.032645
2032    Z1344231344             -3.85   0.663973        7.304775
2033    Z1070193910             -3.85   0.719368        7.310917
2034    Z1271012442             -3.83   0.836881        6.929835
2035    Z136992286              -3.83   0.570352        6.440890
2036    Z1185384327             -3.76   0.799479        7.352295
2037    Z1198401036             -3.73   0.625104        7.383155
2038    Z1217488487             -3.70   0.709271        7.730085
2039    Z4449237858             -3.70   0.419050        6.204090
2040    Z1203273196             -3.65   0.884774        6.832144
2041    Z1102778729             -3.63   0.725813        7.406019
2042    Z1297059418             -3.60   0.560012        6.285359
2043    Z1276406529             -3.60   0.669870        7.401340
2044    Z1251422025             -3.58   0.815631        6.808437
2045    Z1334084081             -3.58   0.887504        7.206528
2046    Z1240519328             -3.57   0.531847        6.197217
2047    Z239608316              -3.53   0.205209        7.372025
2048    Z1212314542             -3.49   0.443637        7.170650
2049    Z1260370907             -3.47   0.415136        6.805879
2050    Z103728788              -3.42   0.440317        7.388129
2051    Z8756211874             -3.41   0.336075        7.292828
2052    Z115686764              -3.34   0.542199        7.089380
2053    Z1357116055             -3.34   0.689052        7.270554
2054    Z1262260566             -3.33   0.706906        6.856498
2055    Z1159200325             -3.31   0.587073        7.699915
2056    Z1141176505             -3.27   0.309836        7.648541
2057    Z1276410702             -3.27   0.441880        7.111904
2058    Z1082412902             -3.15   0.529822        6.941620
2059    Z1369011989             -3.15   0.511192        7.068595
2060    Z1349146214             -3.10   0.636261        6.766045
2061    Z1011620888             -3.07   0.067446        6.641441
2062    Z1006531252             -3.07   0.518375        7.574094
2063    Z109131412              -3.04   0.669218        7.133533
2064    Z109791888              -3.03   0.861082        7.646380
2065    Z1307197437             -2.96   0.436445        6.935567
2066    Z1155273137             -2.86   0.627681        7.548538
2067    Z1325638142             -2.81   0.373106        6.660485
2068    Z8464880392             -2.78   0.384383        7.235621
2069    Z1240879026             -2.75   0.617430        7.360839
2070    Z1349146205             -2.66   0.590416        6.773034
2071    Z1173678226             -2.64   0.659870        7.070066
2072    Z109830444              -2.63   0.778907        6.507433
2073    Z1276288469             -2.62   0.255533        6.398422
2074    Z1070597738             -2.55   0.631997        6.975826
2075    Z1095384392             -2.48   0.540086        7.140517
2076    Z1170725520             -2.43   0.596637        7.334396
2077    Z1255632594             -2.40   0.698960        5.845530
2078    Z111780544              -2.32   0.695303        7.320722
2079    Z1268292189             -2.15   0.662961        7.066936
2080    Z8767453327             -2.13   0.255980        7.401935
2081    Z117814104              -2.13   0.617084        7.128682
2082    Z1246763298             -2.12   0.708224        7.109770
2083    Z1491241365             -2.09   0.511037        6.733646
2084    Z1274639152             -2.09   0.928980        6.768826
2085    Z1220034174             -2.07   0.508835        7.334628
2086    Z1458458700             -2.00   0.390134        7.366982
2087    Z1269970252             -1.92   0.581655        7.618836
2088    Z3410592727             -1.81   0.676528        6.868762
2089    Z1130421160             -1.81   0.235747        7.166626
2090    Z1198259843             -1.73   0.812045        7.554659
2091    Z1218045425             -1.65   0.525683        7.018467
2092    Z1277465392             -1.51   0.735439        7.184575
2093    Z1119710445             -1.50   0.882638        8.034746
2094    Z1170278322             -1.47   0.400305        7.493772
2095    Z1343346532             -1.45   0.462489        6.448603
2096    Z1324203257             -1.43   0.463731        6.646925
2097    Z2080127897             -1.17   0.966556        4.541658
2098    Z1005761304             -1.11   0.435927        7.418636
2099    Z1007505256             -0.52   0.167924        7.061235
2100    Z1022453600             -0.20   0.546922        7.125967
2101    Z1001603724             -0.05   0.224245        6.953624
2102    Z1335858793             0.08    0.652575        6.612274
2103    Z1020950068             0.47    0.572268        7.742336
2104    Z1456827013             3.41    0.513020        7.228917
2105    Z1375416574             4.99    0.345458        7.111091
